,1,2,3,4,5,6,7,8,9,10,11,12,13,14,15,16,17,18,19,20,21,22,23,24,25,26,27,28,29,30,31,32,33,34,35,36,37,38,39,40,41,42,43,44,45,46,47,48,49,50,51,52,53,54,55,56,57,58,59,60,61,62,63,64,65,66,67,68,69,70,71,72,73,74,75,76,77,78,79,80,81,82,83,84,85,86,87,88,89,90,91,92,93,94,95,96,97,98,99,100,101,102,103,104,105,106,107,108,109,110,111,112,113,114,115,116,117,118,119,120,121,122,123,124,125,126,127,128,129,130,131,132,133,134,135,136,137,138,139,140,141,142,143,144,145,146,147,148,149,150,151,152,153,154,155,156,157,158,159,160,161,162,163,164,165,166,167,168,169,170,171,172,173,174,175,176,177,178,179,180,181,182,183,184,185,186,187,188,189,190,191,192,193,194,195,196,197,198,199,200,201,202,203,204,205,206,207,208,209,210,211,212,213,214,215,216,217,218,219,220,221,222,223,224,225,226,227,228,229,230,231,232,233,234,235,236,237,238,239,240,241,242,243,244,245,246,247,248,249,250,251,252,253,254,255,256,257,258,259,260,261,262,263,264,265,266,267,268,269,270,271,272,273,274,275,276,277,278,279,280,281,282,283,284,285,286,287,288,289,290,291,292,293,294,295,296,297,298,299,300,301,302,303,304,305,306,307,308,309,310,311,312,313,314,315,316,317,318,319,320,321,322,323,324,325,326,327,328,329,330,331,332,333,334,335,336,337,338,339,340,341,342,343,344,345,346,347,348,349,350,351,352,353,354,355,356,357,358,359,360,361,362,363,364,365,366,367,368,369,370,371,372,373,374,375,376,377,378,379,380,381,382,383,384,385,386,387,388,389,390,391,392,393,394,395,396,397,398,399,400,401,402,403,404,405,406,407,408,409,410,411,412,413,414,415,416,417,418,419,420,421,422,423,
1,0,0,0,0,0,0,0,0,0,0,0,0,0,0,0,0,0,0,0,0,0,0,0,0,0,0,0,0,0,0,0,0,0,0,0,0,0,0,0,0,0,0,0,0,0,0,0,0,0,0,0,0,0,0,0,0,0,0,0,0,0,0,0,0,0,0,0,0,0,0,0,0,0,0,0,0,0,0,0,0,0,0,0,0,0,0,0,0,0,0,0,0,0,0,0,0,0,0,0,0,0,0,0,0,0,0,0,0,0,0,0,0,0,0,0,0,0,0,0,0,0,0,0,0,0,0,0,0,0,0,0,0,0,0,0,0,0,0,0,0,0,0,0,0,0,0,0,0,0,0,0,0,0,0,0,0,0,0,0,0,0,0,0,0,0,0,0,0,0,0,0,0,0,0,0,0,0,0,0,0,0,0,0,0,0,0,0,0,0,0,0,0,0,0,0,0,0,0,0,0,0,0,0,0,0,0,0,0,0,0,0,0,0,0,0,0,0,0,0,0,0,0,0,0,0,0,0,0,0,0,0,0,0,0,0,0,0,0,0,0,0,0,0,0,0,0,0,0,0,0,0,0,0,0,0,0,0,0,0,0,0,0,0,0,0,0,0,0,0,0,0,0,0,0,0,0,0,0,0,0,0,0,0,0,0,0,0,0,0,0,0,0,0,0,0,0,0,0,0,0,0,0,0,0,0,0,0,0,0,0,0,0,0,0,0,0,0,0,0,0,0,0,0,0,0,0,0,0,0,0,0,0,0,0,0,0,0,0,0,0,0,0,0,0,0,0,0,0,0,0,0,0,0,0,0,0,0,0,0,0,0,0,0,0,0,0,0,0,0,0,0,0,0,0,0,0,0,0,0,0,0,0,0,0,0,0,0,0,0,0,0,0,0,0,0,0,0,0,0,0,0,0,0,0,0,0,0,0,0,0,0,0,0,0,0,0,0,0,0,0,0,0,0,
2,0,0,0,0,0,0,0,0,0,0,0,0,0,0,0,0,0,0,0,0,0,0,0,0,0,0,0,0,0,0,0,0,0,0,0,0,0,0,0,0,0,0,0,0,0,0,0,0,0,0,0,0,0,0,0,0,0,0,0,0,0,0,0,0,0,0,0,0,0,0,0,0,0,0,0,0,0,0,0,0,0,0,0,0,0,0,0,0,0,0,0,0,0,0,0,0,0,0,0,0,0,0,0,0,0,0,0,453.4294,504.4349,594.6613,643.4006,677.2727,753.7676,806.6447,835.9039,857.686,874.457,886.2168,892.9654,894.7028,892.7895,891.2933,890.3171,889.861,889.9248,890.5087,890.9867,890.8369,890.059,888.6533,886.6196,884.1668,881.7663,879.4265,877.1474,874.9289,872.7711,870.7346,868.9854,867.5233,866.3483,865.4606,864.7471,860.2905,851.7827,839.2236,822.6134,801.9519,782.89,768.0259,757.3598,750.8916,748.6213,748.6413,742.9507,731.462,714.1752,691.0904,662.2075,639.2289,627.876,628.1489,640.0474,663.5716,692.3813,713.5989,727.2243,733.2576,731.6988,722.8962,714.0836,705.2537,696.4066,687.5422,678.6605,670.2985,666.8685,668.3705,674.8045,686.1705,701.9413,716.1312,727.8402,737.0685,743.816,748.0826,751.3417,753.9574,755.9299,757.2591,757.9449,758.0955,756.3677,751.9497,744.8417,735.0437,722.5557,710.4437,703.5221,701.7909,705.2501,713.8997,726.5521,736.2905,742.1908,744.2532,742.4775,736.864,730.8129,726.4404,723.7463,722.7307,723.3936,725.2487,726.7517,727.8257,728.4706,728.6864,728.4731,728.3671,728.7866,729.7315,731.202,733.1979,735.535,738.1212,740.9901,744.1417,747.5759,751.2928,754.7998,757.7156,760.0402,761.7736,762.9158,763.7101,762.7864,760.0391,755.4684,749.0741,740.8564,731.8315,721.3221,709.3282,695.8499,680.887,665.1628,656.2079,654.0225,658.6064,669.9596,688.0607,704.0812,716.2032,724.4268,728.7519,729.1785,727.8607,727.6908,728.6689,730.7949,734.0689,738.4172,741.4575,742.2983,740.9395,737.3812,731.6233,724.898,717.5671,709.6307,701.0887,691.9411,682.2637,673.5786,666.407,660.749,656.6044,653.9734,652.6374,655.4588,662.4377,673.5741,688.868,707.5458,723.8445,736.8234,746.4823,752.8214,755.8406,757.8097,759.3373,760.4235,761.068,761.271,761.1416,760.0651,757.7705,754.2579,749.5273,743.5786,738.1385,735.2294,734.8511,737.0037,741.6872,748.1219,751.8716,752.4195,749.7653,743.9092,734.8511,726.1979,720.0428,716.3859,715.2271,716.5665,719.4822,727.1618,740.1378,758.4099,781.9783,810.843,836.8608,855.0197,865.3199,867.7613,862.3439,852.4469,846.2238,843.8256,845.2524,850.5042,859.5809,867.2073,871.5716,872.6738,870.5139,865.0918,858.0794,854.3378,853.8671,856.6673,862.7383,872.0101,880.1757,886.337,890.4943,892.6473,892.7961,891.8868,889.0336,884.2366,877.4957,868.8109,858.3425,848.9442,841.2916,835.3849,831.2239,828.8089,827.2691,827.1207,828.3639,830.9984,835.0244,840.2424,843.585,844.1447,841.9214,836.9153,829.1264,821.155,816.7318,815.8567,818.5298,824.7512,833.7956,840.8972,845.3551,847.1693,846.3397,842.8663,839.015,836.3812,834.965,834.7662,835.785,837.6982,838.6426,838.3693,836.8786,834.1704,830.2446,826.5357,824.253,823.3965,823.9663,825.9623,828.9191,831.8759,834.8328,837.7896,840.7464,0,0,0,0,0,0,0,0,0,0,0,0,0,0,0,0,0,0,0,
3,0,0,0,0,0,0,0,0,0,0,0,0,0,0,0,0,0,0,0,0,0,0,0,0,0,0,0,0,0,0,0,0,0,0,0,0,0,0,0,0,0,0,0,0,0,0,0,0,0,0,0,0,0,0,0,0,0,0,0,0,0,0,0,0,0,0,0,0,0,0,0,0,0,0,0,0,0,0,0,0,0,0,0,0,0,0,0,0,0,0,0,0,0,0,0,0,0,0,0,0,0,0,0,0,0,0,0,0,0,531.8623,578.6737,614.3757,692.3186,752.6132,795.2595,831.1749,859.1328,879.1333,891.1765,895.2621,893.551,892.2097,891.3297,890.9108,890.9532,891.4569,891.8639,891.7054,890.9814,889.6919,887.837,885.6046,883.4023,881.235,879.1027,877.0052,874.9429,872.9938,871.321,869.9244,868.804,867.9597,867.2828,863.2262,855.5114,844.1384,829.1072,810.418,792.9742,778.8833,768.1455,760.7607,756.7289,754.5264,747.6118,735.9131,719.4303,698.1633,672.1121,651.3557,641.0128,641.0833,651.5671,672.4645,698.0888,716.7528,728.4566,733.2001,730.9833,722.1255,713.4548,705.1084,697.0863,689.3887,682.0154,675.2087,672.4194,673.6473,678.8925,688.1549,701.0054,712.6189,722.2916,730.0236,735.8148,739.6652,742.7469,745.4426,747.7521,749.6755,751.2127,752.4286,751.8943,748.8537,743.3066,735.2533,724.6936,714.409,708.6315,707.3611,710.5979,718.3417,729.5615,738.0986,743.1027,744.5737,742.5116,736.9164,730.9551,726.6649,724.0458,723.098,723.8212,725.7313,727.3678,728.6708,729.6401,730.2759,730.5782,730.9352,731.6194,732.6307,733.9691,735.6346,737.5126,739.6882,742.2015,745.0526,748.2415,751.7682,755.0552,757.6629,759.5912,760.8401,761.4097,761.5795,759.6851,755.5999,749.3237,740.8568,730.199,719.3692,708.4435,697.4219,686.3045,675.0911,663.8454,658.322,658.5211,664.4424,676.0862,693.4342,708.7977,720.4428,728.3693,732.5774,733.067,731.8883,731.7364,732.6112,734.5127,737.4409,741.33,743.5005,742.7808,739.1708,732.6707,723.2805,712.8735,703.7053,695.7755,689.0843,683.6316,679.2625,675.262,671.8235,668.947,666.6326,664.8803,663.9927,666.7116,673.0369,682.9688,696.507,712.9806,727.3569,738.8063,747.3289,752.9247,755.5938,757.3414,758.7173,759.7214,760.3538,760.6145,760.5953,759.4347,756.8063,752.7101,747.146,740.1141,733.6099,729.8792,728.9216,730.7375,735.3267,741.8348,745.8121,746.7711,744.7117,739.6342,731.5383,723.858,718.6243,715.8374,715.4973,717.6038,721.2542,729.3183,742.2893,760.1671,782.9518,810.6433,835.711,853.5297,864.0994,867.4202,863.492,855.4318,850.3644,848.413,849.5776,853.8583,861.2549,867.4616,870.994,871.8521,870.0359,865.5453,859.7545,856.8159,856.7292,859.4947,865.1122,873.5207,880.9142,886.4689,890.1846,892.0616,892.0996,890.8914,884.5579,873.0992,856.5155,834.8065,808.3948,785.03,766.6364,753.214,744.7628,741.2829,739.9057,739.7731,740.8849,743.2412,746.842,751.509,754.4985,754.9991,753.0107,748.5333,741.5669,734.4373,730.4811,729.6985,732.0894,737.6537,745.743,752.0947,756.0818,757.7043,756.9623,753.8558,750.4112,748.0556,746.7889,746.6111,747.5223,749.2335,750.0781,749.8337,748.5004,746.0782,742.567,739.2498,737.2081,736.4421,736.9517,738.7369,741.3815,0,746.6707,749.3152,751.9598,0,0,0,0,0,0,0,0,0,0,0,0,0,0,0,0,0,0,0,
4,0,0,0,0,0,0,0,0,0,0,0,0,0,0,0,0,0,0,0,0,0,0,0,0,0,0,0,0,0,0,0,0,0,0,0,0,0,0,0,0,0,0,0,0,0,0,0,0,0,0,0,0,0,0,0,0,0,0,0,0,0,0,0,0,0,0,0,0,0,0,0,0,0,0,0,0,0,0,0,0,0,0,0,0,0,0,0,0,0,0,0,0,0,0,0,0,0,0,0,0,0,0,0,0,0,0,0,0,0,0,578.6737,614.3757,685.5482,740.0309,780.0007,834.128,871.7435,898.6797,896.9623,895.2449,893.5275,891.8101,890.0927,890.2321,890.8298,891.4277,892.0255,892.6233,892.2779,890.0387,887.7994,885.5602,883.321,881.0818,878.9968,876.9364,874.8759,872.8154,870.7549,869.2385,868.5605,867.8826,867.2047,866.5268,865.8488,848.2155,829.1862,810.157,791.1278,772.0985,760.7469,758.6129,756.4789,754.345,752.2109,750.0769,724.2291,698.0179,671.8067,645.5956,619.3844,620.1048,646.1475,672.1903,698.2332,724.2759,748.7173,739.8613,731.0053,722.1493,713.2933,704.4373,696.4857,689.1988,681.9119,674.6251,667.3382,662.2128,675.1533,688.0938,701.0342,713.9747,726.9152,733.6179,736.7713,739.9247,743.0781,746.2314,749.0541,750.2372,751.4203,752.6033,753.7864,754.9695,747.3817,736.0046,724.6277,713.2507,701.8737,695.677,706.9409,718.2048,729.4687,740.7326,751.9966,749.8117,743.3633,736.9148,730.4664,724.018,719.9911,721.8996,723.808,725.7164,727.6248,729.5333,730.0615,730.2874,730.5133,730.7392,730.9651,731.7754,733.6675,735.5595,737.4516,739.3437,741.2358,744.6086,748.1811,751.7535,755.326,758.8984,761.0778,761.267,761.4561,761.6452,761.8343,762.0234,751.9446,741.2361,730.5275,719.819,709.1104,698.074,686.6719,675.2698,663.8677,652.4656,641.155,658.5262,675.8973,693.2686,710.6398,728.0109,735.4451,734.1961,732.9471,731.6981,730.449,729.5305,733.4338,737.337,741.2402,745.1435,749.0467,744.4201,733.9789,723.5376,713.0964,702.6552,692.9532,688.4205,683.8878,679.3551,674.8223,670.2896,667.6956,666.1198,664.5441,662.9684,661.3926,663.1885,679.73,696.2715,712.813,729.3546,745.8961,751.9077,753.7545,755.6013,757.4482,759.295,760.6799,760.6573,760.6347,760.6121,760.5895,760.5669,754.8676,747.5443,740.2209,732.8975,725.5742,722.5109,729.0168,735.5228,742.0286,748.5345,755.0405,748.868,740.2542,731.6404,723.0266,714.4128,710.3163,713.9441,717.5718,721.1996,724.8273,728.4551,754.2054,782.4274,810.6495,838.8715,867.0935,879.6902,871.5734,863.4566,855.3398,847.223,839.1061,846.0584,853.6309,861.2032,868.7757,876.3481,877.311,871.4211,865.5313,859.6414,853.7516,848.1689,856.6041,865.0391,873.4741,881.9092,890.3442,893.6906,892.9058,892.1211,891.3364,890.5516,887.6952,861.775,824.0441,797.7238,777.6348,766.6364,753.214,744.7628,741.2829,739.9057,739.7731,740.8849,743.2412,746.842,751.509,754.4985,754.9991,753.0107,748.5333,741.5669,734.4373,730.4811,729.6985,732.0894,737.6537,745.743,0,0,0,0,0,0,0,0,0,0,0,0,0,0,0,0,0,0,0,0,0,0,0,746.6707,749.3152,751.9598,0,0,0,0,0,0,0,0,0,0,0,0,0,0,0,0,0,0,0,
5,0,0,0,0,0,0,0,0,0,0,0,0,0,0,0,0,0,0,0,0,0,0,0,0,0,0,0,0,0,0,0,0,0,0,0,0,0,0,0,0,0,0,0,0,0,0,0,0,0,0,0,0,0,0,0,0,0,0,0,0,0,0,0,0,0,0,0,0,0,0,0,0,0,0,0,0,0,0,0,0,0,0,0,0,0,0,0,0,0,0,0,0,0,0,0,0,0,0,0,0,0,0,0,0,0,0,0,0,0,0,0,583.2504,642.9164,693.8204,738.4656,780.4593,839.0766,899.1505,898.0454,896.9404,895.8353,894.7303,893.6252,893.6627,893.9821,894.3016,894.6211,894.9405,894.6314,893.0602,891.489,889.9178,888.3467,886.7755,885.0223,883.2402,881.4581,879.6759,877.8938,876.59,876.0234,875.4568,874.8902,874.3236,873.7571,861.7386,848.7773,835.8162,822.8549,809.8937,798.7916,789.9216,781.0515,772.1815,763.3115,754.4414,736.9905,719.4081,701.8258,684.2435,666.6611,666.542,682.8425,699.1431,715.4436,731.7441,746.8828,737.8597,728.8367,719.8137,710.7906,701.7676,696.6331,694.3565,692.0799,689.8033,687.5267,685.9304,690.0193,694.1083,698.1973,702.2863,706.3752,709.4421,711.9275,714.4128,716.8981,719.3835,722.1921,726.6041,731.0161,735.428,739.8398,744.2518,741.8366,736.4719,731.1073,725.7426,720.378,717.8245,724.7462,731.6678,738.5895,745.5111,752.4328,749.4141,743.244,737.0739,730.9038,724.7338,720.953,723.0284,725.1039,727.1793,729.2547,731.3301,733.2128,735.053,736.8934,738.7336,740.5739,741.9443,742.4446,742.9449,743.4453,743.9456,744.4459,747.163,750.1787,753.1944,756.2101,759.2259,760.2985,758.5948,756.8912,755.1876,753.4839,751.7802,734.5634,716.3951,698.2267,680.0584,661.8901,653.3409,655.5223,657.7036,659.885,662.0663,664.2888,679.3775,694.4662,709.5549,724.6437,739.7324,746.3398,745.5362,744.7325,743.9288,743.1252,742.5342,745.0457,747.5572,750.0686,752.5801,755.0916,742.8499,720.5509,698.252,675.953,653.6541,635.5912,647.1472,658.7031,670.2589,681.8148,693.3707,697.4123,697.5067,697.601,697.6954,697.7897,699.7017,709.5629,719.424,729.285,739.1462,749.0073,752.607,753.7301,754.8533,755.9764,757.0995,758.0222,758.3335,758.645,758.9563,759.2678,759.5791,751.2703,740.4954,729.7206,718.9457,708.1709,702.7878,709.5164,716.245,722.9736,729.7021,736.4308,732.8151,727.2075,721.5998,715.9922,710.3845,709.0067,714.8612,720.7157,726.5703,732.4248,738.2794,760.9485,785.4963,810.0442,834.592,859.1398,872.0359,869.4861,866.9363,864.3864,861.8365,859.2867,861.4865,863.8815,866.2766,868.6717,871.0668,871.2256,869.0656,866.9056,864.7456,862.5857,860.5969,866.4154,872.2339,878.0526,883.8711,889.6897,891.8022,890.9061,890.0101,889.114,888.2179,881.2766,811.8859,786.8993,753.5562,732.0602,729.6923,712.5507,701.9765,697.9696,696.6729,696.548,697.5948,699.8135,703.2039,707.5981,710.4131,0,0,0,0,0,0,0,0,694.5525,702.1691,708.1497,711.9038,0,0,0,0,0,0,0,0,0,0,0,0,0,0,0,0,0,0,0,0,0,703.0425,705.5326,708.0226,710.5126,712.6964,714.0891,714.6909,0,0,0,0,0,0,0,0,0,0,0,0,0,0,0,
6,0,0,0,0,0,0,0,0,0,0,0,0,0,0,0,0,0,0,0,0,0,0,0,0,0,0,0,0,0,0,0,0,0,0,0,0,0,0,0,0,0,0,0,0,0,0,0,0,0,0,0,0,0,0,0,0,0,0,0,0,0,0,0,0,0,0,0,0,0,0,0,0,0,0,0,0,0,0,0,0,0,0,0,0,0,0,0,0,0,0,0,0,0,0,0,0,0,0,0,0,0,0,0,0,0,0,0,0,0,0,0,0,573.9559,630.1005,687.9233,742.534,806.4098,899.6213,899.1285,898.6359,898.1432,897.6505,897.1578,897.0933,897.1343,897.1755,897.2166,897.2578,896.9849,896.0817,895.1786,894.2755,893.3724,892.4692,891.0478,889.544,888.0402,886.5364,885.0327,883.9415,883.4862,883.0309,882.5757,882.1205,881.6652,875.2617,868.3685,861.4753,854.5822,847.6889,836.8364,821.2303,805.6242,790.0181,774.4119,758.8058,749.752,740.7984,731.8449,722.8914,713.9379,712.9791,719.5375,726.0958,732.6542,739.2125,745.0482,735.8582,726.6681,717.478,708.288,699.098,696.7805,699.5142,702.2479,704.9816,707.7153,709.648,704.8855,700.1229,695.3604,690.5979,685.8353,685.2664,687.0837,688.901,690.7183,692.5356,695.3302,702.971,710.6118,718.2526,725.8933,733.5341,736.2915,736.9392,737.5869,738.2346,738.8823,739.972,742.5514,745.1309,747.7102,750.2897,752.8691,749.0165,743.1247,737.233,731.3412,725.4495,721.9149,724.1573,726.3998,728.6422,730.8846,733.1271,736.364,739.8186,743.2734,746.7281,750.1828,752.1132,751.2218,750.3303,749.439,748.5475,747.6561,749.7172,752.1763,754.6353,757.0943,759.5533,759.5192,755.9228,752.3264,748.7299,745.1335,741.537,717.1822,691.5541,665.926,640.298,614.6699,608.608,624.3727,640.1375,655.9023,671.6671,687.4225,700.2288,713.035,725.8413,738.6476,751.4538,757.2346,756.8763,756.5179,756.1597,755.8013,755.5378,756.6575,757.7773,758.8971,760.0168,761.1365,741.2795,707.123,672.9664,638.8098,604.6531,578.2294,605.8739,633.5183,661.1628,688.8073,716.4518,727.129,728.8934,730.658,732.4224,734.1868,736.2149,739.3956,742.5764,745.7571,748.9379,752.1187,753.3063,753.7057,754.1052,754.5046,754.9041,755.3643,756.0097,756.6551,757.3005,757.946,758.5914,747.6731,733.4467,719.2203,704.9939,690.7675,683.0648,690.0161,696.9673,703.9186,710.8699,717.8211,716.7621,714.1607,711.5593,708.9578,706.3563,707.697,715.7783,723.8597,731.941,740.0223,748.1036,767.6917,788.5653,809.4388,830.3124,851.186,864.3815,867.3987,870.4159,873.433,876.4502,879.4673,876.9144,874.1322,871.35,868.5678,865.7856,865.1401,866.7101,868.2799,869.8499,871.4197,873.0247,876.2268,879.4288,882.6309,885.833,889.0351,889.9139,888.9064,887.899,886.8916,885.8842,757.1826,736.5025,707.8838,668.9412,645.6321,655.8043,631.2242,616.4038,611.343,610.2072,610.0978,611.0148,612.9581,0,0,0,0,0,0,0,0,0,0,0,0,615.0213,620.2596,623.5478,624.8859,0,0,0,0,0,0,0,0,0,0,0,0,0,0,0,0,0,0,0,0,0,0,0,0,624.242,0,625.989,625.8234,0,0,0,0,0,0,0,0,0,0,0,0,0,0,
7,0,0,0,0,0,0,0,0,0,0,0,0,0,0,0,0,0,0,0,0,0,0,0,0,0,0,0,0,0,0,0,0,0,0,0,0,0,0,0,0,0,0,0,0,0,0,0,0,0,0,0,0,0,0,0,0,0,0,0,0,0,0,0,0,0,0,0,0,0,0,0,0,0,0,0,0,0,0,0,0,0,0,0,0,0,0,0,0,0,0,0,0,0,0,0,0,0,0,0,0,0,0,0,0,0,0,0,0,0,0,0,0,0,566.9604,642.5732,709.8192,779.7148,899.5239,899.5239,899.5239,899.5239,899.5239,899.5239,899.386,899.2141,899.0421,898.8702,898.6982,898.4401,898.0092,897.5782,897.1473,896.7164,896.2854,895.2909,894.207,893.123,892.039,890.955,890.0424,889.3938,888.7452,888.0967,887.4482,886.7996,885.244,883.6136,881.9833,880.3529,878.7226,868.8126,848.962,829.1115,809.261,789.4104,769.5599,767.033,764.7717,762.5103,760.2488,757.9874,756.1534,754.7213,753.2892,751.857,750.4249,748.6111,738.8624,729.1136,719.3649,709.6161,699.8674,699.3606,705.6466,711.9327,718.2187,724.5047,728.9573,718.0851,707.213,696.3408,685.4686,674.5964,671.3028,672.3215,673.3401,674.3588,675.3776,677.6204,685.9331,694.2458,702.5586,710.8713,719.184,726.2667,732.8179,739.3691,745.9203,752.4716,757.3546,756.6145,755.8745,755.1344,754.3943,753.6542,749.2469,743.6771,738.1072,732.5374,726.9675,723.7603,726.3439,728.9274,731.5109,734.0945,736.678,740.7649,745.1813,749.5976,754.0139,758.4302,760.6379,758.7573,756.8768,754.9962,753.1156,751.235,752.3716,753.915,755.4583,757.0015,758.5448,757.2867,752.026,746.7653,741.5046,736.2438,730.9831,703.235,674.1077,644.9803,615.853,586.7256,582.678,606.6078,630.5376,654.4673,678.3971,702.2872,713.7467,725.2062,736.6658,748.1253,759.5848,764.9984,765.129,765.2596,765.3901,765.5207,765.5633,764.3229,763.0826,761.8422,760.6018,759.3615,734.7512,694.2098,653.6683,613.127,572.5855,541.9818,580.8622,619.7425,658.6229,697.5034,736.3837,751.6973,754.6313,757.5653,760.4993,763.4334,765.0264,760.7543,756.4821,752.21,747.9379,743.6657,743.8053,745.6898,747.5742,749.4587,751.3431,752.9421,753.6713,754.4005,755.1297,755.8589,756.5881,744.3499,728.4019,712.454,696.5061,680.5582,671.4545,677.7255,683.9963,690.2672,696.538,702.8089,704.2338,704.7256,705.2173,705.7091,706.2009,710.3391,720.7125,731.0859,741.4594,751.8327,762.2061,778.5434,795.5469,812.5505,829.554,846.5576,859.3841,866.6735,873.9628,881.2523,888.5416,895.8309,889.6968,883.0104,876.3239,869.6375,862.9509,861.6151,865.8268,870.0386,874.2503,878.462,882.6091,883.804,884.9989,886.1938,887.3887,888.5836,883.1989,872.4727,827.9879,809.9709,777.4081,728.1176,701.0143,662.1799,604.8534,557.2769,0,0,0,0,0,0,0,0,0,0,0,0,0,0,0,0,0,0,0,0,0,0,488.2618,489.3096,488.8304,486.8243,484.5999,483.0786,0,0,0,0,0,0,0,0,0,0,0,0,0,0,0,0,0,0,0,0,0,0,0,0,0,0,0,0,0,0,0,0,0,0,0,0,0,0,
8,0,0,0,0,0,0,0,0,0,0,0,0,0,0,0,0,0,0,0,0,0,0,0,0,0,0,0,0,0,0,0,0,0,0,0,0,0,0,0,0,0,0,0,0,0,0,0,0,0,0,0,0,0,0,0,0,0,0,0,0,0,0,0,0,0,0,0,0,0,0,0,0,0,0,0,0,0,0,0,0,0,0,0,0,0,0,0,0,0,0,0,0,0,0,0,0,0,0,0,0,0,0,0,0,0,0,0,0,0,0,0,0,0,0,625.8585,693.549,777.6034,897.088,897.088,897.088,897.088,897.088,897.088,896.9948,896.8785,896.7622,896.6459,896.5296,896.1977,895.4327,894.6677,893.9028,893.1378,892.3729,892.1974,892.1154,892.0335,891.9515,891.8697,890.9953,888.8994,886.8034,884.7074,882.6115,880.5154,880.65,880.9681,881.2862,881.6042,881.9224,875.8075,861.9694,848.1311,834.293,820.4548,806.6165,802.9194,799.3776,795.8358,792.2939,788.7521,785.896,783.6844,781.4729,779.2614,777.0499,774.3929,762.473,750.5531,738.6333,726.7134,714.7936,711.9552,715.7917,719.6284,723.4648,727.3014,730.1194,724.4246,718.7297,713.0349,707.34,701.6451,699.3776,699.0601,698.7427,698.4254,698.108,697.5852,696.0444,694.5035,692.9627,691.4219,689.881,697.8008,709.8077,721.8146,733.8215,745.8283,755.1225,755.2732,755.4238,755.5744,755.7251,755.8757,752.0633,746.9944,741.9257,736.8568,731.788,729.2431,732.8844,736.5256,740.1669,743.8082,747.4495,750.3109,753.0015,755.692,758.3826,761.0731,762.3947,761.1821,759.9696,758.7571,757.5445,756.332,755.4385,754.588,753.7374,752.8869,752.0364,749.0721,743.0877,737.1032,731.1188,725.1344,719.15,703.4241,687.1009,670.7776,654.4543,638.131,634.1511,643.9407,653.7303,663.52,673.3096,683.1125,697.0771,711.0419,725.0065,738.9712,752.9359,759.8742,760.6728,761.4714,762.27,763.0686,763.3293,755.7426,748.1558,740.569,732.9824,725.3956,707.8127,683.4156,659.0184,634.6213,610.2241,592.6509,622.7912,652.9314,683.0716,713.2119,743.3521,755.0717,757.1149,759.1583,761.2016,763.2449,762.1342,747.2291,732.324,717.4189,702.5138,687.6087,692.3143,704.7761,717.2378,729.6995,742.1612,751.4904,751.2731,751.056,750.8387,750.6216,750.4044,742.1544,731.6065,721.0585,710.5106,699.9626,693.2408,695.1138,696.9868,698.8597,700.7326,702.6055,706.2145,710.1579,714.1011,718.0444,721.9877,729.2488,742.183,755.1173,768.0515,780.9857,793.9199,806.3082,818.6354,830.9627,843.29,855.6173,865.3235,871.5552,877.7867,884.0184,890.2501,896.4817,891.5891,886.2387,880.8883,875.5378,870.1875,868.6298,871.0044,873.379,875.7537,878.1283,880.4884,882.1843,883.8802,885.5762,887.2722,888.9681,856.6152,810.0559,787.0679,763.7443,732.7238,690.9276,662.4474,622.9502,567.2408,0,0,0,0,0,0,0,0,0,0,0,0,0,0,0,0,0,0,0,0,0,0,0,0,0,0,0,0,0,0,0,0,0,0,0,0,0,0,0,0,0,0,0,0,0,0,0,0,0,0,0,0,0,0,0,0,0,0,0,0,0,0,0,0,0,0,0,
9,0,0,0,0,0,0,0,0,0,0,0,0,0,0,0,0,0,0,0,0,0,0,0,0,0,0,0,0,0,0,0,0,0,0,0,0,0,0,0,0,0,0,0,0,0,0,0,0,0,0,0,0,0,0,0,0,0,0,0,0,0,0,0,0,0,0,0,0,0,0,0,0,0,0,0,0,0,0,0,0,0,0,0,0,0,0,0,0,0,0,0,0,0,0,0,0,0,0,0,0,0,0,0,0,0,0,0,0,0,0,0,0,0,0,612.4906,683.1915,775.4919,894.6521,894.6521,894.6521,894.6521,894.6521,894.6521,894.6035,894.5429,894.4823,894.4217,894.3611,893.9552,892.8563,891.7573,890.6583,889.5593,888.4603,889.1038,890.0239,890.944,891.8642,892.7843,891.9483,888.4048,884.8615,881.3181,877.7747,874.2313,876.056,878.3226,880.5891,882.8557,885.1222,882.8025,874.9766,867.1508,859.325,851.4991,843.6733,838.8057,833.9835,829.1613,824.3391,819.5169,815.6385,812.6476,809.6567,806.6658,803.6749,800.1747,786.0837,771.9927,757.9017,743.8107,729.7197,724.5498,725.9369,727.324,728.711,730.0981,731.2816,730.7641,730.2465,729.7289,729.2113,728.6938,727.4523,725.7988,724.1453,722.4919,720.8384,717.5501,706.1557,694.7613,683.3669,671.9725,660.5781,669.335,686.7974,704.26,721.7225,739.1851,752.8904,753.9318,754.9731,756.0145,757.0558,758.0972,754.8796,750.3118,745.744,741.1762,736.6085,734.7259,739.4249,744.1239,748.8229,753.5219,758.2209,759.8569,760.8217,761.7864,762.7512,763.716,764.1514,763.6069,763.0624,762.5179,761.9734,761.429,758.5052,755.2609,752.0166,748.7723,745.528,740.8575,734.1494,727.4412,720.733,714.0249,707.3168,703.6132,700.0941,696.5748,693.0555,689.5363,685.6242,681.2736,676.9232,672.5726,668.2221,663.9378,680.4077,696.8774,713.3472,729.817,746.2869,754.7499,756.2166,757.6833,759.1499,760.6165,761.0952,747.1622,733.2291,719.2959,705.3629,691.4297,680.8743,672.6214,664.3685,656.1157,647.8627,643.3201,664.7202,686.1203,707.5203,728.9203,750.3204,758.446,759.5986,760.7512,761.9038,763.0565,759.2419,733.7039,708.1659,682.6279,657.0898,631.5518,640.8233,663.8623,686.9013,709.9403,732.9794,750.0386,748.875,747.7114,746.5478,745.3842,744.2207,739.9589,734.811,729.663,724.515,719.367,715.0271,712.5021,709.9772,707.4521,704.9272,702.4022,708.1953,715.5901,722.985,730.3798,737.7746,748.1586,763.6536,779.1486,794.6436,810.1387,825.6337,834.073,841.7241,849.375,857.0261,864.677,871.2629,876.4368,881.6108,886.7847,891.9586,897.1324,893.4813,889.467,885.4527,881.4384,877.4241,875.6445,876.182,876.7195,877.2571,877.7946,878.3677,880.5647,882.7617,884.9586,887.1556,889.3525,757.7924,737.7684,709.0672,680.7018,654.7606,633.4254,600.825,551.1253,476.4621,0,0,0,0,516.1369,0,0,0,0,0,0,0,0,0,0,0,0,0,0,0,0,0,0,0,0,0,0,0,0,0,0,0,0,0,0,0,0,0,0,0,0,0,0,0,0,0,0,0,0,0,0,0,0,0,0,0,0,0,0,0,0,0,0,0,0,0,0,
10,0,0,0,0,0,0,0,0,0,0,0,0,0,0,0,0,0,0,0,0,0,0,0,0,0,0,0,0,0,0,0,0,0,0,0,0,0,0,0,0,0,0,0,0,0,0,0,0,0,0,0,0,0,0,0,0,0,0,0,0,0,0,0,0,0,0,0,0,0,0,0,0,0,0,0,0,0,0,0,0,0,0,0,0,0,0,0,0,0,0,0,0,0,0,0,0,0,0,0,0,0,0,0,0,0,0,0,0,0,0,0,0,0,0,0,682.5654,773.3805,892.2162,892.2162,892.2162,892.2162,892.2162,892.2162,892.2123,892.2073,892.2024,892.1974,892.1925,891.7128,890.2798,888.8467,887.4138,885.9807,884.5477,886.0102,887.9324,889.8546,891.7767,893.6989,892.9012,887.9103,882.9196,877.9288,872.938,867.9471,871.462,875.677,879.892,884.107,888.322,889.7975,887.9839,886.1705,884.357,882.5435,880.73,874.6921,868.5895,862.4868,856.3842,850.2816,845.3811,841.6108,837.8405,834.0702,830.2999,825.9565,809.6943,793.4323,777.1701,760.908,744.6458,737.1444,736.082,735.0197,733.9572,732.8948,732.4438,737.1036,741.7633,746.423,751.0827,755.7425,755.527,752.5374,749.5479,746.5583,743.5688,737.515,716.267,695.019,673.771,652.5231,631.2751,640.8691,663.7872,686.7054,709.6236,732.5418,750.6583,752.5903,754.5225,756.4545,758.3866,760.3187,757.6959,753.6292,749.5624,745.4956,741.4288,740.2087,745.9654,751.7222,757.4789,763.2356,768.9923,769.4028,768.6418,767.8809,767.1199,766.3589,765.9082,766.0317,766.1553,766.2788,766.4023,766.5259,761.5721,755.9339,750.2958,744.6577,739.0195,732.6429,725.211,717.7792,710.3473,702.9155,695.4836,703.8024,713.0872,722.372,731.6569,740.9417,737.0973,718.6066,700.1159,681.6253,663.1346,644.7631,663.7381,682.713,701.6879,720.6629,739.6379,749.6257,751.7604,753.8951,756.0297,758.1644,758.8612,738.5817,718.3022,698.0228,677.7433,657.4639,653.9359,661.8273,669.7186,677.61,685.5013,693.9893,706.6492,719.3091,731.969,744.6288,757.2888,761.8204,762.0823,762.3441,762.606,762.8679,756.3497,720.1788,684.0078,647.8368,611.6658,575.4948,589.3323,622.9486,656.5649,690.1812,723.7974,748.5869,746.4768,744.3669,742.2569,740.1469,738.0369,737.7635,738.0155,738.2675,738.5195,738.7715,736.8133,729.8904,722.9676,716.0447,709.1218,702.1989,710.176,721.0224,731.8688,742.7151,753.5615,767.0682,785.1241,803.18,821.2358,839.2916,857.3475,861.8379,864.8126,867.7873,870.762,873.7368,877.2023,881.3185,885.4347,889.5508,893.6671,897.7833,895.3736,892.6953,890.0171,887.3388,884.6606,882.6592,881.3596,880.0601,878.7604,877.4609,876.2471,878.9451,832.4292,828.8643,817.4832,787.7422,727.5709,698.4637,654.5389,604.3416,559.3481,528.9249,491.9979,450.4508,399.1126,347.7744,420.8615,450.4079,0,0,512.6544,510.6733,511.0643,512.5276,514.4518,516.3445,517.61,0,0,0,0,0,0,0,0,0,0,0,0,0,0,0,0,0,0,0,0,0,0,0,0,0,0,0,0,0,0,0,0,0,0,0,0,0,0,0,0,0,0,0,0,0,0,0,0,0,0,0,0,0,0,0,
11,0,0,0,0,0,0,0,0,0,0,0,0,0,0,0,0,0,0,0,0,0,0,0,0,0,0,0,0,0,0,0,0,0,0,0,0,0,0,0,0,0,0,0,0,0,0,0,0,0,0,0,0,0,0,0,0,0,0,0,0,0,0,0,0,0,0,0,0,0,0,0,0,0,0,0,0,0,0,0,0,0,0,0,0,0,0,0,0,0,0,0,0,0,0,0,0,0,0,0,0,0,0,0,0,0,0,0,0,0,0,0,0,0,0,0,682.584,774.8766,892.9919,889.4916,885.9914,882.4911,878.9909,875.4906,876.9131,879.551,882.1888,884.8267,887.4646,888.6885,887.0737,885.4588,883.844,882.2291,880.6143,882.3912,884.7067,887.0223,889.3378,891.6533,890.1654,882.814,875.4627,868.1114,860.76,853.4087,857.6068,862.7557,867.9046,873.0535,878.2024,881.4903,882.544,883.5977,884.6513,885.705,886.7587,882.1011,877.3559,872.6107,867.8655,863.1204,859.1035,855.7714,852.4391,849.107,845.7748,841.7357,822.9981,804.2605,785.5229,766.7853,748.0477,735.9513,728.7363,721.5212,714.3062,707.0911,701.4109,708.5594,715.7078,722.8562,730.0046,737.1531,738.9285,737.6465,736.3646,735.0827,733.8008,730.5026,717.2067,703.9108,690.6148,677.3189,664.0231,671.8553,688.8152,705.7752,722.7352,739.6951,753.1767,754.9342,756.6917,758.4492,760.2067,761.9642,760.1035,757.0958,754.0881,751.0804,748.0727,747.2056,751.5851,755.9646,760.3441,764.7235,769.103,768.9739,767.8568,766.7397,765.6227,764.5056,763.3463,762.1087,760.8711,759.6336,758.3961,757.1584,751.2746,744.7645,738.2545,731.7443,725.2343,720.6783,718.9145,717.1508,715.3869,713.6231,711.8594,718.3741,725.3967,732.4194,739.442,746.4645,741.841,724.2258,706.6105,688.9954,671.3801,653.8785,672.0106,690.1426,708.2747,726.4067,744.5387,753.6237,754.8031,755.9825,757.1619,758.3413,758.4106,742.2855,726.1605,710.0355,693.9103,677.7853,675.5567,682.8013,690.0458,697.2903,704.5349,711.7189,718.4794,725.2399,732.0004,738.7609,745.5214,749.7986,752.7715,755.7444,758.7173,761.6902,758.8738,730.7379,702.602,674.4661,646.3302,618.1943,628.1478,653.1661,678.1843,703.2026,728.2208,746.8165,745.84,744.8635,743.887,742.9105,741.934,742.5221,743.5578,744.5935,745.6292,746.6649,745.4257,739.0762,732.7268,726.3774,720.028,713.6785,718.7723,726.0697,733.3671,740.6645,747.9619,759.7438,779.1937,798.6436,818.0935,837.5434,856.9933,861.3416,864.0027,866.6638,869.325,871.986,873.9236,874.9022,875.8809,876.8594,877.838,878.8167,869.1858,859.1183,849.051,838.9835,828.9161,824.2189,825.0898,825.9606,826.8315,827.7023,827.8299,789.4915,788.1218,784.6971,779.9363,762.6528,692.3544,659.8682,608.9343,559.5593,480.4357,505.6364,506.6287,471.0484,438.9515,414.778,426.4808,442.4261,458.9956,468.6769,492.6573,511.7143,512.0537,513.4988,515.3761,517.2025,518.4115,518.4653,0,0,0,0,0,0,0,0,0,0,0,0,0,0,0,0,0,0,0,0,0,0,0,0,0,0,0,0,0,0,0,0,0,0,0,0,0,0,0,0,0,0,0,0,0,0,0,0,0,0,0,0,0,0,
12,0,0,0,0,0,0,0,0,0,0,0,0,0,0,0,0,0,0,0,0,0,0,0,0,0,0,0,0,0,0,0,0,0,0,0,0,0,0,0,0,0,0,0,0,0,0,0,0,0,0,0,0,0,0,0,0,0,0,0,0,0,0,0,0,0,0,0,0,0,0,0,0,0,0,0,0,0,0,0,0,0,0,0,0,0,0,0,0,0,0,0,0,0,0,0,0,0,0,0,0,0,0,0,0,0,0,0,0,0,0,0,0,0,0,0,0,776.7242,894.0803,886.7389,879.3974,872.056,864.7144,857.373,860.3565,865.8892,871.4219,876.9547,882.4874,885.5881,883.8063,882.0244,880.2426,878.4607,876.6789,878.7212,881.3707,884.0202,886.6697,889.3193,887.0703,877.2695,867.4686,857.6678,847.867,838.0662,842.8495,848.8334,854.8174,860.8013,866.7852,871.6925,875.3069,878.9214,882.5359,886.1504,889.7649,886.736,883.6052,880.4745,877.3438,874.2131,871.2654,868.49,865.7145,862.939,860.1635,856.5406,835.2979,814.0551,792.8124,771.5696,750.3268,733.4151,719.6868,705.9583,692.2299,678.5015,667.2419,676.6171,685.9923,695.3675,704.7427,714.1179,717.9781,718.7004,719.4226,720.1448,720.867,720.8622,717.2529,713.6436,710.0342,706.4248,702.8156,708.6329,718.5228,728.4126,738.3026,748.1924,756.1579,757.637,759.1161,760.5953,762.0745,763.5536,762.4714,760.577,758.6827,756.7884,754.8941,754.3499,757.115,759.8801,762.6451,765.4102,768.1752,767.5733,766.2335,764.8938,763.554,762.2142,760.3636,757.5673,754.771,751.9747,749.1783,746.3821,739.6753,732.4415,725.2077,717.9739,710.7402,708.3484,712.8754,717.4023,721.9291,726.4561,730.983,734.347,737.6397,740.9325,744.2252,747.5179,742.0328,726.7557,711.4786,696.2015,680.9244,665.7499,682.7128,699.6757,716.6387,733.6017,750.5646,758.5103,758.5763,758.6423,758.7083,758.7744,758.1338,747.186,736.2382,725.2905,714.3427,703.3949,701.9078,706.8698,711.8319,716.794,721.7561,726.2397,727.3776,728.5154,729.6533,730.791,731.9289,736.2772,742.312,748.3467,754.3814,760.4161,761.9255,743.6432,725.3608,707.0784,688.7961,670.5137,675.7602,690.3126,704.8649,719.4172,733.9695,745.0152,745.3748,745.7344,746.0939,746.4536,746.8131,747.9581,749.3278,750.6976,752.0673,753.437,752.7547,747.463,742.1713,736.8796,731.5879,726.2962,728.0131,731.0795,734.146,737.2125,740.2789,749.8636,770.594,791.3243,812.0546,832.785,853.5153,858.0924,860.8648,863.6373,866.4097,869.1822,869.747,867.3854,865.0239,862.6622,860.3007,857.9391,840.2627,821.9561,803.6495,785.343,767.0364,759.4025,762.8341,766.2658,769.6974,773.1291,774.903,739.6446,732.9564,721.4564,719.0026,722.7524,644.6498,0,0,0,0,0,0,0,0,443.7932,443.5641,443.1211,448.416,453.1767,474.9724,512.5205,512.8293,0,0,0,0,0,0,0,0,0,0,0,0,0,0,0,0,0,0,0,0,0,0,0,0,0,0,0,0,0,0,0,0,0,0,0,0,0,0,0,0,0,0,0,0,0,0,0,0,0,0,0,0,0,0,0,0,0,0,0,
13,0,0,0,0,0,0,0,0,0,0,0,0,0,0,0,0,0,0,0,0,0,0,0,0,0,0,0,0,0,0,0,0,0,0,0,0,0,0,0,0,0,0,0,0,0,0,0,0,0,0,0,0,0,0,0,0,0,0,0,0,0,0,0,0,0,0,0,0,0,0,0,0,0,0,0,0,0,0,0,0,0,0,0,0,0,0,0,0,0,0,0,0,0,0,0,0,0,0,0,0,0,0,0,0,0,0,0,0,0,0,0,0,0,0,0,0,0,895.1688,883.9861,872.8035,861.6208,850.438,839.2554,843.7999,852.2275,860.6551,869.0826,877.5101,882.4877,880.5389,878.59,876.6412,874.6923,872.7434,875.0511,878.0347,881.0182,884.0017,886.9853,883.9751,871.7248,859.4745,847.2242,834.9739,822.7237,828.0922,834.9112,841.7302,848.5492,855.3682,861.8946,868.0699,874.2452,880.4206,886.5958,892.7711,891.3709,889.8546,888.3383,886.822,885.3057,883.4273,881.2086,878.9898,876.7711,874.5522,871.3456,847.5977,823.8498,800.1019,776.3539,752.606,730.879,710.6371,690.3954,670.1536,649.9119,633.0728,644.6748,656.2768,667.8788,679.4808,691.0828,697.0279,699.7542,702.4805,705.2068,707.9332,711.2219,717.2991,723.3763,729.4535,735.5308,741.608,745.4105,748.2303,751.0501,753.8699,756.6897,759.139,760.3398,761.5406,762.7415,763.9423,765.1431,764.8392,764.0582,763.2773,762.4964,761.7155,761.4943,762.6449,763.7955,764.9462,766.0968,767.2475,766.1727,764.6102,763.0478,761.4854,759.923,757.381,753.0259,748.6709,744.3158,739.9608,735.6057,728.076,720.1185,712.161,704.2035,696.246,696.0186,706.8362,717.6537,728.4714,739.289,750.1066,750.3198,749.8827,749.4456,749.0084,748.5712,742.2245,729.2856,716.3466,703.4077,690.4688,677.6212,693.415,709.2089,725.0027,740.7967,756.5905,763.3969,762.3494,761.3021,760.2547,759.2073,757.857,752.0865,746.316,740.5455,734.775,729.0046,728.2589,730.9384,733.6181,736.2977,738.9773,740.7605,736.2757,731.7908,727.3061,722.8212,718.3365,722.7557,731.8523,740.9489,750.0455,759.142,764.9772,756.5484,748.1196,739.6909,731.2621,722.8333,723.3727,727.459,731.5455,735.6318,739.7182,743.2139,744.9096,746.6052,748.3008,749.9965,751.6922,753.3941,755.0978,756.8016,758.5054,760.2091,760.0837,755.8497,751.6158,747.3818,743.1478,738.9138,737.2537,736.0893,734.9249,733.7604,732.596,739.9836,761.9943,784.0051,806.0158,828.0265,850.0372,854.8432,857.727,860.6107,863.4945,866.3783,865.5704,859.8686,854.1668,848.465,842.7632,837.0615,811.3396,784.7938,758.2482,731.7025,705.1567,694.5861,700.5785,706.571,712.5635,718.5559,721.976,692.9295,671.6509,634.3033,610.2003,0,0,0,0,0,0,0,0,438.8429,437.5699,433.7921,456.0805,447.3582,0,0,0,0,0,0,0,0,0,0,0,0,0,0,0,0,0,0,0,0,0,0,0,0,0,0,0,0,0,0,0,0,0,0,0,0,0,0,0,0,0,0,0,0,0,0,0,0,0,0,0,0,0,0,0,0,0,0,0,0,0,0,0,0,
14,0,0,0,0,0,0,0,0,0,0,0,0,0,0,0,0,0,0,0,0,0,0,0,0,0,0,0,0,0,0,0,0,0,0,0,0,0,0,0,0,0,0,0,0,0,0,0,0,0,0,0,0,0,0,0,0,0,0,0,0,0,0,0,0,0,0,0,0,0,0,0,0,0,0,0,0,0,0,0,0,0,0,0,0,0,0,0,0,0,0,0,0,0,0,0,0,0,0,0,0,0,0,0,0,0,0,0,0,0,0,0,0,0,0,0,0,0,0,741.0832,771.0223,788.6693,810.2028,829.5964,840.1655,848.5557,856.946,865.3362,873.7265,878.554,876.2287,873.9034,871.5781,869.2528,866.9274,870.2851,874.5452,878.8052,883.0652,887.3253,885.6912,874.9708,864.2504,853.5299,842.8095,832.0891,834.314,837.6048,840.8955,844.1863,847.4771,852.4968,859.5923,866.6878,873.7833,880.8788,887.9744,887.4905,886.8905,886.2905,885.6905,885.0905,883.3674,880.5884,877.8092,875.0302,872.2511,868.5663,846.0482,823.5302,801.012,778.494,755.9758,734.3152,713.2847,692.2542,671.2236,650.1931,632.7085,644.8618,657.0151,669.1684,681.3217,693.475,698.3611,699.1123,699.8634,700.6145,701.3656,703.2244,710.5757,717.9272,725.2785,732.6298,739.9813,744.228,747.1335,750.0391,752.9445,755.8501,758.1501,758.4093,758.6686,758.9278,759.1871,759.4463,759.9731,760.5849,761.1966,761.8083,762.42,762.4672,761.1307,759.7944,758.4579,757.1215,755.785,753.6797,751.4059,749.1321,746.8583,744.5845,742.3317,740.118,737.9042,735.6905,733.4767,731.2629,726.1183,720.5787,715.039,709.4994,703.9597,705.1291,715.8844,726.6398,737.3951,748.1505,758.9058,757.4429,755.2307,753.0184,750.8061,748.5938,742.8783,733.2548,723.6315,714.008,704.3845,694.8331,707.8522,720.8713,733.8905,746.9095,759.9287,763.5615,758.9922,754.4229,749.8536,745.2842,741.0037,740.9341,740.8644,740.7949,740.7253,740.6556,739.1616,736.6964,734.2313,731.7661,729.301,726.8798,724.7658,722.6519,720.538,718.424,716.3101,721.814,731.3196,740.8251,750.3307,759.8362,766.8245,762.804,758.7833,754.7628,750.7422,746.7216,745.7131,745.8959,746.0787,746.2616,746.4444,747.0292,748.8393,750.6494,752.4594,754.2693,756.0793,757.3879,758.553,759.7181,760.8832,762.0483,761.9298,758.9281,755.9264,752.9247,749.9229,746.9213,746.7712,747.1703,747.5694,747.9685,748.3676,756.0549,776.2045,796.3541,816.5037,836.6532,856.8027,859.9205,861.1354,862.3503,863.5652,864.7802,863.3408,858.3828,853.4249,848.4669,843.509,838.551,815.4725,791.6482,767.8239,743.9996,720.1754,710.3278,714.9716,719.6154,724.2592,728.903,730.571,672.6408,641.8353,0,0,0,0,0,0,0,0,0,0,430.7638,423.2124,435.6364,436.0426,436.0091,0,0,0,0,0,0,0,0,0,0,0,0,0,0,0,0,0,0,0,0,0,0,0,0,0,0,0,0,0,0,0,0,0,0,0,0,0,0,0,0,0,0,0,0,0,0,0,0,0,0,0,0,0,0,0,0,0,0,0,0,0,0,0,0,
15,0,0,0,0,0,0,0,0,0,0,0,0,0,0,0,0,0,0,0,0,0,0,0,0,0,0,0,0,0,0,0,0,0,0,0,0,0,0,0,0,0,0,0,0,0,0,0,0,0,0,0,0,0,0,0,0,0,0,0,0,0,0,0,0,0,0,0,0,0,0,0,0,0,0,0,0,0,0,0,0,0,0,0,0,0,0,0,0,0,0,0,0,0,0,0,0,0,0,0,0,0,0,0,0,0,0,0,0,0,0,0,0,0,0,0,0,0,0,691.8144,722.8785,750.7335,774.4187,824.9691,844.2175,850.8263,857.4352,864.0439,870.6528,874.1246,871.2983,868.4719,865.6456,862.8193,859.9929,864.8672,870.9644,877.0615,883.1587,889.2559,890.2693,883.4458,876.6223,869.7987,862.9752,856.1516,853.0151,850.1822,847.3492,844.5163,841.6834,843.3369,850.3767,857.4166,864.4564,871.4963,878.5361,878.5449,878.4459,878.3469,878.248,878.149,876.0375,872.0336,868.0298,864.026,860.0222,855.3273,836.2607,817.1941,798.1276,779.061,759.9944,741.304,722.89,704.476,686.0619,667.6479,652.4526,664.1605,675.8685,687.5764,699.2843,710.9922,712.9495,709.3583,705.7672,702.176,698.5848,696.2042,699.8257,703.4471,707.0686,710.6901,714.3116,720.4653,727.7132,734.9609,742.2087,749.4565,754.7996,753.7227,752.6459,751.569,750.4921,749.4153,750.8041,752.9746,755.1451,757.3156,759.486,759.7692,755.4266,751.084,746.7413,742.3987,738.0562,734.5885,731.3126,728.0368,724.7609,721.4851,720.1048,722.2333,724.3618,726.4902,728.6187,730.7472,729.8958,728.6427,727.3896,726.1365,724.8835,726.9931,733.9072,740.8213,747.7354,754.6495,761.5637,759.3018,756.4772,753.6526,750.8279,748.0032,743.8069,738.0803,732.3538,726.6273,720.9006,715.2218,724.5111,733.8004,743.0895,752.3788,761.6681,760.9174,751.3934,741.8695,732.3456,722.8217,714.29,720.2327,726.1755,732.1182,738.061,744.0038,740.8751,731.5626,722.2501,712.9375,703.6249,696.1047,701.1165,706.1284,711.1401,716.152,721.1638,728.3553,736.6918,745.0282,753.3647,761.7012,767.9556,765.1041,762.2525,759.4009,756.5495,753.6979,753.0208,753.2036,753.3864,753.5693,753.7521,754.1857,755.3833,756.5809,757.7786,758.9763,760.1739,760.5238,760.6312,760.7385,760.8459,760.9532,760.5145,758.8488,757.1832,755.5175,753.8519,752.1862,756.4532,761.8626,767.272,772.6814,778.0908,787.5632,803.9828,820.4025,836.8222,853.2419,869.6616,869.9508,868.4379,866.925,865.412,863.8991,862.2693,860.4846,858.6998,856.915,855.1302,853.3455,839.2682,824.6852,810.1021,795.519,780.9359,773.9886,774.9582,775.9278,776.8974,777.8669,0,0,0,0,0,0,0,0,0,0,0,0,0,422.7613,422.1607,422.2018,428.8741,438.2226,450.3794,447.2013,451.5317,453.141,468.4832,0,0,0,0,0,0,0,0,0,0,0,0,0,0,0,0,0,0,0,0,0,0,0,0,0,0,0,0,0,0,0,0,0,0,0,0,0,0,0,0,0,0,0,0,0,0,0,0,0,0,0,0,0,0,0,0,0,0,0,
16,0,0,0,0,0,0,0,0,0,0,0,0,0,0,0,0,0,0,0,0,0,0,0,0,0,0,0,0,0,0,0,0,0,0,0,0,0,0,0,0,0,0,0,0,0,0,0,0,0,0,0,0,0,0,0,0,0,0,0,0,0,0,0,0,0,0,0,0,0,0,0,0,0,0,0,0,0,0,0,0,0,0,0,0,0,0,0,0,0,0,0,0,0,0,0,0,0,0,0,0,0,0,0,0,0,0,0,0,0,0,0,0,0,0,0,0,0,0,613.4941,658.6891,707.4822,744.1752,820.3417,848.2696,853.097,857.9243,862.7517,867.5791,869.6952,866.3678,863.0405,859.7131,856.3857,853.0584,859.4494,867.3837,875.3179,883.2522,891.1864,894.8475,891.9208,888.9941,886.0675,883.1409,880.2142,871.7162,862.7596,853.8029,844.8463,835.8897,834.1769,841.1611,848.1453,855.1295,862.1136,869.0979,869.5992,870.0013,870.4033,870.8054,871.2075,868.7075,863.4789,858.2504,853.0219,847.7933,842.0881,826.4731,810.8582,795.2431,779.6281,764.0131,748.2928,732.4953,716.6978,700.9002,685.1027,672.1967,683.4592,694.7218,705.9844,717.2469,728.5095,727.5377,719.6043,711.671,703.7375,695.8041,689.184,689.0756,688.9672,688.8588,688.7504,688.642,696.7028,708.2928,719.8828,731.4728,743.0629,751.449,749.0361,746.6232,744.2103,741.7973,739.3844,741.6351,745.3644,749.0936,752.8228,756.5521,757.0712,749.7224,742.3736,735.0248,727.676,720.3272,715.4973,711.2194,706.9415,702.6636,698.3857,697.8778,704.3486,710.8193,717.29,723.7608,730.2315,733.6733,736.7068,739.7403,742.7738,745.8074,748.8571,751.9299,755.0029,758.0757,761.1486,764.2216,761.1607,757.7238,754.2867,750.8497,747.4127,744.7355,742.9058,741.0761,739.2464,737.4168,735.6106,741.17,746.7294,752.2887,757.8481,763.4075,758.2733,743.7947,729.3162,714.8376,700.3591,687.5764,699.5314,711.4866,723.4417,735.3967,747.3518,742.5886,726.4287,710.2688,694.1088,677.9489,665.3297,677.4672,689.6047,701.7424,713.8799,726.0175,734.8965,742.064,749.2313,756.3987,763.5662,769.0866,767.4041,765.7217,764.0392,762.3568,760.6743,760.3285,760.5113,760.6942,760.877,761.0598,761.342,761.9273,762.5126,763.0979,763.6832,764.2684,763.6597,762.7093,761.759,760.8086,759.8583,759.0991,758.7696,758.44,758.1104,757.7808,757.4513,766.1353,776.5549,786.9746,797.3943,807.814,819.0714,831.7612,844.451,857.1408,869.8306,882.5204,879.9811,875.7404,871.4996,867.2589,863.0181,861.1979,862.5862,863.9747,865.3631,866.7515,868.14,863.0641,857.7222,852.3803,847.0385,841.6965,837.6495,834.9448,832.2402,829.5355,826.8309,0,624.1477,0,520.6036,454.6721,0,0,0,0,0,0,0,0,0,424.1774,422.304,0,0,427.5027,447.2638,447.48,451.9097,467.5789,469.7703,0,0,0,495.3925,0,0,0,0,0,0,0,0,0,0,0,0,0,0,0,0,0,0,0,0,0,0,0,0,0,0,0,0,0,0,0,0,0,0,0,0,0,0,0,0,0,0,0,0,0,0,0,0,0,0,0,0,0,0,
17,0,0,0,0,0,0,0,0,0,0,0,0,0,0,0,0,0,0,0,0,0,0,0,0,0,0,0,0,0,0,0,0,0,0,0,0,0,0,0,0,0,0,0,0,0,0,0,0,0,0,0,0,0,0,0,0,0,0,0,0,0,0,0,0,0,0,0,0,0,0,0,0,0,0,0,0,0,0,0,0,0,0,0,0,0,0,0,0,0,0,0,0,0,0,0,0,0,0,0,0,0,0,0,0,0,0,0,0,0,0,0,0,0,0,0,0,0,0,0,603.8045,674.7972,721.4611,817.0995,848.979,850.46,851.941,853.4221,854.9031,855.6658,854.9863,854.3068,853.6273,852.9478,852.2684,859.1254,867.1791,875.2329,883.2867,891.3405,896.1868,896.0883,895.9898,895.8913,895.7928,895.6944,884.9804,873.3925,861.8046,850.2167,838.6288,834.9175,840.6628,846.4081,852.1534,857.8987,863.6439,862.7405,861.7352,860.7298,859.7245,858.7191,855.8502,851.2289,846.6077,841.9865,837.3654,832.4559,821.5519,810.648,799.7441,788.8401,777.9362,765.4778,751.877,738.276,724.675,711.0742,699.7542,707.4988,715.2435,722.9882,730.7328,738.4775,735.4449,726.28,717.1151,707.9502,698.7853,690.6937,687.9241,685.1545,682.3849,679.6154,676.8458,685.6834,699.5355,713.3876,727.2397,741.0918,751.004,747.6367,744.2694,740.9021,737.5349,734.1675,735.8651,739.1683,742.4715,745.7747,749.0779,748.7054,739.3237,729.9421,720.5604,711.1787,701.7971,697.0165,693.2442,689.4719,685.6996,681.9272,682.434,690.8615,699.2889,707.7164,716.1438,724.5713,731.5856,738.4095,745.2334,752.0574,758.8813,763.035,763.3736,763.7122,764.0507,764.3893,764.7278,761.5254,758.1058,754.6862,751.2666,747.847,746.2361,746.6431,747.0499,747.4568,747.8637,748.2731,749.4728,750.6726,751.8723,753.072,754.2717,746.8129,731.7883,716.7636,701.7389,686.7142,673.5403,687.3665,701.1927,715.0188,728.845,742.6711,738.0219,720.778,703.5341,686.2902,669.0463,655.8953,671.3607,686.8263,702.2918,717.7573,733.2228,742.1813,747.7216,753.2619,758.8022,764.3425,768.9942,769.7595,770.5247,771.2899,772.0552,772.8205,773.2505,773.5478,773.8452,774.1425,774.4398,774.4636,773.6541,772.8445,772.035,771.2255,770.4159,768.6299,766.5646,764.4993,762.4339,760.3686,759.0202,759.2825,759.5447,759.8069,760.0692,760.3314,772.8001,787.6193,802.4386,817.2579,832.0771,844.868,854.1906,863.5131,872.8356,882.1581,891.4807,885.1193,877.0057,868.8921,860.7784,852.6649,850.2886,855.5182,860.7477,865.9772,871.2068,876.4363,876.2274,875.7946,875.3618,874.9289,874.4961,864.4541,844.449,767.0221,746.7946,708.7739,650.2911,622.7894,0,0,0,0,0,0,0,0,0,0,0,0,0,0,0,0,0,0,0,451.0843,453.7744,468.9437,494.3951,495.3744,495.7789,495.4313,0,0,0,0,0,0,0,0,0,0,0,0,0,0,0,0,0,0,0,0,0,0,0,0,0,0,0,0,0,0,0,0,0,0,0,0,0,0,0,0,0,0,0,0,0,0,0,0,0,0,0,0,0,0,
18,0,0,0,0,0,0,0,0,0,0,0,0,0,0,0,0,0,0,0,0,0,0,0,0,0,0,0,0,0,0,0,0,0,0,0,0,0,0,0,0,0,0,0,0,0,0,0,0,0,0,0,0,0,0,0,0,0,0,0,0,0,0,0,0,0,0,0,0,0,0,0,0,0,0,0,0,0,0,0,0,0,0,0,0,0,0,0,0,0,0,0,0,0,0,0,0,0,0,0,0,0,0,0,0,0,0,0,0,0,0,0,0,0,0,0,0,0,0,0,595.8458,669.6456,712.7847,816.5126,843.2803,838.415,833.5496,828.6843,823.8189,823.2327,831.2377,839.2427,847.2478,855.2527,863.2578,868.5665,873.4471,878.3277,883.2083,888.0889,891.3171,891.998,892.6789,893.3599,894.0407,894.7216,887.8217,880.2977,872.7737,865.2497,857.7257,854.6379,856.876,859.1141,861.3522,863.5902,865.8282,859.8823,853.8111,847.7397,841.6685,835.5972,832.3964,831.8948,831.3932,830.8915,830.3899,829.738,825.9597,822.1816,818.4034,814.6252,810.847,802.2095,790.0003,777.7911,765.582,753.3728,742.2905,740.627,738.9634,737.2998,735.6363,733.9727,730.5441,726.1111,721.6782,717.2452,712.8123,708.5557,705.1737,701.7918,698.4099,695.0279,691.646,699.0937,711.22,723.3464,735.4727,747.599,756.1294,752.5394,748.9494,745.3594,741.7694,738.1794,736.6109,735.6832,734.7555,733.8278,732.9001,729.4743,719.9257,710.377,700.8282,691.2796,681.7309,679.7059,679.3294,678.953,678.5765,678.2001,679.9939,685.8049,691.6158,697.4268,703.2377,709.0487,718.2543,727.9173,737.5804,747.2435,756.9066,762.4784,762.2046,761.9308,761.657,761.3832,761.1094,759.0255,756.8307,754.6358,752.4409,750.246,748.8337,748.2942,747.7547,747.2152,746.6757,746.124,741.7567,737.3895,733.0222,728.6549,724.2877,718.4515,711.332,704.2124,697.0928,689.9732,683.8082,691.5663,699.3244,707.0826,714.8407,722.5989,721.4153,714.1364,706.8574,699.5784,692.2994,687.3718,698.8848,710.3977,721.9107,733.4236,744.9366,750.8914,753.9266,756.9618,759.9969,763.0321,766.5565,772.2207,777.8849,783.5491,789.2134,794.8776,796.9353,797.5667,798.198,798.8294,799.4607,799.0208,795.3165,791.6121,787.9077,784.2034,780.4989,777.1167,773.8267,770.5366,767.2465,763.9564,761.5034,760.9305,760.3577,759.7849,759.2121,758.6393,773.6806,791.7288,809.7769,827.825,845.8731,859.7153,866.3657,873.0161,879.6664,886.3168,892.9672,880.879,866.6974,852.5157,838.3342,824.1525,820.5197,830.8708,841.222,851.5732,861.9244,872.2756,869.0073,865.1787,861.35,857.5214,853.6927,820.6033,761.6724,737.7923,0,0,0,0,567.6107,500.6969,440.0023,0,0,0,0,0,0,0,0,0,0,0,0,0,0,0,0,0,0,468.2958,494.4649,495.4341,495.8289,495.4757,0,0,0,0,0,0,0,0,0,0,0,0,0,0,0,0,0,0,0,0,0,0,0,0,0,0,0,0,0,0,0,0,0,0,0,0,0,0,0,0,0,0,0,0,0,0,0,0,0,0,0,0,0,0,
19,0,0,0,0,0,0,0,0,0,0,0,0,0,0,0,0,0,0,0,0,0,0,0,0,0,0,0,0,0,0,0,0,0,0,0,0,0,0,0,0,0,0,0,0,0,0,0,0,0,0,0,0,0,0,0,0,0,0,0,0,0,0,0,0,0,0,0,0,0,0,0,0,0,0,0,0,0,0,0,0,0,0,0,0,0,0,0,0,0,0,0,0,0,0,0,0,0,0,0,0,0,0,0,0,0,0,0,0,0,0,0,0,0,0,0,0,0,0,0,603.8315,675.8108,717.2224,815.9257,837.5816,826.3699,815.1582,803.9464,792.7347,790.7996,807.4891,824.1786,840.8682,857.5577,874.2472,878.0076,879.7151,881.4225,883.1299,884.8373,886.4475,887.9077,889.368,890.8283,892.2886,893.7489,890.663,887.2029,883.7428,880.2828,876.8226,874.3582,873.0891,871.8199,870.5508,869.2817,868.0126,857.0242,845.887,834.7498,823.6125,812.4753,808.9428,812.5607,816.1786,819.7966,823.4145,827.02,830.3676,833.7151,837.0627,840.4103,843.7579,838.9412,828.1237,817.3063,806.4889,795.6714,784.8268,773.7551,762.6833,751.6115,740.5398,729.468,725.6432,725.9423,726.2412,726.5402,726.8392,726.4177,722.4233,718.429,714.4347,710.4404,706.4461,712.504,722.9045,733.3051,743.7056,754.1061,761.2547,757.4421,753.6294,749.8167,746.004,742.1913,737.3568,732.1982,727.0396,721.881,716.7224,710.2432,700.5275,690.8119,681.0961,671.3804,661.6648,662.3953,665.4146,668.434,671.4535,674.4728,677.5537,680.7482,683.9427,687.1371,690.3317,693.5261,704.9229,717.4252,729.9274,742.4296,754.9319,761.9218,761.0356,760.1495,759.2633,758.3771,757.4909,756.5256,755.5555,754.5854,753.6152,752.6451,751.4312,749.9453,748.4594,746.9735,745.4876,743.9749,734.0406,724.1064,714.1721,704.2379,694.3036,690.0901,690.8757,691.6613,692.4468,693.2323,694.0759,695.7661,697.4561,699.1462,700.8364,702.5265,704.8088,707.4948,710.1807,712.8666,715.5525,718.8484,726.4088,733.9692,741.5296,749.09,756.6504,759.6016,760.1316,760.6617,761.1917,761.7217,764.1188,774.6821,785.2452,795.8083,806.3715,816.9346,820.6202,821.5855,822.5509,823.5163,824.4817,823.5781,816.9788,810.3796,803.7804,797.1812,790.582,785.6035,781.0887,776.5739,772.0591,767.5443,763.9865,762.5787,761.1708,759.7629,758.3551,756.9471,774.5612,795.8382,817.1152,838.3922,859.6691,874.5626,878.5408,882.519,886.4972,890.4755,894.4537,876.6389,856.3892,836.1395,815.8898,795.6402,790.7508,806.2236,821.6964,837.1693,852.642,868.1148,861.7874,854.5629,847.3383,840.1138,832.8893,707.9703,687.0027,0,0,0,0,0,506.9052,430.3694,400.2142,0,0,0,0,0,0,0,0,0,0,425.8358,0,0,0,0,0,0,0,0,0,0,0,0,0,0,0,0,0,0,0,0,0,0,0,0,0,0,0,0,0,0,0,0,0,0,0,0,0,0,0,0,0,0,0,0,0,0,0,0,0,0,0,0,0,0,0,0,0,0,0,0,0,0,0,0,0,0,
20,0,0,0,0,0,0,0,0,0,0,0,0,0,0,0,0,0,0,0,0,0,0,0,0,0,0,0,0,0,0,0,0,0,0,0,0,0,0,0,0,0,0,0,0,0,0,0,0,0,0,0,0,0,0,0,0,0,0,0,0,0,0,0,0,0,0,0,0,0,0,0,0,0,0,0,0,0,0,0,0,0,0,0,0,0,0,0,0,0,0,0,0,0,0,0,0,0,0,0,0,0,0,0,0,0,0,0,0,0,0,0,0,0,0,0,0,0,0,585.5957,638.1441,697.1373,735.0107,816.3468,832.8994,816.0524,799.2055,782.3586,765.5117,762.3369,786.6115,810.8862,835.1607,859.4354,883.71,886.1207,885.0594,883.9982,882.9369,881.8756,882.0798,884.2346,886.3894,888.5443,890.6991,892.854,893.3527,893.7151,894.0775,894.4399,894.8022,892.9556,888.4565,883.9575,879.4585,874.9595,870.4604,854.9993,839.3702,823.7412,808.1121,792.4831,788.702,796.0611,803.4202,810.7793,818.1384,825.6134,835.4995,845.3856,855.2717,865.1578,875.0439,873.8237,864.4404,855.0572,845.6739,836.2906,825.7892,805.9421,786.095,766.2479,746.4008,726.5537,722.2465,726.7815,731.3166,735.8516,740.3867,743.3141,738.2703,733.2265,728.1826,723.1388,718.095,722.991,732.1813,741.3715,750.5617,759.752,765.8803,761.6884,757.4964,753.3045,749.1125,744.9206,736.8689,727.5936,718.3183,709.0429,699.7676,690.3824,680.7281,671.0737,661.4194,651.7651,642.1107,645.5414,651.8392,658.137,664.4349,670.7327,675.1662,676.1487,677.1312,678.1138,679.0963,680.0788,693.3038,708.1786,723.0536,737.9285,752.8033,760.98,759.5858,758.1917,756.7975,755.4033,754.0092,753.9349,753.9416,753.9482,753.955,753.9615,752.9002,750.6473,748.3945,746.1417,743.8888,741.5961,726.806,712.0159,697.2259,682.4358,667.6457,665.0052,672.9814,680.9577,688.9339,696.9102,704.1244,700.2228,696.3212,692.4196,688.5181,684.6165,690.1269,702.0535,713.9802,725.9067,737.8334,748.7709,752.7931,756.8152,760.8374,764.8595,768.8817,769.0917,767.2993,765.5068,763.7144,761.922,763.2179,778.0211,792.8242,807.6273,822.4305,837.2336,842.3906,843.7324,845.0741,846.416,847.7578,846.5054,837.3474,828.1893,819.0313,809.8732,800.7151,794.1569,788.3423,782.5277,776.7131,770.8986,766.1671,763.8688,761.5704,759.272,756.9736,754.6753,774.7189,799.0649,823.4109,847.7568,872.1028,888.0346,889.5787,891.123,892.6672,894.2114,895.7557,872.7398,846.9799,821.2201,795.4603,769.7004,763.6479,783.7205,803.793,823.8654,843.9379,864.0104,852.297,817.8568,797.7931,772.3699,732.7915,670.8243,0,0,0,0,0,0,0,0,0,0,0,0,0,0,0,0,0,417.9333,410.3874,424.9614,0,0,0,0,0,433.7146,451.8055,0,0,0,0,0,0,0,0,0,0,0,0,0,0,0,0,0,0,0,0,0,0,0,0,0,0,0,0,0,0,0,0,0,0,0,0,0,0,0,0,0,0,0,0,0,0,0,0,0,0,0,0,0,0,0,0,0,0,0,
21,0,0,0,0,0,0,0,0,0,0,0,0,0,0,0,0,0,0,0,0,0,0,0,0,0,0,0,0,0,0,0,0,0,0,0,0,0,0,0,0,0,0,0,0,0,0,0,0,0,0,0,0,0,0,0,0,0,0,0,0,0,0,0,0,0,0,0,0,0,0,0,0,0,0,0,0,0,0,0,0,0,0,0,0,0,0,0,0,0,0,0,0,0,0,0,0,0,0,0,0,0,0,0,0,0,0,0,0,0,0,0,0,0,0,0,0,0,0,681.8557,710.3443,743.971,768.2955,832.9621,844.5458,833.4885,822.4313,811.3741,800.3168,797.6566,811.855,826.0533,840.2518,854.4501,868.6486,872.8972,875.5658,878.2344,880.903,883.5717,885.7753,887.262,888.7488,890.2357,891.7224,893.2092,893.6057,893.9124,894.2192,894.5259,894.8326,893.5121,890.2378,886.9635,883.6892,880.415,877.1407,866.3586,855.4614,844.5643,833.6672,822.7701,820.0771,825.098,830.119,835.14,840.1609,845.2722,852.2635,859.2548,866.246,873.2373,880.2286,879.0013,871.7335,864.4657,857.1979,849.9301,841.4668,823.0114,804.5561,786.1008,767.6454,749.19,743.0103,743.8154,744.6206,745.4258,746.231,744.6997,731.5838,718.4678,705.3519,692.236,679.12,686.5179,702.7782,719.0386,735.2988,751.5591,762.4776,755.3908,748.3041,741.2173,734.1305,727.0438,716.5621,705.0044,693.4466,681.8887,670.331,660.4056,654.4811,648.5566,642.6322,636.7077,630.7833,636.0259,643.7155,651.4051,659.0946,666.7842,673.6248,678.8939,684.163,689.4321,694.7012,699.9703,709.191,718.9443,728.6976,738.4508,748.2041,753.8491,753.624,753.3989,753.1738,752.9487,752.7237,749.8845,746.885,743.8855,740.886,737.8865,736.2399,736.1025,735.9651,735.8278,735.6904,735.5273,727.3062,719.0851,710.8641,702.6431,694.4221,692.5574,696.2471,699.9367,703.6263,707.316,710.6508,708.809,706.9672,705.1253,703.2836,701.4417,706.3637,715.8965,725.4294,734.9622,744.495,753.7283,760.868,768.0076,775.1473,782.2869,789.4266,791.1118,789.9317,788.7516,787.5716,786.3915,787.0048,795.4616,803.9183,812.3751,820.8319,829.2886,833.4049,835.8044,838.204,840.6035,843.0031,843.2485,836.9296,830.6108,824.2919,817.973,811.6542,803.7795,795.4597,787.14,778.8203,770.5006,763.4869,759.4072,755.3273,751.2475,747.1677,743.0879,763.264,788.1111,812.9581,837.8051,862.652,879.4136,882.3495,885.2855,888.2214,891.1573,894.0933,874.322,852.0137,829.7054,807.3971,785.0888,779.376,795.663,811.9498,828.2368,844.5237,860.8106,807.2549,791.5458,764.5988,737.041,700.3658,0,0,0,0,0,0,0,0,0,0,0,0,412.456,418.7326,425.5755,405.3109,409.8363,402.0465,407.4879,417.9005,400.0911,408.8163,418.4574,0,0,0,433.124,448.179,453.9474,0,0,0,0,0,0,0,0,0,0,0,0,0,0,0,0,0,0,0,0,0,0,0,0,0,0,0,0,0,0,0,0,0,0,0,0,0,0,0,0,0,0,0,0,0,0,0,0,0,0,0,0,0,0,0,0,0,0,
22,0,0,0,0,0,0,0,0,0,0,0,0,0,0,0,0,0,0,0,0,0,0,0,0,0,0,0,0,0,0,0,0,0,0,0,0,0,0,0,0,0,0,0,0,0,0,0,0,0,0,0,0,0,0,0,0,0,0,0,0,0,0,0,0,0,0,0,0,0,0,0,0,0,0,0,0,0,0,0,0,0,0,0,0,0,0,0,0,0,0,0,0,0,0,0,0,0,0,0,0,0,0,0,0,0,0,0,0,0,0,0,0,0,0,0,0,0,0,744.4313,766.967,786.2701,801.368,849.5774,856.1923,850.9247,845.6571,840.3895,835.122,832.9763,837.0984,841.2206,845.3427,849.4648,853.587,859.6736,866.0721,872.4706,878.8691,885.2676,889.4708,890.2895,891.1083,891.927,892.7458,893.5645,893.8588,894.1099,894.3609,894.6119,894.863,894.0686,892.0191,889.9695,887.92,885.8705,883.8209,877.7178,871.5527,865.3875,859.2223,853.0571,851.4521,854.1349,856.8178,859.5006,862.1834,864.931,869.0275,873.124,877.2204,881.3168,885.4133,884.179,879.0266,873.8743,868.7219,863.5695,857.1443,840.0807,823.0171,805.9536,788.89,771.8264,763.7741,760.8494,757.9247,754.9999,752.0753,746.0854,724.8973,703.7092,682.5212,661.3331,640.145,650.0449,673.3752,696.7056,720.0359,743.3663,759.0749,749.0933,739.1116,729.13,719.1484,709.1668,696.2554,682.4151,668.5749,654.7346,640.8943,630.4287,628.2341,626.0396,623.845,621.6504,619.4559,626.5104,635.5918,644.6731,653.7545,662.8358,672.0835,681.6392,691.1948,700.7505,710.3062,719.8619,725.0783,729.7099,734.3416,738.9733,743.6049,746.7182,747.6622,748.6062,749.5502,750.4942,751.4382,745.8342,739.8285,733.8228,727.8171,721.8115,719.5797,721.5577,723.5358,725.5138,727.4919,729.4584,727.8064,726.1544,724.5024,722.8505,721.1984,720.1095,719.5126,718.9156,718.3188,717.7218,717.1771,717.3951,717.6131,717.8311,718.0491,718.267,722.6005,729.7396,736.8785,744.0175,751.1565,758.6857,768.9429,779.2,789.4572,799.7144,809.9716,813.1318,812.5641,811.9965,811.4287,810.861,810.7917,812.9022,815.0126,817.1229,819.2333,821.3438,824.4193,827.8765,831.3338,834.7911,838.2483,839.9916,836.5119,833.0322,829.5526,826.0728,822.5931,813.4021,802.5773,791.7523,780.9275,770.1026,760.8068,754.9455,749.0843,743.2231,737.3618,731.5005,751.8093,777.1572,802.5052,827.8533,853.2013,870.7924,875.1202,879.4479,883.7756,888.1033,892.431,875.9042,857.0474,838.1907,819.3339,800.4772,795.104,807.6054,820.1068,832.6082,845.1095,857.6109,782.808,760.2759,721.0028,686.3893,0,0,0,0,0,0,0,0,0,409.7014,403.4822,405.1441,411.9529,418.6853,417.9601,421.7304,416.8034,405.0566,401.3196,401.8192,407.2395,401.3973,399.8538,408.6565,0,0,422.0322,420.9404,434.8578,453.54,0,0,0,0,0,0,0,0,0,0,0,0,0,0,0,0,0,0,0,0,0,0,0,0,0,0,0,0,0,0,0,0,0,0,0,0,0,0,0,0,0,0,0,0,0,0,0,0,0,0,0,0,0,0,0,0,0,0,
23,0,0,0,0,0,0,0,0,0,0,0,0,0,0,0,0,0,0,0,0,0,0,0,0,0,0,0,0,0,0,0,0,0,0,0,0,0,0,0,0,0,0,0,0,0,0,0,0,0,0,0,0,0,0,0,0,0,0,0,0,0,0,0,0,0,0,0,0,0,0,0,0,0,0,0,0,0,0,0,0,0,0,0,0,0,0,0,0,0,0,0,0,0,0,0,0,0,0,0,0,0,0,0,0,0,0,0,0,0,0,0,0,0,0,0,638.8546,673.4902,741.0499,781.3589,804.9692,818.6631,859.9942,866.1926,867.8387,868.3608,868.8829,869.405,869.9271,868.296,862.3419,856.3878,850.4337,844.4796,838.5255,846.45,856.5784,866.7068,876.8352,886.9636,893.1663,893.317,893.4677,893.6184,893.7692,893.9198,894.1118,894.3072,894.5026,894.6979,894.8934,894.6252,893.8004,892.9756,892.1508,891.3259,890.5012,889.0771,887.6438,886.2106,884.7773,883.3441,882.8271,883.1719,883.5165,883.8613,884.2059,884.5899,885.7916,886.9931,888.1948,889.3963,890.598,889.3566,886.3197,883.2828,880.2458,877.2089,872.8218,857.15,841.4781,825.8063,810.1345,794.4626,784.5379,777.8833,771.2287,764.5741,757.9195,747.471,718.2108,688.9506,659.6904,630.4302,601.17,613.5718,643.9722,674.3726,704.7731,735.1735,755.6721,742.7957,729.9193,717.0428,704.1664,691.29,675.9487,659.8259,643.7032,627.5804,611.4577,600.4519,601.9872,603.5225,605.0578,606.5931,608.1284,616.9951,627.4681,637.9412,648.4142,658.8873,670.5421,684.3843,698.2266,712.0688,725.9111,739.7534,740.9656,740.4756,739.9856,739.4956,739.0056,739.5873,741.7004,743.8135,745.9266,748.0396,750.1526,741.7838,732.7719,723.7601,714.7482,705.7364,702.9194,707.0129,711.1064,715.1999,719.2934,723.3896,728.3066,733.2237,738.1407,743.0578,747.9748,747.6616,742.7782,737.8947,733.0111,728.1277,723.7035,725.9813,728.259,730.5368,732.8146,735.0923,738.8373,743.5825,748.3278,753.0729,757.8181,763.6431,777.0178,790.3925,803.7672,817.1418,830.5165,835.1519,835.1965,835.2413,835.2859,835.3306,834.5786,830.3427,826.1068,821.8707,817.6348,813.3989,815.4336,819.9486,824.4636,828.9786,833.4936,836.7348,836.0942,835.4537,834.8132,834.1726,833.5321,823.0248,809.6947,796.3647,783.0347,769.7047,758.1266,750.4839,742.8412,735.1985,727.5558,719.9133,740.3544,766.2034,792.0524,817.9015,843.7505,862.1714,867.8909,873.6103,879.3297,885.0492,890.7687,877.4864,862.0812,846.6759,831.2707,815.8655,810.832,819.5479,828.2637,836.9795,845.6953,854.4111,758.0836,725.3391,664.7426,607.0052,0,0,0,0,0,0,0,0,395.9208,397.8875,394.7117,405.5623,417.918,421.6505,425.2695,421.6225,424.0818,404.8008,400.4641,401.3358,401.791,407.1722,395.8644,399.7168,404.1018,418.9894,418.9994,420.7195,0,0,460.004,469.9259,0,0,0,0,0,0,0,0,0,0,0,0,0,0,0,0,0,0,0,0,0,0,0,0,0,0,0,0,0,0,0,0,0,0,0,0,0,0,0,0,0,0,0,0,0,0,0,0,0,0,0,0,0,0,0,0,
24,0,0,0,0,0,0,0,0,0,0,0,0,0,0,0,0,0,0,0,0,0,0,0,0,0,0,0,0,0,0,0,0,0,0,0,0,0,0,0,0,0,0,0,0,0,0,0,0,0,0,0,0,0,0,0,0,0,0,0,0,0,0,0,0,0,0,0,0,0,0,0,0,0,0,0,0,0,0,0,0,0,0,0,0,0,0,0,0,0,0,0,0,0,0,0,0,0,0,0,0,0,0,0,0,0,0,0,0,0,0,0,0,0,0,644.3388,679.2969,704.762,880.7609,877.8179,874.8748,871.9318,868.9889,866.0459,868.1395,871.4767,874.8138,878.1511,881.4882,881.2527,873.8444,866.436,859.0278,851.6194,844.2111,850.6536,859.2955,867.9374,876.5794,885.2214,890.6328,891.0638,891.4949,891.926,892.3572,892.7882,892.8705,892.924,892.9775,893.031,893.0845,893.0603,892.9429,892.8256,892.7081,892.5908,892.4733,892.069,891.6602,891.2515,890.8427,890.4338,890.2526,890.2854,890.3181,890.3508,890.3835,890.3668,889.3201,888.2736,887.227,886.1804,885.1339,884.3333,883.7136,883.0939,882.4742,881.8546,879.9595,867.4037,854.848,842.2924,829.7366,817.1809,804.9924,793.0129,781.0333,769.0538,757.0742,742.8221,717.302,691.7818,666.2617,640.7415,615.2213,626.7043,654.1733,681.6422,709.1112,736.5802,754.718,741.404,728.09,714.776,701.462,688.148,677.0894,666.7458,656.4022,646.0585,635.715,628.2953,628.0425,627.7896,627.5367,627.2838,627.0309,634.3131,643.2464,652.1797,661.1131,670.0464,680.4057,693.4044,706.4031,719.4019,732.4006,745.3994,744.3914,741.4957,738.6,735.7043,732.8087,732.0483,734.3389,736.6295,738.9201,741.2106,743.5012,733.8537,723.4739,713.094,702.7142,692.3344,690.3054,697.5921,704.8788,712.1655,719.4523,726.7321,731.8379,736.9437,742.0494,747.1553,752.2611,752.6932,749.0411,745.3892,741.7372,738.0851,734.7991,736.8519,738.9045,740.9573,743.01,745.0627,749.3951,755.2815,761.168,767.0543,772.9407,779.3829,789.7103,800.0378,810.3652,820.6927,831.0201,834.5836,834.594,834.6044,834.6148,834.6252,833.8516,829.6496,825.4476,821.2455,817.0435,812.8415,813.9139,817.0724,820.231,823.3896,826.5481,828.3298,825.9156,823.5015,821.0873,818.6732,816.259,806.0909,793.7045,781.3182,768.9318,756.5455,746.7183,742.6398,738.5614,734.483,730.4045,726.326,747.4013,773.3203,799.2392,825.1583,851.0772,867.7332,868.5503,869.3674,870.1846,871.0016,871.8188,864.018,855.2545,846.4909,837.7274,828.9638,825.9773,830.6489,835.3205,839.9921,844.6637,849.3353,743.787,710.3636,641.2294,0,0,0,0,0,0,0,0,382.1638,386.9152,381.9149,396.1121,396.3945,410.5618,424.8477,427.1704,429.4286,424.1707,425.8868,405.1107,400.6675,397.6903,401.86,392.8322,395.8402,400.7332,404.1144,419.2079,0,420.4206,436.249,459.671,469.6473,0,0,0,0,0,0,0,0,0,0,0,0,0,0,0,0,0,0,0,0,0,0,0,0,0,0,0,0,0,0,0,0,0,0,0,0,0,0,0,0,0,0,0,0,0,0,0,0,0,0,0,0,0,0,0,0,
25,0,0,0,0,0,0,0,0,0,0,0,0,0,0,0,0,0,0,0,0,0,0,0,0,0,0,0,0,0,0,0,0,0,0,0,0,0,0,0,0,0,0,0,0,0,0,0,0,0,0,0,0,0,0,0,0,0,0,0,0,0,0,0,0,0,0,0,0,0,0,0,0,0,0,0,0,0,0,0,0,0,0,0,0,0,0,0,0,0,0,0,0,0,0,0,0,0,0,0,0,0,0,0,0,0,0,0,0,0,0,0,630.254,673.5396,706.9957,733.4308,759.9461,813.3602,864.0399,863.4351,862.8301,862.2253,861.6204,861.0156,865.1348,870.4205,875.7061,880.9917,886.2773,887.6941,881.3436,874.9929,868.6423,862.2917,855.9411,859.9343,865.5701,871.2059,876.8417,882.4775,886.2845,887.2723,888.2601,889.2479,890.2357,891.2235,891.1937,891.0802,890.9667,890.8532,890.7397,890.8774,891.3167,891.756,892.1954,892.6346,893.0739,892.6231,892.1587,891.6943,891.2297,890.7653,890.7006,891.0117,891.3228,891.6338,891.9449,892.0991,888.9928,885.8864,882.7801,879.6736,876.5673,876.3381,878.2235,880.109,881.9945,883.8799,884.6089,875.6718,866.7346,857.7974,848.8603,839.9232,825.3569,807.5877,789.8185,772.0493,754.2801,736.4153,718.0765,699.7377,681.399,663.0602,644.7214,654.2891,675.9127,697.5364,719.16,740.7836,754.4772,741.4415,728.4059,715.3702,702.3346,689.299,684.4787,682.2629,680.0471,677.8313,675.6154,672.9844,669.3357,665.6869,662.0381,658.3893,654.7406,659.4489,665.9885,672.528,679.0675,685.607,693.592,704.2526,714.9132,725.5738,736.2344,746.895,744.1866,739.6765,735.1664,730.6563,726.1462,724.3903,726.5695,728.7488,730.928,733.1072,735.2866,724.7933,713.5227,702.2522,690.9816,679.7111,678.8702,689.6642,700.4581,711.252,722.046,732.8165,736.2522,739.6879,743.1236,746.5593,749.9951,751.1635,750.3506,749.5378,748.7249,747.9121,747.226,748.3879,749.5499,750.7119,751.8739,753.0359,758.2983,766.3558,774.4134,782.4709,790.5285,798.264,803.7482,809.2324,814.7165,820.2007,825.6849,827.4344,827.2221,827.0098,826.7975,826.5853,825.9827,823.6735,821.3642,819.0549,816.7457,814.4365,814.5693,815.668,816.7668,817.8656,818.9644,818.4249,812.8932,807.3616,801.83,796.2982,790.7665,781.42,770.9821,760.5442,750.1063,739.6684,732.7672,733.8103,734.8535,735.8967,736.9398,737.983,759.8386,785.7018,811.5652,837.4285,863.2918,877.4269,871.508,865.5891,859.6702,853.7512,847.8323,846.1648,844.9724,843.7799,842.5875,841.395,840.9527,841.5047,842.0568,842.6088,843.1608,843.7129,733.2631,696.4166,0,0,0,0,0,0,0,391.6851,387.4262,383.0298,377.2663,380.1469,381.1978,388.2784,398.1368,396.5691,412.9381,430.749,432.2916,426.0314,409.0583,405.4256,400.8965,397.8524,398.1844,392.6965,0,0,404.1445,404.5731,420.1048,435.7964,454.8902,469.4175,0,0,0,0,0,0,0,0,0,0,0,0,0,0,0,0,0,0,0,0,0,0,0,0,0,0,0,0,0,0,0,0,0,0,0,0,0,0,0,0,0,0,0,0,0,0,0,0,0,0,0,0,0,0,0,0,
26,0,0,0,0,0,0,0,0,0,0,0,0,0,0,0,0,0,0,0,0,0,0,0,0,0,0,0,0,0,0,0,0,0,0,0,0,0,0,0,0,0,0,0,0,0,0,0,0,0,0,0,0,0,0,0,0,0,0,0,0,0,0,0,0,0,0,0,0,0,0,0,0,0,0,0,0,0,0,0,0,0,0,0,0,0,0,0,0,0,0,0,0,0,0,0,0,0,0,0,0,0,0,0,0,0,0,0,0,0,611.9108,650.4729,676.7963,727.6077,761.7014,781.258,817.6248,834.5318,847.319,849.0522,850.7855,852.5187,854.252,855.9853,862.1302,869.3642,876.5983,883.8323,891.0664,894.1356,888.8427,883.5498,878.2569,872.9641,867.6712,869.2151,871.8447,874.4744,877.1039,879.7336,881.9362,883.4807,885.0252,886.5697,888.1142,889.6587,889.517,889.2365,888.9559,888.6755,888.395,888.6945,889.6905,890.6865,891.6825,892.6785,893.6745,893.1772,892.6572,892.137,891.6169,891.0967,891.1485,891.7379,892.3274,892.9168,893.5062,893.8315,888.6654,883.4993,878.3331,873.167,868.0008,868.3429,872.7335,877.1241,881.5146,885.9053,889.2584,883.9398,878.6212,873.3026,867.9839,862.6653,845.7214,822.1625,798.6036,775.0447,751.4859,730.0083,718.851,707.6937,696.5363,685.3789,674.2216,681.8738,697.6522,713.4305,729.2087,744.9871,754.2363,741.4791,728.7218,715.9645,703.2072,690.4499,691.868,697.78,703.692,709.6039,715.516,717.6734,710.6288,703.5842,696.5396,689.4949,682.4503,684.5847,688.7304,692.8762,697.0219,701.1676,706.7783,715.1008,723.4232,731.7457,740.0682,748.3906,743.9819,737.8574,731.7328,725.6083,719.4838,716.7322,718.8002,720.8681,722.936,725.0039,727.0718,715.7328,703.5716,691.4103,679.249,667.0878,667.4351,681.7362,696.0374,710.3386,724.6396,738.9009,740.6665,742.4321,744.1978,745.9633,747.7289,749.6337,751.66,753.6863,755.7127,757.739,759.6528,759.9241,760.1953,760.4666,760.7379,761.0092,767.2015,777.4302,787.6589,797.8875,808.1162,817.1451,817.7861,818.4269,819.0679,819.7087,820.3496,820.2852,819.8503,819.4153,818.9803,818.5453,818.1139,817.6973,817.2808,816.8644,816.4479,816.0314,815.2247,814.2637,813.3026,812.3416,811.3806,808.5201,799.8709,791.2217,782.5725,773.9233,765.2741,756.7491,748.2596,739.7703,731.2808,722.7913,718.816,724.9808,731.1456,737.3104,743.4752,749.64,772.2759,798.0836,823.8912,849.6988,875.5064,887.1207,874.4658,861.8107,849.1558,836.5008,823.8458,828.3116,834.6902,841.0689,847.4476,853.8262,855.9281,852.3605,848.793,845.2255,841.658,838.0904,730.8096,692.869,617.8235,0,0,0,0,452.6884,423.1776,407.08,400.1146,391.3694,377.0659,379.2707,380.7145,381.3894,382.8176,0,0,0,433.2622,434.3824,427.4455,409.5601,405.7255,0,0,0,387.7155,395.8814,395.2516,404.1858,406.2406,435.4297,445.9529,469.2282,0,0,0,0,0,0,0,0,0,0,0,0,0,0,0,0,0,0,0,0,0,0,0,0,0,0,0,0,0,0,0,0,0,0,0,0,0,0,0,0,0,0,0,0,0,0,0,0,0,0,0,0,0,0,0,0,
27,0,0,0,0,0,0,0,0,0,0,0,0,0,0,0,0,0,0,0,0,0,0,0,0,0,0,0,0,0,0,0,0,0,0,0,0,0,0,0,0,0,0,0,0,0,0,0,0,0,0,0,0,0,0,0,0,0,0,0,0,0,0,0,0,0,0,0,0,0,0,0,0,0,0,0,0,0,0,0,0,0,0,0,0,0,0,0,0,0,0,0,0,0,0,0,0,0,0,0,0,0,0,0,0,0,0,0,0,635.7121,667.7318,693.5818,711.6665,883.6795,872.9142,862.149,851.3838,840.6185,834.1631,839.2715,844.3798,849.4882,854.5965,859.7048,846.6554,822.1482,803.0261,786.6766,777.6647,765.5161,756.2081,749.7408,745.1697,741.8104,739.8551,739.3039,740.1569,742.4139,744.7707,746.8919,748.7776,750.4276,751.8422,753.1138,754.1086,754.8038,755.1996,755.2957,755.0923,754.9598,755.0339,755.3142,755.801,756.4942,757.3,757.8609,758.173,758.2365,758.0512,757.6173,759.817,767.1338,779.5677,790.2181,810.2,835.5168,871.1041,894.7561,889.4403,884.1245,878.8088,873.493,868.1772,868.7045,873.5263,878.3482,883.17,887.9919,891.9623,888.816,885.6697,882.5233,879.377,876.2306,859.6367,835.3911,811.1454,786.8997,762.654,741.1278,733.0859,725.0441,717.0022,708.9603,700.9185,705.6193,715.8252,726.0311,736.2369,746.4427,750.9525,736.2633,721.574,706.8848,692.1954,677.5062,682.5793,693.9176,705.2559,716.5941,727.9324,734.3751,728.8192,723.2633,717.7074,712.1515,706.5955,707.6159,710.0773,712.5387,715.0001,717.4616,720.9385,726.2952,731.6519,737.0086,742.3653,747.722,743.6786,738.3683,733.058,727.7476,722.4373,719.6695,720.5345,721.3996,722.2646,723.1298,723.9948,713.3154,701.928,690.5406,679.1532,667.7658,668.7859,683.6472,698.5083,713.3696,728.2308,743.0461,743.4691,743.8921,744.315,744.738,745.1609,747.0082,750.1,753.1917,756.2834,759.3752,762.446,765.2103,767.9745,770.7388,773.5031,776.2674,782.8141,791.9394,801.0646,810.1898,819.3151,827.0186,824.7809,822.5433,820.3056,818.068,815.8303,815.3442,815.778,816.2119,816.6458,817.0797,817.5349,818.0834,818.6319,819.1804,819.7289,820.2773,819.1481,817.3552,815.5624,813.7695,811.9767,807.9758,797.246,786.5163,775.7866,765.0568,754.3271,745.7933,737.888,729.9825,722.0771,714.1717,712.1193,723.2147,734.3102,745.4056,756.501,767.5964,789.1741,812.7703,836.3665,859.9627,883.5589,893.3867,879.6715,865.9564,852.2413,838.5262,824.811,830.6787,838.7342,846.7897,854.8453,862.9008,865.1962,859.8559,854.5156,849.1753,843.835,838.4946,731.6522,693.2472,618.1403,0,0,564.7425,547.7863,468.5181,434.8506,415.3708,407.6931,396.8769,387.2876,379.2436,380.4446,381.2957,382.5472,0,0,0,416.0404,413.9419,435.9763,428.5548,0,0,397.8883,398.1763,392.631,387.6879,386.7785,395.3078,398.5588,421.1013,440.9475,461.3347,469.8563,0,0,0,0,0,0,0,0,0,0,0,0,0,0,0,0,0,0,0,0,0,0,0,0,0,0,0,0,0,0,0,0,0,0,0,0,0,0,0,0,0,0,0,0,0,0,0,0,0,0,0,0,0,0,0,
28,0,0,0,0,0,0,0,0,0,0,0,0,0,0,0,0,0,0,0,0,0,0,0,0,0,0,0,0,0,0,0,0,0,0,0,0,0,0,0,0,0,0,0,0,0,0,0,0,0,0,0,0,0,0,0,0,0,0,0,0,0,0,0,0,0,0,0,0,0,0,0,0,0,0,0,0,0,0,0,0,0,0,0,0,0,0,0,0,0,0,0,0,0,0,0,0,0,0,0,0,0,0,0,0,0,0,0,724.7745,744.2744,767.0892,785.3152,866.141,879.8665,867.6539,855.4412,843.2286,831.0159,824.7153,834.2772,843.8391,853.4011,862.963,872.5249,811.9158,794.3621,766.9537,0,0,0,0,0,0,0,0,0,0,0,0,0,0,0,0,0,0,0,0,0,0,0,0,0,0,0,0,712.9956,713.385,713.503,713.3497,712.925,715.986,725.8182,742.4216,745.783,768.394,801.4019,823.6234,894.8403,891.3617,887.8831,884.4044,880.9257,877.4471,877.7579,880.854,883.9501,887.0461,890.1423,892.6427,890.1644,887.6861,885.2078,882.7295,880.2512,866.8445,847.2194,827.5943,807.9692,788.3441,770.4762,761.3209,752.1656,743.0104,733.8552,724.6999,725.3717,730.2889,735.2061,740.1234,745.0406,744.5037,725.5836,706.6634,687.7432,668.823,649.9028,655.9442,669.8989,683.8537,697.8085,711.7632,721.9678,722.9809,723.994,725.0072,726.0203,727.0334,728.4583,729.9733,731.4883,733.0032,734.5183,736.1116,737.8498,739.588,741.3261,743.0643,744.8024,743.2727,741.3026,739.3325,737.3623,735.3922,733.6267,732.1536,730.6806,729.2075,727.7344,726.2613,717.8073,708.9249,700.0427,691.1604,682.2781,683.4351,695.7911,708.1472,720.5034,732.8594,745.1744,744.5952,744.0162,743.4371,742.858,742.2789,743.2429,745.5553,747.8677,750.1801,752.4924,755.2195,763.9962,772.7728,781.5494,790.326,799.1027,805.4052,810.0212,814.6371,819.2532,823.8691,827.523,824.4503,821.3776,818.3049,815.2323,812.1596,812.6997,815.1378,817.5757,820.0137,822.4517,824.5381,825.0866,825.6351,826.1835,826.7321,827.2805,826.4704,825.1229,823.7755,822.428,821.0805,817.1674,805.4355,793.7037,781.9719,770.2401,758.5082,749.1024,740.3619,731.6215,722.881,714.1406,712.9681,728.7953,744.6227,760.4501,776.2774,792.1047,810.712,829.8547,848.9973,868.1399,887.2825,896.0873,887.2156,878.3437,869.4719,860.6,851.7281,854.0765,857.6784,861.2804,864.8823,868.4843,868.5284,863.8561,859.1838,854.5115,849.8392,0,0,0,620.0758,542.741,564.2723,0,562.2881,544.7248,472.1613,443.3098,420.6048,409.706,0,379.5301,380.3868,381.2545,381.848,383.1953,0,0,399.5835,0,0,0,410.2264,405.7903,400.2951,398.079,398.3242,392.6165,387.6823,386.8292,395.3651,405.3192,436.9998,447.3696,469.68,0,0,0,0,0,0,0,0,0,0,0,0,0,0,0,0,0,0,0,0,0,0,0,0,0,0,0,0,0,0,0,0,0,0,0,0,0,0,0,0,0,0,0,0,0,0,0,0,0,0,0,0,0,0,0,
29,0,0,0,0,0,0,0,0,0,0,0,0,0,0,0,0,0,0,0,0,0,0,0,0,0,0,0,0,0,0,0,0,0,0,0,0,0,0,0,0,0,0,0,0,0,0,0,0,0,0,0,0,0,0,0,0,0,0,0,0,0,0,0,0,0,0,0,0,0,0,0,0,0,0,0,0,0,0,0,0,0,0,0,0,0,0,0,0,0,0,0,0,0,0,0,0,0,0,0,0,0,0,0,0,0,0,657.0594,714.3014,756.733,791.3815,817.2587,876.4916,876.0536,862.3935,848.7334,835.0734,821.4133,815.2674,829.2829,843.2985,857.3139,871.3295,760.166,746.7515,725.2195,0,0,0,0,0,0,0,0,0,0,0,0,0,0,0,0,0,0,0,0,0,0,0,0,0,0,0,0,0,0,0,0,0,0,0,0,0,0,0,724.3705,747.5565,760.7614,893.2831,891.6415,890,888.3584,886.7169,886.8113,888.1816,889.5519,890.9222,892.2925,893.323,891.5128,889.7025,887.8923,886.082,884.2717,874.0522,859.0477,844.0433,829.0388,814.0343,799.8246,789.556,779.2873,769.0187,758.7499,748.4813,745.1241,744.7526,744.3812,744.0098,743.6384,738.0549,714.9038,691.7527,668.6016,645.4506,622.2994,629.3091,645.8803,662.4515,679.0228,695.594,709.5604,717.1426,724.7248,732.3069,739.8891,747.4713,749.3005,749.8691,750.4378,751.0064,751.5751,751.2847,749.4043,747.524,745.6436,743.7632,741.8829,742.8669,744.2369,745.607,746.9771,748.3471,747.5839,743.7728,739.9615,736.1503,732.3391,728.5278,722.299,715.9219,709.5447,703.1676,696.7905,698.0842,707.9352,717.7861,727.637,737.488,747.3026,745.7214,744.1403,742.5591,740.978,739.3969,739.4777,741.0106,742.5436,744.0767,745.6096,747.993,762.782,777.571,792.36,807.1489,821.9379,827.9963,828.103,828.2097,828.3164,828.4231,828.0275,824.1198,820.212,816.3043,812.3966,808.4888,810.0554,814.4975,818.9396,823.3817,827.8237,831.5413,832.0898,832.6382,833.1868,833.7352,834.2837,833.7927,832.8906,831.9885,831.0864,830.1843,826.3588,813.625,800.8911,788.1573,775.4234,762.6895,752.4114,742.8359,733.2604,723.6849,714.1094,713.8167,734.376,754.9352,775.4945,796.0538,816.6131,832.25,846.939,861.6281,876.3171,891.0062,898.7881,894.7595,890.731,886.7023,882.6738,878.6453,877.4743,876.6227,875.771,874.9194,874.0677,871.8605,867.8562,863.852,859.8477,855.8435,851.8392,737.4495,698.5024,622.8147,0,0,0,0,0,0,0,0,0,0,0,0,0,0,0,0,0,0,0,401.7379,415.326,416.0503,410.5726,406.0554,401.0831,398.2493,388.0023,386.8371,386.6909,386.8786,395.4215,412.7424,446.9555,469.5306,0,0,0,0,0,0,0,0,0,0,0,0,0,0,0,0,0,0,0,0,0,0,0,0,0,0,0,0,0,0,0,0,0,0,0,0,0,0,0,0,0,0,0,0,0,0,0,0,0,0,0,0,0,0,0,
30,0,0,0,0,0,0,0,0,0,0,0,0,0,0,0,0,0,0,0,0,0,0,0,0,0,0,0,0,0,0,0,0,0,0,0,0,0,0,0,0,0,0,0,0,0,0,0,0,0,0,0,0,0,0,0,0,0,0,0,0,0,0,0,0,0,0,0,0,0,0,0,0,0,0,0,0,0,0,0,0,0,0,0,0,0,0,0,0,0,0,0,0,0,0,0,0,0,0,0,0,0,0,0,0,0,627.7681,657.0594,718.319,762.4031,797.0146,875.2477,882.9966,874.6497,860.6773,846.705,832.7326,818.7603,810.2712,816.4946,798.5281,792.5753,774.5064,738.229,719.2272,688.4313,0,0,0,0,0,0,0,0,0,0,0,0,0,0,0,0,0,0,0,0,0,0,0,0,0,0,0,0,0,0,0,0,0,0,0,0,0,0,0,0,713.1688,731.6774,775.3898,796.041,794.6891,795.6447,800.6035,809.5656,816.0159,830.5039,849.0826,884.7922,893.803,892.5461,891.2892,890.0323,888.7755,887.5186,879.8527,868.54,857.2274,845.9148,834.6022,823.3587,812.4582,801.5578,790.6573,779.7568,768.8563,761.8155,756.4421,751.0687,745.6953,740.3219,730.5845,706.1377,681.691,657.2443,632.7977,608.351,615.6075,632.9149,650.2222,667.5295,684.8367,700.668,712.8815,725.0948,737.3083,749.5217,761.7352,764.0908,764.2864,764.4819,764.6775,764.873,763.3005,758.4551,753.6098,748.7645,743.9191,739.0737,741.4467,744.7925,748.1383,751.4841,754.8299,754.9367,750.4156,745.8943,741.3732,736.8521,732.3309,727.892,723.4582,719.0243,714.5905,710.1567,711.1934,718.3328,725.4722,732.6116,739.751,746.8615,744.886,742.9105,740.935,738.9594,736.9839,736.5934,737.5878,738.5823,739.5767,740.5711,742.7266,761.8194,780.9123,800.0052,819.0981,838.1909,844.1443,841.1406,838.137,835.1332,832.1295,828.9685,824.7073,820.4461,816.1849,811.9237,807.6625,809.9551,815.6904,821.4258,827.1611,832.8965,837.6174,837.9022,838.187,838.4717,838.7565,839.0413,838.2606,837.0585,835.8565,834.6545,833.4524,829.3463,816.39,803.4338,790.4775,777.5212,764.5651,755.5229,747.6005,739.678,731.7556,723.8332,725.259,747.6837,770.1084,792.5331,814.9578,837.3825,850.1053,860.96,871.8146,882.6691,893.5238,900.1743,899.636,899.0977,898.5594,898.0211,897.4828,894.0387,890.2699,886.5011,882.7324,878.9635,875.2526,871.6182,867.9839,864.3496,860.7153,857.0809,740.5687,701.4685,625.46,0,0,0,0,0,0,0,0,0,0,0,0,0,0,0,0,0,0,0,400.6304,402.1314,402.7021,416.4596,406.2915,406.2885,397.1702,398.4016,388.0115,386.8626,386.7593,386.0686,397.6987,446.6029,461.618,0,0,0,0,0,0,0,0,0,0,0,0,0,0,0,0,0,0,0,0,0,0,0,0,0,0,0,0,0,0,0,0,0,0,0,0,0,0,0,0,0,0,0,0,0,0,0,0,0,0,0,0,0,0,0,
31,0,0,0,0,0,0,0,0,0,0,0,0,0,0,0,0,0,0,0,0,0,0,0,0,0,0,0,0,0,0,0,0,0,0,0,0,0,0,0,0,0,0,0,0,0,0,0,0,0,0,0,0,0,0,0,0,0,0,0,0,0,0,0,0,0,0,0,0,0,0,0,0,0,0,0,0,0,0,0,0,0,0,0,0,0,0,0,0,0,0,0,0,0,0,0,0,0,0,0,0,0,0,0,0,0,0,657.0594,709.2987,750.0836,785.4825,812.967,874.6765,882.5328,872.6244,862.7159,852.8075,842.8991,822.4372,787.7558,771.9482,757.2023,737.8177,707.2903,687.2498,0,0,0,0,0,0,0,0,0,0,0,0,0,0,0,0,0,0,0,0,0,0,0,0,0,0,0,0,0,0,0,0,0,0,0,0,0,0,0,0,0,0,0,0,0,764.784,766.965,774.0453,786.0251,783.5632,799.6478,825.1983,842.9255,893.5104,892.3649,891.2193,890.0738,888.9282,887.7827,880.2281,869.0269,857.8256,846.6243,835.423,824.4777,814.802,805.1262,795.4505,785.7748,776.099,766.7064,757.4361,748.1658,738.8955,729.6252,719.1752,704.7491,690.323,675.8969,661.4708,647.0446,651.7678,662.5617,673.3557,684.1495,694.9435,705.326,714.7003,724.0746,733.4489,742.8231,752.1974,755.5497,757.5823,759.6149,761.6476,763.6803,763.1442,757.8536,752.5629,747.2722,741.9814,736.6907,736.1164,736.1777,736.239,736.3002,736.3615,736.8281,737.8739,738.9197,739.9656,741.0114,742.0572,737.7303,733.0738,728.4172,723.7607,719.1042,718.3657,721.9979,725.6301,729.2623,732.8945,736.5151,736.488,736.461,736.4339,736.4069,736.3798,737.1058,738.49,739.8741,741.2582,742.6423,745.0161,761.8265,778.6369,795.4473,812.2576,829.0681,835.4535,834.7323,834.011,833.2898,832.5686,831.5925,828.8344,826.0763,823.3181,820.5601,817.8019,819.6632,823.9511,828.2391,832.527,836.8149,840.1196,839.1239,838.1283,837.1326,836.137,835.1414,831.7239,827.3487,822.9735,818.5982,814.223,808.4153,798.2426,788.0698,777.8971,767.7244,757.5516,757.8725,761.1954,764.5183,767.8412,771.1641,777.5416,790.7808,804.0199,817.2592,830.4983,843.7375,853.7634,863.1707,872.5778,881.985,891.3922,896.4926,894.2285,891.9644,889.7004,887.4363,885.1723,884.2588,883.4962,882.7335,881.9709,881.2083,878.8757,874.4621,870.0483,865.6347,861.2209,856.8073,742.5523,703.2871,627.0786,0,0,0,0,0,0,0,0,0,0,0,0,0,0,0,0,0,0,0,382.6502,401.0225,402.4626,402.956,397.051,386.9502,406.4954,397.325,388.135,388.0286,386.8929,386.8224,386.1434,422.0425,0,0,0,0,0,0,0,0,0,0,0,0,0,0,0,0,0,0,0,0,0,0,0,0,0,0,0,0,0,0,0,0,0,0,0,0,0,0,0,0,0,0,0,0,0,0,0,0,0,0,0,0,0,0,0,0,
32,0,0,0,0,0,0,0,0,0,0,0,0,0,0,0,0,0,0,0,0,0,0,0,0,0,0,0,0,0,0,0,0,0,0,0,0,0,0,0,0,0,0,0,0,0,0,0,0,0,0,0,0,0,0,0,0,0,0,0,0,0,0,0,0,0,0,0,0,0,0,0,0,0,0,0,0,0,0,0,0,0,0,0,0,0,0,0,0,0,0,0,0,0,0,0,0,0,0,0,0,0,0,0,0,0,0,0,0,706.7783,735.8828,758.2894,771.3586,890.4161,884.5715,878.727,872.8825,867.038,746.4592,730.5307,709.046,685.4955,667.0014,653.8472,0,0,0,0,0,0,0,0,0,0,0,0,0,0,0,0,0,0,0,0,0,0,0,0,0,0,0,0,0,0,0,0,0,0,0,0,0,0,0,0,0,0,0,0,0,0,0,0,0,735.0756,715.263,731.4406,762.0813,783.0111,797.7259,892.1836,891.1494,890.1152,889.081,888.0468,880.6036,869.5136,858.4237,847.3337,836.2438,825.5967,817.1457,808.6947,800.2437,791.7927,783.3417,771.5974,758.4301,745.2629,732.0958,718.9286,707.7661,703.3605,698.955,694.5494,690.1439,685.7383,687.928,692.2086,696.4891,700.7697,705.0502,709.9841,716.5192,723.0543,729.5894,736.1246,742.6597,747.0085,750.8783,754.748,758.6177,762.4875,762.9881,757.252,751.5159,745.7798,740.0438,734.3077,730.7861,727.5629,724.3396,721.1163,717.8931,718.7195,725.3323,731.9451,738.5579,745.1707,751.7836,747.5685,742.6893,737.8101,732.931,728.0518,725.538,725.663,725.788,725.913,726.038,726.1687,728.0901,730.0115,731.9329,733.8543,735.7756,737.6183,739.3921,741.1659,742.9397,744.7135,747.3055,761.8334,776.3614,790.8893,805.4173,819.9452,826.7627,828.3239,829.8851,831.4464,833.0076,834.2165,832.9614,831.7064,830.4514,829.1964,827.9413,829.3713,832.2119,835.0523,837.8928,840.7333,842.6216,840.3456,838.0696,835.7935,833.5175,831.2415,825.1873,817.6388,810.0904,802.542,794.9936,787.4845,780.0952,772.706,765.3167,757.9275,750.5382,760.2221,774.7903,789.3586,803.9268,818.495,829.8242,833.8779,837.9315,841.9852,846.0388,850.0925,857.4215,865.3813,873.3411,881.3008,889.2606,892.8108,888.821,884.8312,880.8414,876.8516,872.8618,874.4789,876.7225,878.966,881.2095,883.4531,882.499,877.3058,872.1128,866.9197,861.7266,729.8651,703.8163,664.6063,0,0,0,0,0,0,0,0,0,0,0,0,0,0,0,0,0,0,0,384.8615,385.2301,382.8343,383.2643,402.7466,403.1771,397.1227,386.9472,397.4467,397.4621,388.1462,382.9944,386.7317,386.8806,0,0,0,0,0,0,0,0,0,0,0,0,0,0,0,0,0,0,0,0,0,0,0,0,0,0,0,0,0,0,0,0,0,0,0,0,0,0,0,0,0,0,0,0,0,0,0,0,0,0,0,0,0,0,0,0,0,
33,0,0,0,0,0,0,0,0,0,0,0,0,0,0,0,0,0,0,0,0,0,0,0,0,0,0,0,0,0,0,0,0,0,0,0,0,0,0,0,0,0,0,0,0,0,0,0,0,0,0,0,0,0,0,0,0,0,0,0,0,0,0,0,0,0,0,0,0,0,0,0,0,0,0,0,0,0,0,0,0,0,0,0,0,0,0,0,0,0,0,0,0,0,0,0,0,0,0,0,0,0,0,0,0,0,0,0,0,0,0,724.8367,746.1448,794.1129,818.7897,820.1753,809.962,779.2454,728.0252,704.3818,668.4489,620.2928,577.9674,549.7803,0,0,0,0,0,0,0,0,0,0,0,0,0,0,0,0,0,0,0,0,0,0,0,0,0,0,0,0,0,0,0,0,0,0,0,0,0,0,0,0,0,0,0,0,0,0,0,0,0,0,627.9544,671.0437,722.0006,753.8962,775.3082,816.3902,839.6243,849.2193,889.2338,888.3109,880.9791,870.0004,859.0219,848.0432,837.0646,826.7158,819.4895,812.2632,805.037,797.8107,790.5844,776.4882,759.4241,742.36,725.296,708.2319,696.3568,701.9719,707.5869,713.202,718.817,724.432,724.0883,721.8554,719.6226,717.3898,715.157,714.6421,718.3381,722.0341,725.73,729.426,733.1219,738.4673,744.1742,749.8811,755.588,761.2948,762.8318,756.6505,750.4691,744.2876,738.1062,731.9247,725.4557,718.9479,712.4402,705.9324,699.4247,700.611,712.7907,724.9705,737.1503,749.3301,761.5099,757.4068,752.3049,747.2031,742.1012,736.9993,732.7104,729.3281,725.9459,722.5637,719.1815,715.8223,719.6922,723.562,727.4318,731.3016,735.1715,738.1307,740.2942,742.4578,744.6212,746.7847,749.595,761.8405,774.0859,786.3314,798.5769,810.8224,818.0718,821.9156,825.7592,829.603,833.4467,836.8405,837.0885,837.3365,837.5846,837.8326,838.0807,839.0795,840.4725,841.8656,843.2587,844.6517,845.1238,841.5673,838.0109,834.4543,830.8979,827.3415,818.6506,807.929,797.2073,786.4858,775.7642,766.5536,761.9479,757.3421,752.7363,748.1306,743.5248,762.5718,788.3853,814.1989,840.0123,865.8258,882.1068,876.9749,871.8431,866.7112,861.5793,856.4474,861.0797,867.592,874.1043,880.6166,887.129,889.1291,883.4135,877.6979,871.9824,866.2668,860.5512,864.699,869.9487,875.1984,880.4482,885.6979,886.1222,880.1497,822.6465,810.9474,778.2631,720.4124,693.8936,654.6483,0,0,0,0,0,0,0,0,0,0,0,0,0,0,0,0,0,0,0,0,385.1227,382.5684,382.9888,383.3623,402.9932,383.4734,397.1937,386.9508,397.5727,388.2514,388.1622,383.0308,386.8006,386.9342,0,0,0,0,0,0,0,0,0,0,0,0,0,0,0,0,0,0,0,0,0,0,0,0,0,0,0,0,0,0,0,0,0,0,0,0,0,0,0,0,0,0,0,0,0,0,0,0,0,0,0,0,0,0,0,0,
34,0,0,0,0,0,0,0,0,0,0,0,0,0,0,0,0,0,0,0,0,0,0,0,0,0,0,0,0,0,0,0,0,0,0,0,0,0,0,0,0,0,0,0,0,0,0,0,0,0,0,0,0,0,0,0,0,0,0,0,0,0,0,0,0,0,0,0,0,0,0,0,0,0,0,0,0,0,0,0,0,0,0,0,0,0,0,0,0,0,0,0,0,0,0,0,0,0,0,0,0,0,0,0,0,0,0,0,0,0,0,0,0,771.5812,802.0292,805.9951,796.3838,762.0259,702.9214,677.8761,637.0981,588.6742,510.4727,0,0,0,0,0,0,0,0,0,0,0,0,0,0,0,0,0,0,0,0,0,0,0,0,0,0,0,0,0,0,0,0,0,0,0,0,0,0,0,0,0,0,0,0,0,0,0,0,0,0,0,0,0,0,0,747.2565,781.3181,802.6539,816.6487,829.789,870.9272,882.1287,874.2377,866.3466,858.4556,850.5645,843.0163,837.1688,831.3212,825.4736,819.626,813.7784,800.2794,783.4749,766.6703,749.8658,733.0612,720.92,724.4968,728.0737,731.6505,735.2274,738.8041,738.0893,736.014,733.9385,731.8632,729.7878,728.7405,730.2131,731.6856,733.1581,734.6307,736.1032,739.3991,743.0945,746.79,750.4854,754.1808,755.4077,752.065,748.7223,745.3796,742.0369,738.6943,734.2803,729.722,725.1638,720.6055,716.0472,715.8343,721.8302,727.8261,733.822,739.8179,745.8138,745.2531,744.2902,743.3274,742.3644,741.4016,738.7046,734.073,729.4414,724.8098,720.1782,715.5752,719.9567,724.3383,728.7197,733.1012,737.4827,742.8602,749.108,755.3557,761.6035,767.8513,774.1268,780.8057,787.4846,794.1635,800.8425,807.5214,813.3834,818.6885,823.9937,829.2988,834.6039,839.2975,839.7145,840.1314,840.5484,840.9654,841.3823,839.9091,837.4431,834.977,832.5109,830.0448,828.0829,828.3261,828.5693,828.8126,829.0558,829.299,815.587,796.3555,777.1241,757.8926,738.6613,723.9213,722.8687,721.8162,720.7636,719.7111,718.6585,742.771,774.0826,805.3943,836.706,868.0177,888.2611,883.642,879.0229,874.4038,869.7848,865.1657,867.7203,871.6564,875.5924,879.5284,883.4645,884.0731,878.9922,873.9113,868.8304,863.7496,858.6686,857.7375,857.2701,856.8026,856.3351,855.8677,836.7454,792.7686,779.9943,768.049,744.7521,704.5864,677.3735,638.1316,0,0,0,0,0,0,0,0,0,0,0,0,0,0,0,0,0,0,0,0,0,385.3456,382.7546,383.1203,383.4474,403.2098,383.4628,386.8735,386.9592,397.6849,388.2624,388.1817,383.0658,386.8632,402.3719,439.7094,0,479.8968,479.8506,478.3801,0,0,0,0,0,482.5569,482.5979,0,0,0,0,0,0,0,0,0,0,0,0,0,0,0,0,0,0,0,0,0,0,0,0,0,0,0,0,0,0,0,0,0,0,0,0,0,0,0,0,0,0,0,
35,0,0,0,0,0,0,0,0,0,0,0,0,0,0,0,0,0,0,0,0,0,0,0,0,0,0,0,0,0,0,0,0,0,0,0,0,0,0,0,0,0,0,0,0,0,0,0,0,0,0,0,0,0,0,0,0,0,0,0,0,0,0,0,0,0,0,0,0,0,0,0,0,0,0,0,0,0,0,0,0,0,0,0,0,0,0,0,0,0,0,0,0,0,0,0,0,0,0,0,0,0,0,0,0,0,0,0,0,0,0,0,0,729.6917,763.7484,769.6291,760.7935,724.6315,661.1432,634.3758,578.7701,505.4203,0,0,0,0,0,0,0,0,0,0,0,0,0,0,0,0,0,0,0,0,0,0,0,0,0,0,0,0,0,0,0,0,0,0,0,0,0,0,0,0,0,0,0,0,0,0,0,0,0,0,0,0,0,0,0,0,705.1201,717.3447,733.4572,752.9261,772.0317,852.0455,883.3441,878.7932,874.2424,869.6915,865.1406,860.6057,856.1498,851.694,847.2382,842.7823,838.3265,825.6749,809.4827,793.2906,777.0984,760.9063,748.5367,749.0517,749.5667,750.0817,750.5967,751.1117,750.2094,748.8577,747.506,746.1543,744.8026,743.6402,742.9416,742.243,741.5445,740.8459,740.1473,741.1351,742.4924,743.8497,745.207,746.5643,747.3666,747.1414,746.9162,746.691,746.4658,746.2406,744.3065,742.142,739.9775,737.813,735.6486,733.8872,732.7017,731.5161,730.3306,729.1451,727.9596,731.2325,734.7789,738.3253,741.8717,745.4181,744.5988,738.9095,733.2202,727.5308,721.8415,716.1854,720.9566,725.7278,730.499,735.2702,740.0414,747.9476,758.5933,769.239,779.8847,790.5304,800.5466,801.3802,802.2138,803.0474,803.881,804.7145,809.0347,815.7316,822.4285,829.1254,835.8223,841.7404,842.213,842.6857,843.1583,843.6309,844.1036,839.9852,833.4552,826.9252,820.3952,813.8652,809.3831,813.8572,818.3314,822.8055,827.2796,831.7537,812.8182,784.6239,756.4296,728.2354,700.0411,679.4468,682.0128,684.5787,687.1447,689.7107,692.2767,721.0898,757.4119,793.7338,830.0557,866.3776,890.4996,887.2166,883.9336,880.6506,877.3676,874.0846,874.6143,875.8782,877.1421,878.4059,879.6699,878.9005,874.6547,870.4088,866.163,861.9171,857.6713,851.0153,844.0901,837.165,830.2398,823.3147,782.8696,742.8744,722.6144,703.5897,686.6557,672.8275,644.36,0,0,0,0,0,0,0,0,0,0,0,0,0,0,0,0,0,0,0,0,0,0,380.437,385.5377,382.9128,383.2335,383.5222,383.7815,383.4582,386.8931,386.9712,397.7855,388.2765,388.2035,383.0992,397.5511,431.3123,468.5484,479.8948,479.8517,478.382,478.173,0,0,478.9978,481.2478,482.5561,482.5943,0,0,0,0,0,0,0,0,0,0,0,0,0,0,0,0,0,0,0,0,0,0,0,0,0,0,0,0,0,0,0,0,0,0,0,0,0,0,0,0,0,0,0,
36,0,0,0,0,0,0,0,0,0,0,0,0,0,0,0,0,0,0,0,0,0,0,0,0,0,0,0,0,0,0,0,0,0,0,0,0,0,0,0,0,0,0,0,0,0,0,0,0,0,0,0,0,0,0,0,0,0,0,0,0,0,0,0,0,0,0,0,0,0,0,0,0,0,0,0,0,0,0,0,0,0,0,0,0,0,0,0,0,0,0,0,0,0,0,0,0,0,0,0,0,0,0,0,0,0,0,0,0,0,0,0,0,0,0,0,0,0,0,0,0,0,0,0,0,0,0,0,0,0,0,0,0,0,0,0,0,0,0,0,0,0,0,0,0,0,0,0,0,0,0,0,0,0,0,0,0,0,0,0,0,0,0,0,0,0,0,0,0,0,0,0,0,0,0,0,0,0,0,0,0,638.4915,668.4044,690.6188,884.5594,883.3488,882.1381,880.9274,879.7167,878.195,875.1309,872.0668,869.0027,865.9387,862.8746,851.0705,835.4907,819.9109,804.3311,788.7513,776.1534,773.6066,771.0598,768.5129,765.9661,763.4193,762.3294,761.7014,761.0734,760.4454,759.8174,758.5399,755.6702,752.8005,749.9308,747.0612,744.1914,742.8711,741.8903,740.9094,739.9286,738.9478,739.3254,742.2177,745.1101,748.0024,750.8947,753.787,754.3326,754.562,754.7913,755.0207,755.25,751.9401,743.5731,735.2062,726.8392,718.4723,710.1053,717.2119,725.2676,733.3232,741.3789,749.4345,750.493,743.746,736.999,730.2519,723.5048,716.7957,721.9565,727.1174,732.2783,737.4391,742.6,753.035,768.0786,783.1223,798.1658,813.2095,826.9665,821.9547,816.943,811.9313,806.9194,801.9077,804.686,812.7747,820.8632,828.9519,837.0405,844.1832,844.7115,845.2398,845.7681,846.2965,846.8248,840.0612,829.4673,818.8735,808.2796,797.6857,790.6833,799.3884,808.0934,816.7984,825.5035,834.2085,810.0494,772.8923,735.7351,698.578,661.4209,634.9722,641.1567,647.3412,653.5258,659.7103,665.8948,699.4087,740.741,782.0732,823.4055,864.7377,892.7381,890.7911,888.8442,886.8973,884.9503,883.0034,881.5082,880.1,878.6917,877.2834,875.8752,873.7279,870.3171,866.9063,863.4955,860.0847,856.6739,844.2932,830.9103,817.5274,804.1445,790.7617,728.9937,688.1641,651.5231,609.1889,576.7361,577.3366,545.3733,0,0,0,0,0,0,0,0,0,0,0,0,0,0,0,0,0,0,0,0,0,0,0,377.392,385.7048,383.0486,383.332,383.5886,383.8203,383.4583,386.9142,386.9857,391.6216,388.2931,383.1397,383.131,419.0778,439.1469,479.8929,479.8528,478.3836,478.1761,478.1719,478.9641,478.9986,481.2484,482.5553,0,484.7066,0,0,0,0,0,0,0,0,0,0,0,0,0,0,0,0,0,0,0,0,0,0,0,0,0,0,0,0,0,0,0,0,0,0,0,0,0,0,0,0,0,0,
37,0,0,0,0,0,0,0,0,0,0,0,0,0,0,0,0,0,0,0,0,0,0,0,0,0,0,0,0,0,0,0,0,0,0,0,0,0,0,0,0,0,0,0,0,0,0,0,0,0,0,0,0,0,0,0,0,0,0,0,0,0,0,0,0,0,0,0,0,0,0,0,0,0,0,0,0,0,0,0,0,0,0,0,0,0,0,0,0,0,0,0,0,0,0,0,0,0,0,0,0,0,0,0,0,0,0,0,0,0,0,0,0,0,0,0,0,0,0,0,0,0,0,0,0,0,0,0,0,0,0,0,0,0,0,0,0,0,0,0,0,0,0,0,0,0,0,0,0,0,0,0,0,0,0,0,0,0,0,0,0,0,0,0,0,0,0,0,0,0,0,0,0,0,0,0,0,0,0,0,0,0,621.1991,651.5294,717.7696,759.4327,786.9371,810.2498,849.9735,874.5166,874.5124,874.5081,874.5039,874.4998,874.4955,864.3644,849.8583,835.3523,820.8463,806.3402,794.5683,792.0119,789.4555,786.8992,784.3428,781.7864,779.7885,777.9677,776.1469,774.326,772.5052,770.1729,766.5873,763.0016,759.416,755.8303,752.2446,749.6638,747.3031,744.9424,742.5817,740.221,739.7008,742.5874,745.4739,748.3605,751.2471,754.1336,755.1304,755.8724,756.6145,757.3566,758.0986,755.1,746.7565,738.413,730.0695,721.726,713.3825,719.8901,727.3088,734.7273,742.1459,749.5645,750.9783,745.6934,740.4086,735.1237,729.8389,724.5934,731.7056,738.8178,745.93,753.0422,760.1544,770.134,782.6191,795.1042,807.5894,820.0745,831.4037,825.8704,820.3371,814.8038,809.2705,803.7372,805.5909,812.4805,819.3699,826.2594,833.1489,839.0496,838.0364,837.0233,836.0101,834.9969,833.9838,827.2129,817.4175,807.6221,797.8267,788.0313,781.5283,789.4243,797.3204,805.2166,813.1126,821.0087,795.5386,756.872,718.2053,679.5386,640.8719,614.4087,625.1345,635.8605,646.5863,657.3121,668.038,700.6073,739.4255,778.2438,817.0621,855.8803,883.0556,884.0774,885.0992,886.1209,887.1427,888.1645,885.771,882.7198,879.6686,876.6176,873.5664,871.0967,869.6212,868.1456,866.6701,865.1946,863.7191,848.5016,831.7488,814.9961,798.2433,781.4905,711.2546,651.2489,603.6356,540.0491,476.4625,541.7098,0,0,0,0,0,0,0,0,0,0,0,0,0,0,0,0,0,0,0,0,0,0,0,0,0,377.5728,377.7281,383.1664,383.4185,383.6479,383.3947,383.462,386.9362,387.0019,391.6351,388.3113,383.1693,397.7675,431.2442,464.5433,479.8537,478.3851,478.1789,478.175,478.967,478.9993,481.2491,0,482.5881,0,0,0,0,0,0,0,0,0,0,0,0,0,0,0,0,0,0,0,0,0,0,0,0,0,0,0,0,0,0,0,0,0,0,0,0,0,0,0,0,0,0,0,
38,0,0,0,0,0,0,0,0,0,0,0,0,0,0,0,0,0,0,0,0,0,0,0,0,0,0,0,0,0,0,0,0,0,0,0,0,0,0,0,0,0,0,0,0,0,0,0,0,0,0,0,0,0,0,0,0,0,0,0,0,0,0,0,0,0,0,0,0,0,0,0,0,0,0,0,0,0,0,0,0,0,0,0,0,0,0,0,0,0,0,0,0,0,0,0,0,0,0,0,0,0,0,0,0,0,0,0,0,0,0,0,0,0,0,0,0,0,0,0,0,0,0,0,0,0,0,0,0,0,0,0,0,0,0,0,0,0,0,0,0,0,0,0,0,0,0,0,0,0,0,0,0,0,0,0,0,0,0,0,0,0,0,0,0,0,0,0,0,0,0,0,0,0,0,0,0,0,0,0,0,0,0,599.6812,673.9481,714.3676,747.4919,780.1607,803.4507,858.747,862.751,866.755,870.759,874.763,878.767,870.7782,857.6082,844.4382,831.2682,818.0983,807.7516,806.921,806.0903,805.2597,804.4291,803.5985,800.283,796.1796,792.0764,787.9731,783.8698,779.9488,776.4744,773.0001,769.5258,766.0515,762.5772,759.3314,756.1356,752.9399,749.7442,746.5485,744.8613,745.9664,747.0715,748.1766,749.2817,750.3868,750.6815,750.8668,751.0522,751.2375,751.4229,749.7928,745.569,741.345,737.1211,732.8972,728.6733,732.062,735.9177,739.7734,743.6292,747.4849,748.3883,745.9983,743.6082,741.2182,738.8282,736.4774,746.4288,756.3802,766.3315,776.2829,786.2343,794.0618,800.0336,806.0054,811.9772,817.9489,823.3433,820.3151,817.287,814.2588,811.2306,808.2025,809.4827,813.7001,817.9174,822.1347,826.3521,829.6085,826.1458,822.6832,819.2205,815.7579,812.2953,807.0167,800.7842,794.5516,788.3191,782.0865,777.7996,782.0215,786.2434,790.4653,794.6871,798.9091,774.3524,738.4135,702.4747,666.5358,630.5969,607.4392,623.231,639.0228,654.8146,670.6065,686.3983,714.8135,746.8401,778.8666,810.8931,842.9197,866.5958,871.5145,876.433,881.3517,886.2704,891.1891,888.5379,884.429,880.3201,876.2112,872.1024,869.9102,870.9955,872.0808,873.1661,874.2514,875.3367,858.9244,840.5572,822.1901,803.8228,785.4556,714.0601,632.2592,580.126,510.6585,441.1909,483.054,0,0,0,0,0,0,0,0,0,0,0,0,0,0,0,0,0,0,0,0,0,0,0,0,0,0,394.2726,389.5396,377.9828,383.4949,383.7012,383.4072,383.4684,386.9586,387.0193,391.651,386.8399,390.1773,418.7214,464.1383,479.8545,478.3865,478.1814,478.1777,478.9697,479,481.2496,482.554,0,0,0,0,0,0,0,0,0,0,0,0,0,0,0,0,0,0,0,0,0,0,0,0,0,0,0,0,0,0,0,0,0,0,0,0,0,0,0,0,0,0,0,0,
39,0,0,0,0,0,0,0,0,0,0,0,0,0,0,0,0,0,0,0,0,0,0,0,0,0,0,0,0,0,0,0,0,0,0,0,0,0,0,0,0,0,0,0,0,0,0,0,0,0,0,0,0,0,0,0,0,0,0,0,0,0,0,0,0,0,0,0,0,0,0,0,0,0,0,0,0,0,0,0,0,0,0,0,0,0,0,0,0,0,0,0,0,0,0,0,0,0,0,0,0,0,0,0,0,0,0,0,0,0,0,0,0,0,0,0,0,0,0,0,0,0,0,0,0,0,0,0,0,0,0,0,0,0,0,0,0,0,0,0,0,0,0,0,0,0,0,0,0,0,0,0,0,0,0,0,0,0,0,0,0,0,0,0,0,0,0,0,0,0,0,0,0,0,0,0,0,0,0,0,0,0,0,0,0,641.4652,691.4496,741.71,774.868,842.9774,850.9896,859.0019,867.0141,875.0264,883.0386,877.192,865.358,853.5242,841.6902,829.8563,820.9349,821.83,822.7252,823.6203,824.5154,825.4106,820.7775,814.3917,808.0059,801.6202,795.2344,789.7246,786.3616,782.9987,779.6357,776.2727,772.9098,768.999,764.9682,760.9374,756.9066,752.8759,750.0216,749.3453,748.669,747.9927,747.3163,746.6401,746.2325,745.8611,745.4899,745.1185,744.7472,744.4858,744.3814,744.277,744.1727,744.0684,743.964,744.2339,744.5267,744.8196,745.1124,745.4053,745.7983,746.3032,746.8079,747.3128,747.8176,748.3615,761.152,773.9425,786.7331,799.5236,812.3141,817.9897,817.4481,816.9065,816.3649,815.8232,815.2828,814.7598,814.2368,813.7138,813.1907,812.6677,813.3746,814.9197,816.4649,818.0101,819.5552,820.1673,814.2552,808.3431,802.431,796.5189,790.6069,786.8206,784.1508,781.4812,778.8115,776.1419,774.071,774.6187,775.1663,775.7141,776.2617,776.8094,753.1661,719.955,686.744,653.533,620.3219,600.4697,621.3275,642.1852,663.043,683.9008,704.7586,729.0198,754.2546,779.4893,804.7242,829.959,850.1359,858.9515,867.767,876.5826,885.3981,894.2137,891.3048,886.1382,880.9716,875.8049,870.6384,868.7238,872.3699,876.016,879.6622,883.3082,886.9543,869.3473,849.3656,829.384,809.4023,789.4207,716.8656,631.5795,578.0711,506.5192,434.9673,461.8852,0,0,0,0,0,0,0,0,0,0,0,0,0,0,0,0,0,0,0,0,0,0,0,0,0,0,0,0,0,0,0,0,383.4208,383.4768,386.9811,387.0373,388.4041,386.8594,414.4091,443.1028,463.248,478.3877,478.1837,478.1803,478.9721,479.0006,0,0,0,0,0,0,0,0,0,0,0,0,0,0,0,0,0,0,0,0,0,0,0,0,0,0,0,0,0,0,0,0,0,0,0,0,0,0,0,0,0,0,0,0,0,0,
40,0,0,0,0,0,0,0,0,0,0,0,0,0,0,0,0,0,0,0,0,0,0,0,0,0,0,0,0,0,0,0,0,0,0,0,0,0,0,0,0,0,0,0,0,0,0,0,0,0,0,0,0,0,0,0,0,0,0,0,0,0,0,0,0,0,0,0,0,0,0,0,0,0,0,0,0,0,0,0,0,0,0,0,0,0,0,0,0,0,0,0,0,0,0,0,0,0,0,0,0,0,0,0,0,0,0,0,0,0,0,0,0,0,0,0,0,0,0,0,0,0,0,0,0,0,0,0,0,0,0,0,0,0,0,0,0,0,0,0,0,0,0,0,0,0,0,0,0,0,0,0,0,0,0,0,0,0,0,0,0,0,0,0,0,0,0,0,0,0,0,0,0,0,0,0,0,0,0,0,0,0,0,0,0,0,645.415,713.2834,753.4755,835.1617,845.2151,855.2687,865.3221,875.3756,885.4291,881.6533,871.9029,862.1525,852.4022,842.6518,835.2684,835.8633,836.4583,837.0532,837.6481,838.243,833.5818,827.2543,820.9268,814.5993,808.2718,801.9521,795.6517,789.3511,783.0507,776.7502,770.4498,767.0848,764.3629,761.6412,758.9193,756.1975,753.9133,752.439,750.9648,749.4905,748.0162,746.542,745.4797,744.473,743.4663,742.4596,741.4529,741.8903,744.3909,746.8915,749.3922,751.8928,754.3934,752.8654,751.0903,749.3152,747.54,745.765,746.3894,749.6907,752.992,756.2933,759.5946,762.9114,771.0862,779.261,787.4359,795.6107,803.7855,806.7194,805.0736,803.4278,801.782,800.1363,798.804,802.0449,805.2859,808.5269,811.7679,815.0089,815.6058,814.4001,813.1945,811.9888,810.7831,808.7953,801.3386,793.8818,786.425,778.9683,771.5115,767.6076,765.5701,763.5325,761.4949,759.4572,757.7807,757.6833,757.586,757.4886,757.3913,757.2939,737.6636,710.3079,682.9521,655.5965,628.2408,613.4948,637.1762,660.8575,684.5389,708.2203,731.9017,751.8923,770.8271,789.762,808.6968,827.6317,843.965,854.4548,864.9445,875.4343,885.924,896.4138,892.1131,884.9643,877.8154,870.6666,863.5178,860.7095,865.3232,869.9369,874.5505,879.1642,883.7778,868.0713,850.0945,832.1177,814.1409,796.1641,724.1318,638.7548,585.0828,512.6631,440.2433,0,0,0,0,0,0,0,0,0,0,0,0,0,0,0,0,0,0,0,0,0,0,0,0,0,0,0,0,0,0,0,0,389.9264,388.1621,383.4352,383.4866,387.0035,377.3863,386.9326,406.6065,417.7151,462.8951,478.3889,478.1858,478.1826,478.9744,479.0012,0,0,0,0,0,0,0,0,0,0,0,0,0,0,0,0,0,0,0,0,0,0,0,0,0,0,0,0,0,0,0,0,0,0,0,0,0,0,0,0,0,0,0,0,0,0,
41,0,0,0,0,0,0,0,0,0,0,0,0,0,0,0,0,0,0,0,0,0,0,0,0,0,0,0,0,0,0,0,0,0,0,0,0,0,0,0,0,0,0,0,0,0,0,0,0,0,0,0,0,0,0,0,0,0,0,0,0,0,0,0,0,0,0,0,0,0,0,0,0,0,0,0,0,0,0,0,0,0,0,0,0,0,0,0,0,0,0,0,0,0,0,0,0,0,0,0,0,0,0,0,0,0,0,0,0,0,0,0,0,0,0,0,0,0,0,0,0,0,0,0,0,0,0,0,0,0,0,0,0,0,0,0,0,0,0,0,0,0,0,0,0,0,0,0,0,0,0,0,0,0,0,0,0,0,0,0,0,0,0,0,0,0,0,0,0,0,0,0,0,0,0,0,0,0,0,0,0,0,0,0,0,0,646.5826,712.6736,747.6608,841.9033,850.398,858.8928,867.3875,875.8822,884.377,882.5411,876.2422,869.9434,863.6445,857.3457,851.7071,848.2938,844.8804,841.4672,838.0538,834.6405,832.3115,830.3262,828.341,826.3558,824.3705,818.6666,803.8487,789.0307,774.2128,759.3948,744.5769,743.9733,746.4845,748.9957,751.5068,754.0179,755.4827,755.0105,754.5382,754.066,753.5939,753.1217,751.4916,749.7056,747.9194,746.1334,744.3473,744.2574,746.591,748.9246,751.2582,753.5919,755.9255,755.0173,753.9102,752.8032,751.696,750.5889,752.8025,758.7203,764.6381,770.5558,776.4736,782.3405,772.2556,762.1707,752.0858,742.0009,731.916,731.0289,738.1789,745.329,752.479,759.6291,766.9176,776.2266,785.5356,794.8446,804.1537,813.4626,814.7979,810.6974,806.5969,802.4964,798.3959,793.8894,786.5439,779.1985,771.8531,764.5077,757.1623,750.1945,743.4249,736.6553,729.8858,723.1163,718.5001,723.3017,728.1033,732.9048,737.7064,742.508,732.5637,716.7874,701.011,685.2346,669.4582,663.1144,685.5153,707.9163,730.3173,752.7182,775.1192,790.6262,804.1611,817.6959,831.2308,844.7657,856.6251,864.721,872.817,880.9129,889.0089,897.1048,889.3367,878.5135,867.6906,856.8676,846.0445,840.1989,842.8641,845.5293,848.1945,850.8597,853.525,845.3843,836.0363,826.6884,817.3404,807.9923,739.562,647.7056,593.9755,520.455,446.9345,0,0,0,0,0,0,0,0,0,0,0,0,0,0,0,0,0,0,0,0,0,0,0,0,0,0,0,0,0,0,0,0,0,0,398.353,383.4501,383.4976,387.0256,377.3651,395.2726,412.5824,443.2079,462.1519,478.1877,478.1847,478.9764,479.0016,481.251,0,0,0,0,0,0,0,0,0,0,0,0,0,0,0,0,0,0,0,0,0,0,0,0,0,0,0,0,0,0,0,0,0,0,0,0,0,0,0,0,0,0,0,0,0,
42,0,0,0,0,0,0,0,0,0,0,0,0,0,0,0,0,0,0,0,0,0,0,0,0,0,0,0,0,0,0,0,0,0,0,0,0,0,0,0,0,0,0,0,0,0,0,0,0,0,0,0,0,0,0,0,0,0,0,0,0,0,0,0,0,0,0,0,0,0,0,0,0,0,0,0,0,0,0,0,0,0,0,0,0,0,0,0,0,0,0,0,0,0,0,0,0,0,0,0,0,0,0,0,0,0,0,0,0,0,0,0,0,0,0,0,0,0,0,0,0,0,0,0,0,0,0,0,0,0,0,0,0,0,0,0,0,0,0,0,0,0,0,0,0,0,0,0,0,0,0,0,0,0,0,0,0,0,0,0,0,0,0,0,0,0,0,0,0,0,0,0,0,0,0,0,0,0,0,0,0,0,0,0,0,0,0,0,747.1558,848.6449,855.5809,862.5168,869.4528,876.3888,883.3248,883.4289,880.5815,877.7343,874.887,872.0397,868.1458,860.7242,853.3027,845.8812,838.4596,831.0381,831.0412,833.3982,835.7552,838.1122,840.4692,835.3812,812.0458,788.7103,765.3749,742.0394,718.704,720.8619,728.606,736.3501,744.0942,751.8384,757.0521,757.582,758.1118,758.6417,759.1715,759.7014,757.5035,754.938,752.3726,749.8071,747.2417,746.6245,748.7911,750.9577,753.1243,755.291,757.4576,757.1691,756.7301,756.2911,755.8521,755.413,759.2156,767.7498,776.2841,784.8184,793.3526,801.7696,773.425,745.0804,716.7358,688.3912,660.0466,655.3383,671.2842,687.23,703.176,719.1219,735.0313,750.4083,765.7853,781.1624,796.5394,811.9164,813.99,806.9946,799.9993,793.004,786.0087,778.9834,771.7494,764.5153,757.2813,750.0471,742.813,732.7813,721.2797,709.7783,698.2768,686.7753,679.2195,688.92,698.6205,708.3211,718.0216,727.7221,727.4639,723.2668,719.0698,714.8728,710.6757,712.7339,733.8545,754.975,776.0956,797.2161,818.3367,829.36,837.495,845.6299,853.7647,861.8996,869.2851,874.9872,880.6894,886.3915,892.0936,897.7958,886.5602,872.0629,857.5657,843.0684,828.5712,819.6882,820.405,821.1218,821.8386,822.5553,823.2721,822.6973,821.9781,821.259,820.5398,819.8206,754.9922,656.6059,602.8232,528.2076,453.5919,0,0,0,0,0,0,0,0,0,0,0,0,0,0,0,0,0,0,0,0,0,0,0,0,0,0,0,0,0,0,0,0,0,0,0,0,386.3021,386.323,387.0473,377.3481,406.0439,442.6935,461.8414,478.1895,478.1866,478.9783,479.0021,481.2514,0,0,0,0,0,0,0,0,0,0,0,0,0,0,0,0,0,0,0,0,0,0,0,0,0,0,0,0,0,0,0,0,0,0,0,0,0,0,0,0,0,0,0,0,0,
43,0,0,0,0,0,0,0,0,0,0,0,0,0,0,0,0,0,0,0,0,0,0,0,0,0,0,0,0,0,0,0,0,0,0,0,0,0,0,0,0,0,0,0,0,0,0,0,0,0,0,0,0,0,0,0,0,0,0,0,0,0,0,0,0,0,0,0,0,0,0,0,0,0,0,0,0,0,0,0,0,0,0,0,0,0,0,0,0,0,0,0,0,0,0,0,0,0,0,0,0,0,0,0,0,0,0,0,0,0,0,0,0,0,0,0,0,0,0,0,0,0,0,0,0,0,0,0,0,0,0,0,0,0,0,0,0,0,0,0,0,0,0,0,0,0,0,0,0,0,0,0,0,0,0,0,0,0,0,0,0,0,0,0,0,0,0,0,0,0,0,0,0,0,0,0,0,0,0,0,0,0,0,0,0,0,0,0,753.8154,855.5905,860.9292,866.268,871.6067,876.9454,882.2842,884.1689,884.5615,884.9541,885.3467,885.7393,883.515,872.47,861.425,850.38,839.335,828.29,830.306,836.4628,842.6195,848.7762,854.9329,850.2849,819.1554,788.0259,756.8963,725.7668,694.6373,699.39,712.0054,724.6208,737.2361,749.8515,758.4984,759.7995,761.1005,762.4016,763.7026,765.0036,762.4039,759.2784,756.1528,753.0273,749.9019,748.8801,750.8643,752.8485,754.8328,756.8169,758.8011,759.2693,759.6446,760.0198,760.395,760.7703,765.6097,775.4291,785.2485,795.0679,804.8872,814.5367,770.9183,727.2999,683.6815,640.0631,596.4447,588.782,612.5388,636.2954,660.0521,683.8088,707.3654,728.0024,748.6393,769.2764,789.9133,810.5504,813.2956,803.8441,794.3925,784.941,775.4895,766.2938,758.8863,751.4788,744.0714,736.6639,729.2564,716.4333,700.7656,685.0978,669.43,653.7622,643.6219,657.6557,671.6896,685.7234,699.7572,713.7911,722.8655,729.9785,737.0914,744.2043,751.3173,761.493,781.0022,800.5114,820.0207,839.5298,859.0391,865.5742,868.3975,871.2209,874.0444,876.8678,879.8951,883.3804,886.8657,890.3511,893.8364,897.3218,883.0312,865.3176,847.6041,829.8906,812.1769,800.6477,799.6931,798.7385,797.7839,796.8293,795.8746,802.2601,809.4656,816.6711,823.8766,831.0822,769.5305,664.7804,610.9108,535.2941,459.6775,0,0,0,0,0,0,0,0,0,0,0,0,0,0,0,0,0,0,0,0,0,0,0,0,0,0,0,0,0,0,0,0,0,0,0,0,0,388.231,386.3539,381.8619,405.7872,424.9861,452.8843,461.5709,478.1884,478.98,479.0025,0,0,0,0,0,0,0,0,0,0,0,0,0,0,0,0,0,0,0,0,0,0,0,0,0,0,0,0,0,0,0,0,0,0,0,0,0,0,0,0,0,0,0,0,0,0,
44,0,0,0,0,0,0,0,0,0,0,0,0,0,0,0,0,0,0,0,0,0,0,0,0,0,0,0,0,0,0,0,0,0,0,0,0,0,0,0,0,0,0,0,0,0,0,0,0,0,0,0,0,0,0,0,0,0,0,0,0,0,0,0,0,0,0,0,0,0,0,0,0,0,0,0,0,0,0,0,0,0,0,0,0,0,0,0,0,0,0,0,0,0,0,0,0,0,0,0,0,0,0,0,0,0,0,0,0,0,0,0,0,0,0,0,0,0,0,0,0,0,0,0,0,0,0,0,0,0,0,0,0,0,0,0,0,0,0,0,0,0,0,0,0,0,0,0,0,0,0,0,0,0,0,0,0,0,0,0,0,0,0,0,0,0,0,0,0,0,0,0,0,0,0,0,0,0,0,0,0,0,0,0,0,0,0,0,760.9725,865.2836,868.5068,871.7301,874.9534,878.1766,881.3999,882.9186,883.7009,884.4832,885.2654,886.0478,884.4806,874.9943,865.5081,856.0219,846.5357,837.0494,836.7777,839.4272,842.0767,844.7262,847.3757,840.8015,811.6204,782.4393,753.2582,724.0771,694.8961,699.999,712.6144,725.2297,737.8451,750.4605,758.2873,757.2502,756.2131,755.176,754.1389,753.1018,752.3339,751.6022,750.8705,750.1387,749.407,749.6331,751.2276,752.8221,754.4166,756.0112,757.6057,760.6741,763.8328,766.9915,770.1502,773.3089,771.7479,764.922,758.0961,751.2703,744.4444,737.5807,718.9025,700.2242,681.5458,662.8676,644.1892,645.2455,663.5466,681.8477,700.1487,718.4497,736.5399,751.5543,766.5686,781.5829,796.5973,811.6116,814.1301,808.1301,802.1301,796.1301,790.1301,783.4525,772.0368,760.6211,749.2054,737.7897,726.374,714.4334,702.2172,690.0009,677.7847,665.5684,657.626,668.3753,679.1246,689.874,700.6233,711.3726,725.0213,739.8167,754.612,769.4074,784.2028,798.6636,812.1048,825.546,838.9872,852.4285,865.8696,867.8517,866.5555,865.2594,863.9633,862.6671,862.8953,866.5476,870.1999,873.8523,877.5046,881.157,869.3675,854.6044,839.8414,825.0783,810.3152,801.4078,802.513,803.6181,804.7233,805.8285,806.9337,812.124,817.7708,823.4175,829.0643,834.7111,772.0554,670.9932,616.9295,540.5679,464.2062,0,0,0,0,0,0,0,0,0,0,0,0,0,0,0,0,0,0,0,0,0,0,0,0,0,0,0,0,0,0,0,0,0,0,0,0,0,0,0,386.383,381.8524,417.1951,441.3663,461.2943,478.19,478.9815,479.0029,481.2521,0,0,0,0,0,0,0,0,0,0,0,0,0,0,0,0,0,0,0,0,0,0,0,0,0,0,0,0,0,0,0,0,0,0,0,0,0,0,0,0,0,0,0,0,0,
45,0,0,0,0,0,0,0,0,0,0,0,0,0,0,0,0,0,0,0,0,0,0,0,0,0,0,0,0,0,0,0,0,0,0,0,0,0,0,0,0,0,0,0,0,0,0,0,0,0,0,0,0,0,0,0,0,0,0,0,0,0,0,0,0,0,0,0,0,0,0,0,0,0,0,0,0,0,0,0,0,0,0,0,0,0,0,0,0,0,0,0,0,0,0,0,0,0,0,0,0,0,0,0,0,0,0,0,0,0,0,0,0,0,0,0,0,0,0,0,0,0,0,0,0,0,0,0,0,0,0,0,0,0,0,0,0,0,0,0,0,0,0,0,0,0,0,0,0,0,0,0,0,0,0,0,0,0,0,0,0,0,0,0,0,0,0,0,0,0,0,0,0,0,0,0,0,0,0,0,0,0,0,0,0,0,0,0,0,874.9766,876.0844,877.1923,878.3,879.4079,880.5157,881.6683,882.8403,884.0123,885.1842,886.3563,885.4462,877.5187,869.5912,861.6638,853.7363,845.8088,843.2494,842.3917,841.5339,840.6763,839.8185,831.318,804.0854,776.8527,749.6201,722.3875,695.1548,700.608,713.2233,725.8387,738.4541,751.0695,758.0762,754.701,751.3257,747.9505,744.5753,741.2,742.2639,743.926,745.5881,747.2502,748.9123,750.3861,751.5909,752.7958,754.0006,755.2054,756.4103,762.0787,768.0209,773.9631,779.9053,785.8475,777.8862,754.415,730.9438,707.4727,684.0015,660.6249,666.8867,673.1484,679.4102,685.6721,691.9338,701.7091,714.5544,727.3998,740.2452,753.0906,765.7144,775.1061,784.4978,793.8895,803.2812,812.6729,814.9645,812.4161,809.8676,807.3192,804.7707,800.6112,785.1873,769.7634,754.3394,738.9155,723.4916,712.4335,703.6688,694.9041,686.1393,677.3746,671.6301,679.095,686.5598,694.0245,701.4893,708.9542,727.177,749.6549,772.1327,794.6105,817.0883,835.8342,843.2074,850.5806,857.9539,865.327,872.7002,870.1293,864.7136,859.2978,853.8821,848.4663,845.8954,849.7148,853.5342,857.3535,861.1729,864.9922,855.7038,843.8912,832.0786,820.2661,808.4536,802.1679,805.3329,808.4979,811.6628,814.8278,817.9927,821.9879,826.0759,830.1639,834.252,838.3399,774.5804,673.2079,619.0083,542.3893,0,0,0,0,0,0,0,0,0,0,0,0,0,0,0,0,0,0,0,0,0,0,0,0,0,0,0,0,504.4884,0,0,0,0,0,0,0,0,0,0,0,393.1289,388.64,400.0748,440.9509,461.0376,461.5489,478.983,479.0033,481.2524,482.5511,0,0,0,0,0,0,0,0,0,0,0,0,0,0,0,0,0,0,0,0,0,0,0,0,0,0,0,0,0,0,0,0,0,0,0,0,0,0,0,0,0,0,0,0,
46,0,0,0,0,0,0,0,0,0,0,0,0,0,0,0,0,0,0,0,0,0,0,0,0,0,0,0,0,0,0,0,0,0,0,0,0,0,0,0,0,0,0,0,0,0,0,0,0,0,0,0,0,0,0,0,0,0,0,0,0,0,0,0,0,0,0,0,0,0,0,0,0,0,0,0,0,0,0,0,0,0,0,0,0,0,0,0,0,0,0,0,0,0,0,0,0,0,0,0,0,0,0,0,0,0,0,0,0,0,0,0,0,0,0,0,0,0,0,0,0,0,0,0,0,0,0,0,0,0,0,0,0,0,0,0,0,0,0,0,0,0,0,0,0,0,0,0,0,0,0,0,0,0,0,0,0,0,0,0,0,0,0,0,0,0,0,0,0,0,0,0,0,0,0,0,0,0,0,0,0,0,0,0,0,0,0,0,0,884.6697,883.662,882.6544,881.6467,880.6391,879.6315,880.418,881.9796,883.5413,885.103,886.6647,886.4119,880.0432,873.6744,867.3057,860.937,854.5682,849.721,845.3561,840.9912,836.6263,832.2614,821.8346,796.5504,771.2662,745.9819,720.6978,695.4135,701.2169,713.8323,726.4477,739.0631,751.6785,757.8651,752.1517,746.4384,740.725,735.0117,729.2983,732.194,736.2498,740.3057,744.3616,748.4175,751.1391,751.9543,752.7694,753.5845,754.3997,755.2148,763.4834,772.2091,780.9348,789.6605,798.3862,784.0245,743.908,703.7916,663.675,623.5586,583.6689,614.8708,646.0727,677.2746,708.4765,739.6784,758.1725,765.5623,772.952,780.3417,787.7315,794.889,798.658,802.4271,806.1961,809.9651,813.7342,815.799,816.7021,817.6052,818.5082,819.4113,817.77,798.3378,778.9056,759.4734,740.0413,720.6091,710.4335,705.1203,699.8072,694.494,689.1808,685.6343,689.8146,693.9949,698.1751,702.3554,706.5357,729.3328,759.493,789.6533,819.8136,849.9739,873.0049,874.31,875.6152,876.9204,878.2256,879.5308,872.4069,862.8715,853.3362,843.801,834.2656,828.8956,832.882,836.8683,840.8547,844.8411,848.8275,842.04,833.178,824.3159,815.4539,806.5918,802.928,808.1527,813.3775,818.6022,823.827,829.0518,831.8519,834.3811,836.9103,839.4396,841.9688,777.1053,671.0018,616.7775,540.4347,0,0,0,0,0,0,0,0,0,0,0,0,0,0,0,0,0,0,0,0,0,466.8685,0,0,0,0,0,0,0,0,0,0,0,0,0,0,0,0,0,0,0,393.2993,393.0832,429.9377,440.5293,461.2993,478.9843,479.0036,0,482.5508,0,484.6947,484.6982,485.3801,485.1892,485.1805,484.2871,484.283,483.2441,482.7426,482.7411,0,0,0,0,0,0,0,0,0,0,0,0,0,0,0,0,0,0,0,0,0,0,0,0,0,0,0,0,0,0,0,0,0,
47,0,0,0,0,0,0,0,0,0,0,0,0,0,0,0,0,0,0,0,0,0,0,0,0,0,0,0,0,0,0,0,0,0,0,0,0,0,0,0,0,0,0,0,0,0,0,0,0,0,0,0,0,0,0,0,0,0,0,0,0,0,0,0,0,0,0,0,0,0,0,0,0,0,0,0,0,0,0,0,0,0,0,0,0,0,0,0,0,0,0,0,0,0,0,0,0,0,0,0,0,0,0,0,0,0,0,0,0,0,0,0,0,0,0,0,0,0,0,0,0,0,0,0,0,0,0,0,0,0,0,0,0,0,0,0,0,0,0,0,0,0,0,0,0,0,0,0,0,0,0,0,0,0,0,0,0,0,0,0,0,0,0,0,0,0,0,0,0,0,0,0,0,0,0,0,0,0,0,0,0,0,0,0,0,0,0,0,0,886.0156,884.4218,882.8281,881.2344,879.6406,878.0469,878.1964,879.0991,880.0017,880.9044,881.807,881.0727,874.8207,868.5688,862.3169,856.0651,849.8131,844.4875,839.4556,834.4237,829.3918,824.3599,814.7078,793.7316,772.7554,751.7792,730.803,709.8268,711.4225,717.9642,724.5059,731.0475,737.5892,740.4837,736.627,732.7703,728.9136,725.0569,721.2002,724.616,729.0121,733.408,737.8041,742.2001,743.8639,741.624,739.3839,737.144,734.904,732.664,736.709,741.1395,745.57,750.0005,754.431,742.5563,712.4926,682.4289,652.3652,622.3015,592.4374,625.1585,657.8796,690.6008,723.3218,756.043,774.153,779.4953,784.8376,790.1801,795.5224,800.6581,802.7809,804.9036,807.0262,809.1489,811.2716,809.9406,806.2552,802.5698,798.8845,795.199,790.5836,779.4654,768.3472,757.2289,746.1107,734.9925,726.2762,718.8215,711.3668,703.9121,696.4574,691.4837,697.3608,703.2378,709.1149,714.9919,720.869,743.2645,772.1933,801.1221,830.0509,858.9796,880.0161,877.001,873.9861,870.9711,867.9561,864.941,859.7007,853.8236,847.9466,842.0695,836.1925,832.5572,833.9578,835.3583,836.7589,838.1594,839.5601,830.6888,819.8397,808.9905,798.1413,787.2921,783.6667,792.3932,801.1197,809.8462,818.5726,827.2991,829.0491,830.0196,830.9901,831.9606,832.931,767.9594,666.201,612.163,0,0,0,0,0,0,0,0,0,0,0,0,0,0,0,0,0,0,0,0,0,0,461.1145,0,0,0,0,0,0,0,0,0,0,0,0,0,0,0,0,0,0,0,0,0,391.0289,440.157,0,478.9856,479.0039,0,0,0,0,0,0,0,485.1808,484.2873,484.2834,483.244,0,0,0,0,0,0,0,0,0,0,0,0,0,0,0,0,0,0,0,0,0,0,0,0,0,0,0,0,0,0,0,0,0,0,0,
48,0,0,0,0,0,0,0,0,0,0,0,0,0,0,0,0,0,0,0,0,0,0,0,0,0,0,0,0,0,0,0,0,0,0,0,0,0,0,0,0,0,0,0,0,0,0,0,0,0,0,0,0,0,0,0,0,0,0,0,0,0,0,0,0,0,0,0,0,0,0,0,0,0,0,0,0,0,0,0,0,0,0,0,0,0,0,0,0,0,0,0,0,0,0,0,0,0,0,0,0,0,0,0,0,0,0,0,0,0,0,0,0,0,0,0,0,0,0,0,0,0,0,0,0,0,0,0,0,0,0,0,0,0,0,0,0,0,0,0,0,0,0,0,0,0,0,0,0,0,0,0,0,0,0,0,0,0,0,0,0,0,0,0,0,0,0,0,0,0,0,0,0,0,0,0,0,0,0,0,0,0,0,0,0,0,0,0,0,885.0741,883.3133,881.5526,879.7918,878.0311,876.2703,875.7086,875.6649,875.6212,875.5774,875.5336,874.0058,867.4755,860.9453,854.415,847.8847,841.3544,836.0464,831.1259,826.2053,821.2848,816.3643,808.2268,792.2053,776.1837,760.1621,744.1406,728.119,724.2579,723.0615,721.8651,720.6687,719.4722,718.3971,717.5466,716.696,715.8455,714.995,714.1444,717.7211,721.8945,726.0678,730.2411,734.4144,734.3887,728.3632,722.3376,716.3121,710.2866,704.261,702.2125,700.408,698.6035,696.799,694.9944,688.0422,675.3475,662.6527,649.958,637.2634,624.6974,652.5197,680.3418,708.1639,735.9861,763.8082,779.0396,783.2685,787.4974,791.7264,795.9554,800.0135,801.5795,803.1454,804.7115,806.2775,807.8434,802.2481,791.771,781.2939,770.8168,760.3397,751.2451,751.8176,752.39,752.9625,753.535,754.1074,747.0083,735.8794,724.7505,713.6216,702.4927,695.0983,704.0372,712.9761,721.915,730.854,739.7929,760.4233,785.6779,810.9324,836.187,861.4416,878.7626,871.9063,865.05,858.1938,851.3376,844.4814,842.8884,842.801,842.7136,842.6262,842.5388,841.8809,839.9412,838.0016,836.062,834.1223,832.1827,819.9713,805.782,791.5926,777.4033,763.2139,758.9188,771.5422,784.1656,796.7889,809.4123,822.0356,822.7752,822.1869,821.5986,821.0104,820.4221,755.6152,659.8499,606.1556,0,0,0,0,0,0,0,0,0,0,0,0,0,0,0,0,0,0,0,0,0,0,0,0,0,0,0,0,0,0,0,0,0,0,0,0,0,0,0,0,0,0,0,0,403.9809,0,0,0,0,0,0,0,0,0,0,0,0,0,0,0,0,482.7407,0,0,0,0,0,0,0,0,0,0,0,0,0,0,0,0,0,0,0,0,0,0,0,0,0,0,0,0,0,0,0,0,0,
49,0,0,0,0,0,0,0,0,0,0,0,0,0,0,0,0,0,0,0,0,0,0,0,0,0,0,0,0,0,0,0,0,0,0,0,0,0,0,0,0,0,0,0,0,0,0,0,0,0,0,0,0,0,0,0,0,0,0,0,0,0,0,0,0,0,0,0,0,0,0,0,0,0,0,0,0,0,0,0,0,0,0,0,0,0,0,0,0,0,0,0,0,0,0,0,0,0,0,0,0,0,0,0,0,0,0,0,0,0,0,0,0,0,0,0,0,0,0,0,0,0,0,0,0,0,0,0,0,0,0,0,0,0,0,0,0,0,0,0,0,0,0,0,0,0,0,0,0,0,0,0,0,0,0,0,0,0,0,0,0,0,0,0,0,0,0,0,0,0,0,0,0,0,0,0,0,0,0,0,0,0,0,0,0,0,0,0,0,884.1326,882.2048,880.277,878.3493,876.4216,874.4938,873.2208,872.2307,871.2405,870.2505,869.2603,866.9389,860.1303,853.3217,846.5131,839.7045,832.8958,827.6053,822.7961,817.9869,813.1777,808.3685,801.7459,790.679,779.612,768.545,757.4781,746.4111,737.0933,728.1588,719.2243,710.2897,701.3552,696.3105,698.4661,700.6218,702.7774,704.933,707.0887,710.8262,714.7768,718.7275,722.6781,726.6288,724.9134,715.1023,705.2913,695.4802,685.6691,675.858,667.7161,659.6765,651.637,643.5974,635.5578,633.5281,638.2023,642.8766,647.5509,652.2252,656.9575,679.8807,702.8039,725.7271,748.6504,771.5736,783.9261,787.0417,790.1573,793.2728,796.3884,799.3688,800.3781,801.3874,802.3967,803.4059,804.4152,794.5557,777.2868,760.018,742.7491,725.4803,711.9067,724.1698,736.4329,748.696,760.9592,773.2223,767.7405,752.9374,738.1342,723.3311,708.528,698.713,710.7137,722.7145,734.7153,746.716,758.7167,777.5821,799.1625,820.7429,842.3232,863.9035,877.509,866.8116,856.1141,845.4167,834.7192,824.0217,826.076,831.7783,837.4806,843.1829,848.8852,851.2045,845.9247,840.6448,835.365,830.0851,824.8054,809.2537,791.7242,774.1946,756.6651,739.1356,734.171,750.6912,767.2115,783.7318,800.252,816.7723,816.5013,814.3542,812.2072,810.0602,807.9133,743.2711,652.9899,599.7433,0,0,0,0,0,0,0,0,0,0,0,0,0,0,0,0,0,0,0,0,0,0,0,444.0607,0,0,0,0,0,0,0,0,0,0,0,0,0,0,0,0,0,0,0,0,0,0,0,0,0,0,0,0,0,0,0,0,0,0,0,0,0,0,0,0,0,0,0,0,0,0,0,0,0,0,0,0,0,0,0,0,0,0,0,0,0,0,0,0,0,0,0,0,0,0,0,
50,0,0,0,0,0,0,0,0,0,0,0,0,0,0,0,0,0,0,0,0,0,0,0,0,0,0,0,0,0,0,0,0,0,0,0,0,0,0,0,0,0,0,0,0,0,0,0,0,0,0,0,0,0,0,0,0,0,0,0,0,0,0,0,0,0,0,0,0,0,0,0,0,0,0,0,0,0,0,0,0,0,0,0,0,0,0,0,0,0,0,0,0,0,0,0,0,0,0,0,0,0,0,0,0,0,0,0,0,0,0,0,0,0,0,0,0,0,0,0,0,0,0,0,0,0,0,0,0,0,0,0,0,0,0,0,0,0,0,0,0,0,0,0,0,0,0,0,0,0,0,0,0,0,0,0,0,0,0,0,0,0,0,0,0,0,0,0,0,0,0,0,0,0,0,0,0,0,0,0,0,0,0,0,0,0,0,0,0,876.5232,873.7595,870.9958,868.232,865.4683,862.7046,861.1608,860.1442,859.1274,858.1108,857.0941,854.6949,847.6358,840.5767,833.5176,826.4585,819.3994,814.3871,810.0238,805.6603,801.297,796.9336,791.7241,784.4411,777.1581,769.8751,762.5921,755.309,745.0569,734.1541,723.2512,712.3484,701.4456,695.0727,697.0848,699.0969,701.1089,703.1211,705.1331,706.2501,707.2465,708.2429,709.2392,710.2355,707.0254,697.8049,688.5845,679.364,670.1436,660.923,651.379,641.8151,632.2512,622.6872,613.1233,615.3113,630.6092,645.907,661.205,676.5027,691.8089,709.6938,727.5786,745.4636,763.3484,781.2334,790.6273,792.6016,794.5759,796.5502,798.5245,800.369,800.3198,800.2707,800.2216,800.1724,800.1232,785.9949,762.2688,738.5427,714.8167,691.0906,672.9503,693.8659,714.7814,735.697,756.6126,777.5281,774.1706,758.0626,741.9545,725.8464,709.7383,699.7941,716.8079,733.8217,750.8354,767.8491,784.8629,800.4788,815.5418,830.6049,845.6679,860.731,869.4375,858.7733,848.1091,837.4448,826.7806,816.1164,819.5372,826.9874,834.4377,841.888,849.3383,851.6922,842.5983,833.5045,824.4106,815.3167,806.2228,792.8875,778.7352,764.5831,750.4309,736.2786,733.1757,748.9658,764.7559,780.5461,796.3362,812.1263,811.4579,808.9507,806.4435,803.9363,801.4291,737.1076,647.6578,594.7974,0,0,0,0,0,0,0,0,0,0,0,0,0,0,0,0,0,0,0,0,0,0,0,0,429.5732,0,0,0,0,0,0,0,0,0,0,0,0,0,0,0,0,0,433.3899,0,0,0,0,0,0,0,0,0,0,0,0,0,0,0,0,0,0,0,0,0,0,0,0,0,0,0,0,0,0,0,0,0,0,0,0,0,0,0,0,0,0,0,0,0,0,0,0,0,0,0,0,
51,0,0,0,0,0,0,0,0,0,0,0,0,0,0,0,0,0,0,0,0,0,0,0,0,0,0,0,0,0,0,0,0,0,0,0,0,0,0,0,0,0,0,0,0,0,0,0,0,0,0,0,0,0,0,0,0,0,0,0,0,0,0,0,0,0,0,0,0,0,0,0,0,0,0,0,0,0,0,0,0,0,0,0,0,0,0,0,0,0,0,0,0,0,0,0,0,0,0,0,0,0,0,0,0,0,0,0,0,0,0,0,0,0,0,0,0,0,0,0,0,0,0,0,0,0,0,0,0,0,0,0,0,0,0,0,0,0,0,0,0,0,0,0,0,0,0,0,0,0,0,0,0,0,0,0,0,0,0,0,0,0,0,0,0,0,0,0,0,0,0,0,0,0,0,0,0,0,0,0,0,0,0,0,0,0,0,0,0,862.2646,857.9977,853.7309,849.4641,845.1973,840.9305,839.5552,839.4293,839.3033,839.1774,839.0515,837.2882,830.0064,822.7247,815.4429,808.1611,800.8793,796.4052,792.8212,789.2372,785.6532,782.0692,778.1715,773.5049,768.8384,764.1718,759.5053,754.8387,748.162,741.0447,733.9275,726.8102,719.693,714.6258,713.3533,712.0809,710.8085,709.536,708.2635,703.9866,699.3046,694.6226,689.9406,685.2587,680.748,676.4822,672.2164,667.9504,663.6846,659.4188,653.1509,646.7601,640.3694,633.9786,627.5878,633.2912,652.486,671.6807,690.8755,710.0702,729.2443,741.952,754.6595,767.3671,780.0747,792.7823,799.138,799.9433,800.7485,801.5537,802.3589,803.0093,801.4014,799.7935,798.1857,796.5778,794.9698,776.5682,746.7184,716.8688,687.019,657.1693,634.3751,660.9132,687.4515,713.9897,740.528,767.0661,766.3384,751.2881,736.2377,721.1874,706.1371,698.3488,722.3212,746.2937,770.2662,794.2387,818.2111,829.0974,834.8079,840.5184,846.2289,851.9394,854.567,847.7997,841.0323,834.265,827.4977,820.7303,823.2432,828.4111,833.5788,838.7466,843.9144,843.3685,829.9881,816.6077,803.2272,789.8468,776.4663,770.888,766.812,762.7361,758.6602,754.5842,755.867,766.3129,776.7586,787.2045,797.6503,808.0961,807.6417,805.9696,804.2974,802.6253,800.9531,737.1076,636.2097,584.0411,0,0,0,0,0,0,0,0,0,0,0,0,0,0,0,0,0,0,0,0,0,0,0,0,418.0968,418.046,0,0,0,0,0,0,0,0,0,0,0,0,0,0,0,447.1262,443.0192,0,0,0,0,0,0,0,0,0,0,0,0,0,0,0,0,0,0,0,0,0,0,0,0,0,0,0,0,0,0,0,0,0,0,0,0,0,0,0,0,0,0,0,0,0,0,0,0,0,0,0,0,
52,0,0,0,0,0,0,0,0,0,0,0,0,0,0,0,0,0,0,0,0,0,0,0,0,0,0,0,0,0,0,0,0,0,0,0,0,0,0,0,0,0,0,0,0,0,0,0,0,0,0,0,0,0,0,0,0,0,0,0,0,0,0,0,0,0,0,0,0,0,0,0,0,0,0,0,0,0,0,0,0,0,0,0,0,0,0,0,0,0,0,0,0,0,0,0,0,0,0,0,0,0,0,0,0,0,0,0,0,0,0,0,0,0,0,0,0,0,0,0,0,0,0,0,0,0,0,0,0,0,0,0,0,0,0,0,0,0,0,0,0,0,0,0,0,0,0,0,0,0,0,0,0,0,0,0,0,0,0,0,0,0,0,0,0,0,0,0,0,0,0,0,0,0,0,0,0,0,0,0,0,0,0,0,0,0,0,0,0,0,842.236,836.4661,830.6962,824.9263,819.1564,817.9497,818.7144,819.4792,820.244,821.0087,819.8815,812.377,804.8726,797.3681,789.8636,782.3592,778.4233,775.6186,772.814,770.0093,767.2048,764.6188,762.5687,760.5187,758.4686,756.4185,754.3685,751.2672,747.9354,744.6038,741.272,737.9403,734.1788,729.6219,725.0649,720.508,715.951,711.394,701.723,691.3627,681.0024,670.6422,660.2819,654.4707,655.1594,655.8482,656.5369,657.2257,657.9145,654.9227,651.7051,648.4875,645.27,642.0524,651.2711,674.3627,697.4543,720.546,743.6376,766.6797,774.2101,781.7404,789.2706,796.801,804.3312,807.6487,807.2849,806.9211,806.5573,806.1934,805.6498,802.4831,799.3164,796.1498,792.9831,789.8165,767.1417,731.1682,695.1947,659.2213,623.2479,595.7997,627.9606,660.1215,692.2823,724.4432,756.6041,758.5062,744.5136,730.521,716.5284,702.5358,696.9034,727.8346,758.7658,789.697,820.6282,851.5594,857.716,854.074,850.4319,846.7899,843.1479,839.6965,836.826,833.9556,831.0851,828.2147,825.3442,826.9492,829.8346,832.7199,835.6053,838.4905,835.0449,817.3779,799.7108,782.0438,764.3768,746.7098,748.8885,754.8888,760.8891,766.8894,772.8896,778.5583,783.6598,788.7613,793.8629,798.9644,804.0659,803.8256,802.9885,802.1514,801.3143,800.4772,621.5074,588.9612,0,0,0,0,0,0,0,0,0,0,0,0,0,0,0,0,0,0,0,0,0,0,0,0,0,0,0,0,0,0,0,0,0,0,0,0,0,0,423.4282,423.5066,439.5676,0,0,0,0,0,0,0,0,0,0,0,0,0,0,0,0,0,0,0,0,0,0,0,0,0,0,0,0,0,0,0,0,0,0,0,0,0,0,0,0,0,0,0,0,0,0,0,0,0,0,0,0,0,0,0,
53,0,0,0,0,0,0,0,0,0,0,0,0,0,0,0,0,0,0,0,0,0,0,0,0,0,0,0,0,0,0,0,0,0,0,0,0,0,0,0,0,0,0,0,0,0,0,0,0,0,0,0,0,0,0,0,0,0,0,0,0,0,0,0,0,0,0,0,0,0,0,0,0,0,0,0,0,0,0,0,0,0,0,0,0,0,0,0,0,0,0,0,0,0,0,0,0,0,0,0,0,0,0,0,0,0,0,0,0,0,0,0,0,0,0,0,0,0,0,0,0,0,0,0,0,0,0,0,0,0,0,0,0,0,0,0,0,0,0,0,0,0,0,0,0,0,0,0,0,0,0,0,0,0,0,0,0,0,0,0,0,0,0,0,0,0,0,0,0,0,0,0,0,0,0,0,0,0,0,0,0,0,0,0,0,0,0,0,0,828.7421,822.6742,816.6064,810.5386,804.4707,798.4029,797.619,799.1178,800.6166,802.1154,803.6143,803.0656,795.6156,788.1656,780.7157,773.2657,765.8157,762.6494,760.8411,759.0328,757.2245,755.4161,754.0306,753.6811,753.3315,752.9821,752.6326,752.2831,751.683,751.0282,750.3732,749.7183,749.0634,746.1753,739.1533,732.1313,725.1094,718.0875,711.0655,698.2749,684.7068,671.1388,657.5708,644.0027,637.873,642.3715,646.87,651.3685,655.867,660.3655,660.5722,660.5158,660.4594,660.403,660.3465,671.9803,696.6549,721.3295,746.0042,770.6788,795.2847,798.3488,801.4128,804.4768,807.5408,810.6049,811.3701,810.1263,808.8827,807.639,806.3954,804.9323,800.2671,795.602,790.9368,786.2716,781.6065,757.4633,720.0423,682.6212,645.2001,607.7791,579.2386,612.792,646.3455,679.8989,713.4522,747.0056,750.7524,738.8419,726.9314,715.0209,703.1104,700.0618,735.7703,771.4789,807.1875,842.8961,878.6047,881.2701,870.8666,860.4632,850.0598,839.6563,831.8118,831.7656,831.7195,831.6733,831.6272,831.581,832.002,832.5566,833.1113,833.666,834.2206,828.4729,808.5681,788.6633,768.7585,748.8536,728.9489,736.2343,748.7556,761.2769,773.7982,786.3195,794.6376,795.7687,796.8998,798.0309,799.162,800.2931,791.6675,762.375,746.3026,723.1454,679.7983,607.9897,575.3293,0,461.2378,396.0825,0,408.6555,0,0,0,0,0,0,0,0,0,0,0,0,0,0,0,0,0,0,0,0,0,0,405.9643,0,0,0,0,0,0,0,0,0,401.4561,401.5067,0,0,0,0,0,0,0,0,0,0,0,0,0,0,0,0,0,0,0,0,0,0,0,0,0,0,0,0,0,0,0,0,0,0,0,0,0,0,0,0,0,0,0,0,0,0,0,0,0,0,0,0,0,0,0,0,0,
54,0,0,0,0,0,0,0,0,0,0,0,0,0,0,0,0,0,0,0,0,0,0,0,0,0,0,0,0,0,0,0,0,0,0,0,0,0,0,0,0,0,0,0,0,0,0,0,0,0,0,0,0,0,0,0,0,0,0,0,0,0,0,0,0,0,0,0,0,0,0,0,0,0,0,0,0,0,0,0,0,0,0,0,0,0,0,0,0,0,0,0,0,0,0,0,0,0,0,0,0,0,0,0,0,0,0,0,0,0,0,0,0,0,0,0,0,0,0,0,0,0,0,0,0,0,0,0,0,0,0,0,0,0,0,0,0,0,0,0,0,0,0,0,0,0,0,0,0,0,0,0,0,0,0,0,0,0,0,0,0,0,0,0,0,0,0,0,0,0,0,0,0,0,0,0,0,0,0,0,0,0,0,0,0,0,0,0,691.597,791.3632,789.3593,787.3553,785.3514,783.3475,781.3436,781.9023,783.5681,785.2339,786.8997,788.5656,788.3876,781.9955,775.6032,769.211,762.8187,756.4266,754.8674,754.8406,754.8137,754.7868,754.7599,754.1718,752.2078,750.2438,748.2799,746.316,744.3521,742.366,740.375,738.384,736.393,734.402,730.8222,724.3012,717.7803,711.2593,704.7385,698.2175,690.5394,682.7054,674.8713,667.0373,659.2032,656.3093,660.4737,664.6382,668.8026,672.9671,677.1315,680.2563,683.3175,686.3785,689.4396,692.5007,702.5679,720.4508,738.3337,756.2167,774.0995,791.9293,793.1005,794.2719,795.4431,796.6143,797.7856,797.7573,796.6805,795.6039,794.5273,793.4507,792.0616,786.1161,780.1705,774.2249,768.2794,762.3338,746.8745,724.9296,702.9847,681.0399,659.095,642.353,661.9888,681.6248,701.2607,720.8967,740.5327,743.2822,737.1613,731.0405,724.9196,718.7988,719.8822,752.4733,785.0643,817.6555,850.2465,882.8376,886.4944,878.7074,870.9204,863.1334,855.3464,849.2107,848.1068,847.0029,845.899,844.7952,843.6913,841.9291,839.9786,838.0282,836.0777,834.1272,828.2408,813.5134,798.7858,784.0583,769.3307,754.6032,757.403,763.5779,769.7529,775.9279,782.1028,786.7863,788.9194,791.0526,793.1857,795.3188,797.452,752.4275,737.3895,714.9782,691.641,657.3427,585.5793,0,0,0,0,0,0,0,389.2833,390.6093,0,0,0,0,0,0,0,0,0,0,0,0,0,0,0,0,0,0,0,0,0,0,0,0,0,0,399.5079,399.5252,0,0,0,0,0,0,0,0,0,0,0,0,0,0,0,0,0,0,0,0,0,0,0,0,0,482.7409,0,0,0,0,0,0,0,0,0,0,0,0,0,0,0,0,0,0,0,0,0,0,0,0,0,0,0,0,0,0,0,0,0,0,
55,0,0,0,0,0,0,0,0,0,0,0,0,0,0,0,0,0,0,0,0,0,0,0,0,0,0,0,0,0,0,0,0,0,0,0,0,0,0,0,0,0,0,0,0,0,0,0,0,0,0,0,0,0,0,0,0,0,0,0,0,0,0,0,0,0,0,0,0,0,0,0,0,0,0,0,0,0,0,0,0,0,0,0,0,0,0,0,0,0,0,0,0,0,0,0,0,0,0,0,0,0,0,0,0,0,0,0,0,0,0,0,0,0,0,0,0,0,0,0,0,0,0,0,0,0,0,0,0,0,0,0,0,0,0,0,0,0,0,0,0,0,0,0,0,0,0,0,0,0,0,0,0,0,0,0,0,0,0,0,0,0,0,0,0,0,0,0,0,0,0,0,0,0,0,0,0,0,0,0,0,0,0,0,0,0,0,0,0,753.9844,756.0443,758.1043,760.1643,762.2242,764.2842,766.1856,768.0184,769.8513,771.684,773.5169,773.7098,768.3754,763.0408,757.7064,752.3718,747.0374,747.0854,748.84,750.5945,752.3491,754.1036,754.3129,750.7345,747.1561,743.5778,739.9995,736.4211,733.0489,729.7219,726.3948,723.0677,719.7406,715.4691,709.4492,703.4293,697.4093,691.3895,685.3696,682.804,680.7039,678.6039,676.5038,674.4038,674.7454,678.5759,682.4063,686.2368,690.0672,693.8976,699.9405,706.1191,712.2977,718.4763,724.6548,733.1556,744.2468,755.338,766.4291,777.5203,788.5739,787.8524,787.1309,786.4094,785.6879,784.9664,784.1445,783.2349,782.3251,781.4155,780.5059,779.191,771.965,764.7391,757.5131,750.2872,743.0612,736.2856,729.8169,723.3483,716.8796,710.411,705.4673,711.1857,716.9042,722.6227,728.3412,734.0596,735.8119,735.4807,735.1495,734.8184,734.4872,739.7026,769.1763,798.6498,828.1234,857.5969,887.0706,891.7187,886.5482,881.3777,876.2072,871.0366,866.6096,864.4479,862.2864,860.1248,857.9631,855.8016,851.8562,847.4006,842.945,838.4894,834.0338,828.0088,818.4585,808.9083,799.3581,789.8078,780.2576,778.5718,778.4004,778.2289,778.0575,777.8861,778.9349,782.0701,785.2053,788.3405,791.4757,794.6109,728.6737,706.6138,671.452,640.5176,612.8247,0,0,0,0,0,0,0,0,0,0,0,0,390.2466,391.0971,391.7487,392.2589,392.6661,0,0,0,0,0,0,0,0,0,0,0,0,0,0,0,0,392.5666,0,0,0,0,0,0,0,0,0,0,0,0,0,0,0,0,0,0,0,0,0,0,0,0,0,0,0,0,0,0,0,0,0,0,0,0,0,0,0,0,0,0,0,0,0,0,0,0,0,0,0,0,0,0,0,0,0,0,0,0,0,0,0,0,
56,0,0,0,0,0,0,0,0,0,0,0,0,0,0,0,0,0,0,0,0,0,0,0,0,0,0,0,0,0,0,0,0,0,0,0,0,0,0,0,0,0,0,0,0,0,0,0,0,0,0,0,0,0,0,0,0,0,0,0,0,0,0,0,0,0,0,0,0,0,0,0,0,0,0,0,0,0,0,0,0,0,0,0,0,0,0,0,0,0,0,0,0,0,0,0,0,0,0,0,0,0,0,0,0,0,0,0,0,0,0,0,0,0,0,0,0,0,0,0,0,0,0,0,0,0,0,0,0,0,0,0,0,0,0,0,0,0,0,0,0,0,0,0,0,0,0,0,0,0,0,0,0,0,0,0,0,0,0,0,0,0,0,0,0,0,0,0,0,0,0,0,0,0,0,0,0,0,0,0,0,0,0,0,0,0,0,0,0,716.6055,722.7294,728.8533,734.9771,741.101,747.2249,750.4689,752.4687,754.4686,756.4684,758.4682,759.0319,754.7552,750.4785,746.2017,741.9249,737.6481,739.3035,742.8395,746.3754,749.9114,753.4474,754.454,749.2612,744.0684,738.8757,733.6829,728.4901,723.7318,719.0687,714.4055,709.7424,705.0793,700.116,694.597,689.0782,683.5594,678.0405,672.5216,675.0685,678.7024,682.3364,685.9703,689.6043,693.1816,696.678,700.1744,703.6708,707.1673,710.6638,719.6246,728.9208,738.2168,747.5129,756.8091,763.7433,768.0427,772.3422,776.6416,780.941,785.2186,782.6042,779.9899,777.3757,774.7614,772.1471,770.5317,769.7891,769.0464,768.3038,767.5611,766.3204,757.814,749.3077,740.8013,732.2949,723.7886,725.6967,734.7043,743.7119,752.7194,761.727,768.5815,760.3826,752.1836,743.9846,735.7856,727.5866,728.3416,733.8001,739.2587,744.7171,750.1756,759.5231,785.8792,812.2352,838.5912,864.9474,891.3034,896.943,894.389,891.8349,889.2809,886.7269,884.0085,880.7892,877.5698,874.3505,871.1312,867.9118,861.7833,854.8226,847.8618,840.901,833.9402,827.7767,823.4037,819.0308,814.6578,810.2849,805.912,799.7405,793.2227,786.705,780.1872,773.6694,771.0836,775.2208,779.358,783.4953,787.6325,791.7698,704.7776,673.8386,618.5757,564.1328,520.054,0,0,0,0,0,0,0,0,0,0,0,0,0,0,0,0,391.5039,391.9867,0,0,0,0,0,0,0,0,392.1534,0,0,0,0,0,392.1704,0,0,0,0,0,0,0,0,0,0,0,0,0,0,0,0,0,0,0,0,0,0,0,484.6915,485.3776,485.1889,485.1834,484.289,0,0,0,0,0,0,0,0,0,0,0,0,0,0,0,0,0,0,0,0,0,0,0,0,0,0,0,0,0,0,0,0,0,0,0,0,0,
57,0,0,0,0,0,0,0,0,0,0,0,0,0,0,0,0,0,0,0,0,0,0,0,0,0,0,0,0,0,0,0,0,0,0,0,0,0,0,0,0,0,0,0,0,0,0,0,0,0,0,0,0,0,0,0,0,0,0,0,0,0,0,0,0,0,0,0,0,0,0,0,0,0,0,0,0,0,0,0,0,0,0,0,0,0,0,0,0,0,0,0,0,0,0,0,0,0,0,0,0,0,0,0,0,0,0,0,0,0,0,0,0,0,0,0,0,0,0,0,0,0,0,0,0,0,0,0,0,0,0,0,0,0,0,0,0,0,0,0,0,0,0,0,0,0,0,0,0,0,0,0,0,0,0,0,0,0,0,0,0,0,0,0,0,0,0,0,0,0,0,0,0,0,0,0,0,0,0,0,0,0,0,0,0,0,0,610.3871,641.4579,719.4587,725.8059,732.1531,738.5003,744.8475,751.1947,754.0428,755.3793,756.7158,758.0522,759.3887,759.5522,755.7623,751.9723,748.1824,744.3925,740.6025,739.59,739.4579,739.3259,739.1939,739.0618,738.9206,738.7565,738.5924,738.4283,738.2643,738.1002,728.1264,716.0031,703.8797,691.7563,679.633,670.8029,668.0686,665.3343,662.6,659.8657,657.1315,664.7419,673.7466,682.7512,691.7559,700.7606,707.7017,711.6945,715.6873,719.6801,723.6729,727.6657,736.4141,745.4543,754.4944,763.5345,772.5747,778.6168,781.3145,784.0122,786.7098,789.4075,792.0927,790.8553,789.6179,788.3805,787.1431,785.9057,783.7751,780.864,777.9529,775.0418,772.1307,768.2791,750.7074,733.1357,715.564,697.9923,680.4207,682.8264,698.8505,714.8747,730.8989,746.923,760.175,754.0436,747.9122,741.7808,735.6494,729.5179,734.9169,746.3726,757.8284,769.2842,780.7399,792.9396,808.3933,823.8469,839.3006,854.7542,870.2078,876.6407,879.5057,882.3707,885.2358,888.1008,889.15,884.6652,880.1806,875.6959,871.2113,866.7266,856.7142,845.1204,833.5267,821.9329,810.3391,802.2448,802.011,801.7775,801.5438,801.3102,801.0765,795.9529,789.8876,783.8223,777.757,771.6917,769.0716,772.3425,775.6134,778.8843,782.1553,785.4263,690.6758,660.3154,598.1865,531.4951,530.0242,0,0,0,0,0,0,0,0,0,0,0,0,0,0,0,0,0,0,391.5588,0,0,0,0,0,391.3827,391.5658,391.7262,391.8675,391.9926,392.1038,392.203,0,0,0,0,0,0,0,0,0,0,0,0,0,0,0,0,0,0,0,0,0,0,0,0,484.6889,484.691,485.3774,0,0,0,0,0,0,0,0,0,0,0,0,0,0,0,0,0,0,0,0,0,0,0,0,0,0,0,0,0,0,0,0,0,0,0,0,0,0,0,0,
58,0,0,0,0,0,0,0,0,0,0,0,0,0,0,0,0,0,0,0,0,0,0,0,0,0,0,0,0,0,0,0,0,0,0,0,0,0,0,0,0,0,0,0,0,0,0,0,0,0,0,0,0,0,0,0,0,0,0,0,0,0,0,0,0,0,0,0,0,0,0,0,0,0,0,0,0,0,0,0,0,0,0,0,0,0,0,0,0,0,0,0,0,0,0,0,0,0,0,0,0,0,0,0,0,0,0,0,0,0,0,0,0,0,0,0,0,0,0,0,0,0,0,0,0,0,0,0,0,0,0,0,0,0,0,0,0,0,0,0,0,0,0,0,0,0,0,0,0,0,0,0,0,0,0,0,0,0,0,0,0,0,0,0,0,0,0,0,0,0,0,0,0,0,0,0,0,0,0,0,0,0,0,0,0,0,553.9549,610.6299,640.5499,725.2346,731.5261,737.8176,744.1092,750.4007,756.6923,759.0182,759.631,760.2437,760.8564,761.4692,761.1765,757.8319,754.4874,751.1428,747.7982,744.4537,740.4626,736.2667,732.0708,727.8749,723.6789,722.2484,727.5956,732.9429,738.2902,743.6374,748.9846,733.5171,713.4886,693.4601,673.4317,653.4032,640.4756,640.6918,640.908,641.1243,641.3405,641.5568,654.2272,668.5761,682.9251,697.2741,711.623,721.9374,726.4868,731.0363,735.5858,740.1353,744.6848,752.9933,761.5324,770.0716,778.6107,787.1498,792.3488,793.8218,795.2946,796.7676,798.2405,799.71,800.087,800.4641,800.8411,801.2181,801.5952,798.9697,793.7204,788.4712,783.222,777.9727,771.3151,744.1125,716.91,689.7073,662.5048,635.3022,637.6108,660.037,682.4633,704.8895,727.3157,746.5726,743.67,740.7675,737.8649,734.9624,732.0598,742.5125,759.9806,777.4487,794.9168,812.3849,827.3439,831.3296,835.3152,839.3008,843.2865,847.2722,854.4839,862.9716,871.4592,879.947,888.4346,893.4009,887.6358,881.8707,876.1057,870.3406,864.5756,850.5557,834.1743,817.7929,801.4115,785.0302,774.8748,778.7051,782.5353,786.3656,790.1959,794.0261,790.3522,785.2333,780.1144,774.9954,769.8765,767.4838,769.7527,772.0216,774.2905,776.5593,675.1901,654.9637,622.3026,558.5543,0,0,0,0,0,0,0,0,0,0,0,0,0,0,0,0,0,0,0,0,0,0,0,0,0,392.6644,392.8985,393.1039,391.3173,391.4891,391.6415,0,391.8988,0,0,0,0,0,0,0,0,0,0,0,0,0,0,0,0,0,0,0,400.83,400.8843,400.935,400.9824,0,0,0,0,0,0,0,0,0,0,0,0,0,0,0,0,0,0,0,0,0,0,0,0,0,0,0,0,0,0,0,0,0,0,0,0,0,0,0,0,0,0,0,0,
59,0,0,0,0,0,0,0,0,0,0,0,0,0,0,0,0,0,0,0,0,0,0,0,0,0,0,0,0,0,0,0,0,0,0,0,0,0,0,0,0,0,0,0,0,0,0,0,0,0,0,0,0,0,0,0,0,0,0,0,0,0,0,0,0,0,0,0,0,0,0,0,0,0,0,0,0,0,0,0,0,0,0,0,0,0,0,0,0,0,0,0,0,0,0,0,0,0,0,0,0,0,0,0,0,0,0,0,0,0,0,0,0,0,0,0,0,0,0,0,0,0,0,0,0,0,0,0,0,0,0,0,0,0,0,0,0,0,0,0,0,0,0,0,0,0,0,0,0,0,0,0,0,0,0,0,0,0,0,0,0,0,0,0,0,0,0,0,0,0,0,0,0,0,0,0,0,0,0,0,0,0,0,0,0,0,549.9486,609.416,644.7755,731.0105,737.2463,743.4822,749.7181,755.954,762.1898,763.9936,763.8826,763.7717,763.6607,763.5497,762.8008,759.9017,757.0024,754.1033,751.204,748.3048,741.3353,733.0755,724.8157,716.5558,708.296,705.5762,716.4347,727.2933,738.1519,749.0104,759.869,738.9079,710.9743,683.0406,655.1071,627.1735,610.1483,613.315,616.4818,619.6484,622.8152,625.9819,643.7124,663.4056,683.099,702.7922,722.4855,736.173,741.2791,746.3853,751.4915,756.5977,761.7039,769.5726,777.6106,785.6487,793.6868,801.7249,806.0807,806.329,806.5771,806.8253,807.0736,807.3273,809.3188,811.3102,813.3017,815.2932,817.2847,814.1642,806.5768,798.9894,791.402,783.8147,774.3511,737.5176,700.6842,663.8507,627.0173,590.1838,592.3953,621.2236,650.0518,678.8801,707.7083,732.9702,733.2965,733.6228,733.9491,734.2754,734.6017,750.1081,773.5886,797.069,820.5494,844.0299,861.7482,854.2659,846.7835,839.3011,831.8188,824.3365,832.3271,846.4374,860.5478,874.6581,888.7685,897.6519,890.6064,883.561,876.5154,869.47,862.4245,844.3972,823.2282,802.0592,780.8901,759.7211,747.5049,755.399,763.2932,771.1874,779.0815,786.9758,784.7516,780.579,776.4066,772.2339,768.0615,765.8961,767.1629,742.9248,738.6796,715.0368,666.4719,645.7785,612.946,549.7659,0,0,0,0,0,0,0,0,0,0,0,0,0,0,0,0,0,0,0,0,0,0,0,0,0,0,0,0,392.9495,393.1346,0,0,0,391.7341,0,391.9535,0,0,0,0,0,0,0,0,0,0,0,0,0,0,0,0,386.4455,386.4713,386.4955,0,0,0,0,0,0,0,0,0,0,0,0,0,0,0,0,0,0,0,0,0,0,0,0,0,0,0,0,0,0,0,0,0,0,0,0,0,0,0,0,0,0,0,0,0,
60,0,0,0,0,0,0,0,0,0,0,0,0,0,0,0,0,0,0,0,0,0,0,0,0,0,0,0,0,0,0,0,0,0,0,0,0,0,0,0,0,0,0,0,0,0,0,0,0,0,0,0,0,0,0,0,0,0,0,0,0,0,0,0,0,0,0,0,0,0,0,0,0,0,0,0,0,0,0,0,0,0,0,0,0,0,0,0,0,0,0,0,0,0,0,0,0,0,0,0,0,0,0,0,0,0,0,0,0,0,0,0,0,0,0,0,0,0,0,0,0,0,0,0,0,0,0,0,0,0,0,0,0,0,0,0,0,0,0,0,0,0,0,0,0,0,0,0,0,0,0,0,0,0,0,0,0,0,0,0,0,0,0,0,0,0,0,0,0,0,0,0,0,0,0,0,0,0,0,0,0,0,0,0,0,537.9189,582.3541,626.8373,656.9385,727.5908,734.24,740.8892,747.5384,754.1876,760.8368,762.7386,762.5894,762.4402,762.291,762.1418,761.3745,758.5237,755.6731,752.8224,749.9717,747.121,739.1868,729.641,720.0952,710.5495,701.0037,697.2635,707.7528,718.2421,728.7313,739.2206,749.7098,732.9107,710.1321,687.3534,664.5747,641.7961,627.343,628.3011,629.2593,630.2175,631.1757,632.1338,651.6092,673.5802,695.5511,717.5222,739.4931,754.2001,758.5282,762.8562,767.1842,771.5122,775.8403,782.614,789.5377,796.4615,803.3852,810.309,813.7371,813.2656,812.7941,812.3227,811.8512,811.3862,812.9357,814.4851,816.0346,817.5841,819.1336,815.8492,808.3409,800.8326,793.3242,785.816,776.4149,739.4028,702.3908,665.3787,628.3666,591.3546,591.7228,617.5729,643.4232,669.2733,695.1234,718.0891,720.8866,723.6841,726.4816,729.2792,732.0767,750.7439,777.7473,804.7507,831.7542,858.7577,878.7668,868.1865,857.6061,847.0257,836.4453,825.865,832.4049,845.7162,859.0274,872.3386,885.6498,893.1338,882.8597,872.5856,862.3116,852.0375,841.7635,826.4206,809.6276,792.8348,776.0418,759.2488,749.1676,754.1627,759.1578,764.153,769.1481,774.1432,773.2731,771.2736,769.274,767.2745,765.275,754.1661,724.416,715.8426,708.4384,690.1843,654.238,632.9561,600.0582,0,0,0,0,0,0,0,0,0,0,0,0,0,0,0,0,0,0,0,0,0,0,0,0,0,0,0,0,0,0,0,0,0,0,0,391.603,391.7215,391.8292,391.9275,392.0174,392.0998,392.1755,0,0,0,0,0,0,0,0,0,0,0,386.3299,386.3603,0,0,0,0,0,0,0,0,0,0,0,0,0,0,0,0,0,0,0,0,0,0,0,0,0,0,0,0,0,0,0,0,0,0,0,0,0,0,0,0,0,0,0,0,0,0,
61,0,0,0,0,0,0,0,0,0,0,0,0,0,0,0,0,0,0,0,0,0,0,0,0,0,0,0,0,0,0,0,0,0,0,0,0,0,0,0,0,0,0,0,0,0,0,0,0,0,0,0,0,0,0,0,0,0,0,0,0,0,0,0,0,0,0,0,0,0,0,0,0,0,0,0,0,0,0,0,0,0,0,0,0,0,0,0,0,0,0,0,0,0,0,0,0,0,0,0,0,0,0,0,0,0,0,0,0,0,0,0,0,0,0,0,0,0,0,0,0,0,0,0,0,0,0,0,0,0,0,0,0,0,0,0,0,0,0,0,0,0,0,0,0,0,0,0,0,0,0,0,0,0,0,0,0,0,0,0,0,0,0,0,0,0,0,0,0,0,0,0,0,0,0,0,0,0,0,0,0,0,0,0,0,593.7905,622.4415,650.765,672.3683,719.1772,726.4945,733.8117,741.129,748.4462,755.7635,758.1,758.2849,758.4697,758.6545,758.8393,758.2914,755.2737,752.256,749.2383,746.2205,743.2028,735.3975,726.0744,716.7513,707.4282,698.1052,693.4907,700.4172,707.3435,714.27,721.1963,728.1227,720.7292,710.1979,699.6666,689.1353,678.604,670.3453,666.2932,662.241,658.1889,654.1367,650.0846,669.5046,692.088,714.6713,737.2546,759.838,774.2864,777.1113,779.9363,782.7612,785.5862,788.4111,793.7342,799.2105,804.6868,810.1631,815.6395,818.0938,817.177,816.2602,815.3434,814.4266,813.5126,813.5034,813.4941,813.4848,813.4755,813.4662,810.1977,804.0811,797.9646,791.848,785.7314,777.9507,745.8932,713.8358,681.7784,649.7209,617.6635,615.2402,633.0181,650.7962,668.5742,686.3522,702.5134,707.3707,712.2281,717.0854,721.9427,726.8,747.6,776.7746,805.9492,835.1237,864.2983,886.3439,877.2109,868.0779,858.945,849.812,840.6791,844.5576,853.5822,862.6069,871.6315,880.6561,883.8536,869.2929,854.7323,840.1716,825.611,811.0504,802.0261,794.5857,787.1453,779.7049,772.2645,766.5969,764.9116,763.2264,761.5411,759.8559,758.1706,758.6025,759.4422,760.2818,761.1215,761.9611,736.9282,693.7582,677.549,661.5319,646.8603,632.4459,610.0815,561.9798,0,0,0,0,0,0,0,0,0,0,0,0,0,0,0,0,0,0,0,0,0,0,0,0,0,0,0,0,0,0,0,0,0,0,0,0,0,0,0,391.8289,391.9208,392.0054,392.0833,0,0,0,0,0,0,0,0,0,0,392.6488,0,0,0,0,0,0,0,0,0,0,0,0,0,0,0,0,0,0,0,0,0,0,0,0,0,0,0,0,0,0,0,0,0,0,0,0,0,0,0,0,0,0,0,0,0,0,0,
62,0,0,0,0,0,0,0,0,0,0,0,0,0,0,0,0,0,0,0,0,0,0,0,0,0,0,0,0,0,0,0,0,0,0,0,0,0,0,0,0,0,0,0,0,0,0,0,0,0,0,0,0,0,0,0,0,0,0,0,0,0,0,0,0,0,0,0,0,0,0,0,0,0,0,0,0,0,0,0,0,0,0,0,0,0,0,0,0,0,0,0,0,0,0,0,0,0,0,0,0,0,0,0,0,0,0,0,0,0,0,0,0,0,0,0,0,0,0,0,0,0,0,0,0,0,0,0,0,0,0,0,0,0,0,0,0,0,0,0,0,0,0,0,0,0,0,0,0,0,0,0,0,0,0,0,0,0,0,0,0,0,0,0,0,0,0,0,0,0,0,0,0,0,0,0,0,0,0,0,0,0,0,0,587.6977,626.6794,650.0873,669.203,692.2673,710.7637,718.749,726.7343,734.7196,742.7049,750.6902,753.4615,753.9803,754.4992,755.0181,755.5369,755.2083,752.0236,748.8389,745.6542,742.4694,739.2847,731.6083,722.5078,713.4075,704.307,695.2067,689.718,693.0814,696.445,699.8085,703.1721,706.5355,708.5477,710.2638,711.9799,713.6959,715.412,713.3475,704.2851,695.2227,686.1603,677.0978,668.0354,687.4,710.5956,733.7914,756.9872,780.1829,794.3727,795.6945,797.0164,798.3383,799.6601,800.9819,804.8544,808.8833,812.9122,816.9411,820.97,822.4506,821.0884,819.7263,818.3641,817.002,815.6391,814.071,812.5031,810.9349,809.3669,807.799,804.5462,799.8214,795.0966,790.3717,785.6469,779.4865,752.3837,725.2809,698.178,671.0752,643.9724,638.7574,648.4633,658.1692,667.8751,677.5809,686.9379,693.855,700.772,707.6891,714.6062,721.5233,744.4561,775.8018,807.1475,838.4932,869.8389,893.9209,886.2354,878.5498,870.8643,863.1787,855.4932,856.7103,861.4483,866.1864,870.9244,875.6625,874.5733,855.7261,836.8788,818.0316,799.1844,780.3372,777.6315,779.5437,781.4558,783.368,785.2801,784.0262,775.6606,767.2949,758.9293,750.5637,742.198,743.932,747.6108,751.2896,754.9684,758.6472,719.6903,659.3745,629.932,593.6947,567.2603,572.421,546.9986,0,0,0,0,0,0,0,0,0,0,0,0,0,0,0,0,0,0,0,0,0,0,0,0,0,0,0,0,0,0,0,0,0,0,0,0,0,0,0,0,0,0,0,391.9273,392.0065,392.0799,392.1479,0,0,0,0,0,392.4697,0,0,0,0,0,0,0,0,0,0,0,0,0,0,0,0,0,0,0,0,0,0,0,0,0,0,0,0,0,0,0,0,0,0,0,0,0,0,0,0,0,0,0,0,0,0,0,0,0,
63,0,0,0,0,0,0,0,0,0,0,0,0,0,0,0,0,0,0,0,0,0,0,0,0,0,0,0,0,0,0,0,0,0,0,0,0,0,0,0,0,0,0,0,0,0,0,0,0,0,0,0,0,0,0,0,0,0,0,0,0,0,0,0,0,0,0,0,0,0,0,0,0,0,0,0,0,0,0,0,0,0,0,0,0,0,0,0,0,0,0,0,0,0,0,0,0,0,0,0,0,0,0,0,0,0,0,0,0,0,0,0,0,0,0,0,0,0,0,0,0,0,0,0,0,0,0,0,0,0,0,0,0,0,0,0,0,0,0,0,0,0,0,0,0,0,0,0,0,0,0,0,0,0,0,0,0,0,0,0,0,0,0,0,0,0,0,0,0,0,0,0,0,0,0,0,0,0,0,0,0,0,0,0,732.7709,726.8168,720.8628,714.9088,708.9548,705.4387,714.0109,722.5833,731.1556,739.7278,748.3002,750.3786,749.6515,748.9244,748.1974,747.4703,746.3328,743.8115,741.2902,738.7689,736.2477,733.7264,727.9782,721.2071,714.4359,707.6648,700.8936,696.2381,696.7679,697.2977,697.8276,698.3575,698.8873,706.6647,716.0302,725.3956,734.761,744.1265,746.6138,736.3694,726.1249,715.8805,705.6361,695.3917,712.5494,733.4001,754.2509,775.1018,795.9526,808.4276,808.9351,809.4425,809.95,810.4574,810.9649,813.2547,815.6539,818.0531,820.4523,822.8515,823.1951,821.2458,819.2965,817.3472,815.3979,813.4453,810.4806,807.5159,804.5511,801.5863,798.6216,795.3738,791.8787,788.3835,784.8884,781.3934,776.6249,753.2817,729.9384,706.5951,683.2518,659.9085,653.7783,659.3821,664.986,670.5897,676.1936,682.4349,693.1335,703.8321,714.5306,725.2292,735.9278,758.8109,788.0943,817.3777,846.6611,875.9446,898.5836,892.1631,885.7427,879.3223,872.9019,866.4814,866.0594,868.0098,869.9602,871.9106,873.861,870.2144,849.5112,828.808,808.1049,787.4017,766.6985,766.5683,772.3235,778.0787,783.8339,789.5891,790.2282,779.375,768.5219,757.6688,746.8156,735.9624,737.5863,741.6129,745.6395,749.666,753.6925,705.2118,630.8679,590.6095,531.5851,472.5606,529.4955,0,0,0,0,0,0,0,0,0,0,0,0,0,0,0,0,0,0,0,0,0,0,0,0,0,0,0,0,0,0,0,0,0,0,0,0,0,0,0,0,0,0,0,0,0,0,0,0,0,0,392.2096,0,392.318,0,0,0,0,0,0,0,0,0,0,0,0,0,0,0,0,0,0,0,0,0,0,0,0,0,0,0,0,0,0,0,0,0,0,0,0,0,0,0,0,0,0,0,0,0,0,0,0,0,0,
64,0,0,0,0,0,0,0,0,0,0,0,0,0,0,0,0,0,0,0,0,0,0,0,0,0,0,0,0,0,0,0,0,0,0,0,0,0,0,0,0,0,0,0,0,0,0,0,0,0,0,0,0,0,0,0,0,0,0,0,0,0,0,0,0,0,0,0,0,0,0,0,0,0,0,0,0,0,0,0,0,0,0,0,0,0,0,0,0,0,0,0,0,0,0,0,0,0,0,0,0,0,0,0,0,0,0,0,0,0,0,0,0,0,0,0,0,0,0,0,0,0,0,0,0,0,0,0,0,0,0,0,0,0,0,0,0,0,0,0,0,0,0,0,0,0,0,0,0,0,0,0,0,0,0,0,0,0,0,0,0,0,0,0,0,0,0,0,0,0,0,0,0,0,0,0,0,0,0,0,0,0,0,0,724.4316,720.2034,715.9751,711.7469,707.5186,705.5134,714.5311,723.5488,732.5664,741.584,750.6017,750.0155,745.2802,740.5449,735.8096,731.0743,727.3296,726.9238,726.518,726.1121,725.7064,725.3005,724.6267,723.8679,723.1091,722.3502,721.5914,720.7543,719.7254,718.6965,717.6676,716.6387,715.6098,722.7873,731.7631,740.7388,749.7146,758.6904,762.8578,758.1246,753.3915,748.6584,743.9254,739.1922,750.3817,763.717,777.0524,790.3878,803.7231,811.9374,812.8345,813.7317,814.6288,815.5259,816.4231,816.8997,817.3504,817.8011,818.2519,818.7026,817.6241,814.8398,812.0555,809.2711,806.4868,803.6982,799.6201,795.5419,791.4638,787.3856,783.3075,780.0455,777.4968,774.9481,772.3994,769.8506,766.075,744.4018,722.7287,701.0555,679.3823,657.7091,653.9442,662.3871,670.8301,679.2731,687.7161,697.2911,714.7814,732.2717,749.7621,767.2524,784.7427,803.7601,823.5796,843.3992,863.2188,883.0383,898.1508,892.6767,887.2027,881.7286,876.2546,870.7805,870.5071,872.2904,874.0738,875.8572,877.6406,874.4596,856.1503,837.8409,819.5316,801.2222,782.9128,778.8133,778.7788,778.7443,778.7099,778.6754,776.8003,770.7904,764.7805,758.7706,752.7607,746.7509,745.7958,745.8141,745.8325,745.8508,745.8691,695.5577,608.0477,563.2952,498.2464,433.1975,0,0,0,0,0,0,0,0,0,0,0,0,0,0,0,0,0,0,0,0,0,0,0,0,0,0,0,0,0,0,0,0,0,0,0,0,0,0,0,0,0,0,0,0,0,0,0,0,0,0,0,0,0,0,0,0,0,0,0,0,0,0,0,0,0,0,0,0,0,0,0,0,0,0,0,0,0,0,0,0,0,0,0,0,0,0,0,0,0,0,0,0,0,0,0,0,0,0,0,0,0,0,0,0,
65,0,0,0,0,0,0,0,0,0,0,0,0,0,0,0,0,0,0,0,0,0,0,0,0,0,0,0,0,0,0,0,0,0,0,0,0,0,0,0,0,0,0,0,0,0,0,0,0,0,0,0,0,0,0,0,0,0,0,0,0,0,0,0,0,0,0,0,0,0,0,0,0,0,0,0,0,0,0,0,0,0,0,0,0,0,0,0,0,0,0,0,0,0,0,0,0,0,0,0,0,0,0,0,0,0,0,0,0,0,0,0,0,0,0,0,0,0,0,0,0,0,0,0,0,0,0,0,0,0,0,0,0,0,0,0,0,0,0,0,0,0,0,0,0,0,0,0,0,0,0,0,0,0,0,0,0,0,0,0,0,0,0,0,0,0,0,0,0,0,0,0,0,0,0,0,0,0,0,0,0,0,0,670.1011,716.0925,713.59,711.0875,708.585,706.0825,705.5881,715.0511,724.5142,733.9772,743.4402,752.9033,749.6524,740.9088,732.1653,723.4218,714.6782,708.3264,710.0361,711.7457,713.4554,715.165,716.8746,721.2751,726.5286,731.7822,737.0358,742.2892,745.2706,742.6829,740.0953,737.5076,734.9199,732.3322,738.91,747.496,756.0821,764.6682,773.2543,779.1017,779.8799,780.6581,781.4364,782.2146,782.9928,788.2139,794.0338,799.8538,805.6737,811.4937,815.4472,816.734,818.0209,819.3077,820.5945,821.8813,820.5446,819.0469,817.5492,816.0515,814.5538,812.0532,808.4338,804.8143,801.1949,797.5756,793.9512,788.7596,783.5681,778.3765,773.1849,767.9934,764.7173,763.1149,761.5126,759.9102,758.3079,755.5251,735.522,715.5189,695.5159,675.5128,655.5097,654.11,665.3922,676.6743,687.9565,699.2386,712.1473,736.4294,760.7114,784.9934,809.2755,833.5575,848.7093,859.0649,869.4206,879.7763,890.132,897.7179,893.1902,888.6626,884.1349,879.6072,875.0797,874.9547,876.571,878.1874,879.8038,881.4202,878.7048,862.7893,846.8738,830.9583,815.0427,799.1271,791.0583,785.2341,779.41,773.5859,767.7617,763.3723,762.2057,761.0391,759.8725,758.7059,757.5393,754.0053,750.0154,746.0255,742.0356,738.0457,589.1743,559.7303,514.8007,452.0277,0,0,0,0,0,0,0,0,0,0,0,0,0,0,0,0,0,0,0,0,0,0,0,0,0,0,0,0,0,0,0,0,0,0,0,0,0,0,0,0,0,0,0,0,0,0,0,0,0,0,0,0,0,0,0,0,0,0,0,0,0,0,0,0,0,0,0,0,0,0,0,0,0,0,0,0,0,0,0,0,0,0,0,0,0,0,0,0,0,0,0,0,0,0,0,0,0,0,0,0,0,0,0,0,0,
66,0,0,0,0,0,0,0,0,0,0,0,0,0,0,0,0,0,0,0,0,0,0,0,0,0,0,0,0,0,0,0,0,0,0,0,0,0,0,0,0,0,0,0,0,0,0,0,0,0,0,0,0,0,0,0,0,0,0,0,0,0,0,0,0,0,0,0,0,0,0,0,0,0,0,0,0,0,0,0,0,0,0,0,0,0,0,0,0,0,0,0,0,0,0,0,0,0,0,0,0,0,0,0,0,0,0,0,0,0,0,0,0,0,0,0,0,0,0,0,0,0,0,0,0,0,0,0,0,0,0,0,0,0,0,0,0,0,0,0,0,0,0,0,0,0,0,0,0,0,0,0,0,0,0,0,0,0,0,0,0,0,0,0,0,0,0,0,0,0,0,0,0,0,0,0,0,0,0,0,0,0,588.1071,663.0538,709.5514,708.6284,707.7054,706.7823,705.8593,706.7147,716.3881,726.0615,735.7349,745.4083,755.0817,749.4575,737.2245,724.9914,712.7584,700.5253,691.9593,695.7534,699.5474,703.3415,707.1356,710.9296,719.6766,729.9937,740.3108,750.6279,760.9451,767.2355,763.6565,760.0775,756.4986,752.9196,749.3406,755.2969,763.3425,771.3882,779.4339,787.4795,794.7148,800.4502,806.1855,811.9209,817.6562,823.3915,823.0475,821.884,820.7205,819.5569,818.3935,818.3409,819.8755,821.4102,822.9448,824.4794,826.0141,823.0438,819.7972,816.5505,813.3039,810.0573,806.2879,801.9354,797.5829,793.2304,788.878,784.52,778.4411,772.3623,766.2834,760.2046,754.1257,750.6404,749.4214,748.2025,746.9834,745.7644,743.4797,725.6476,707.8157,689.9836,672.1516,654.3196,655.1456,668.6906,682.2355,695.7805,709.3254,724.9976,755.5438,786.09,816.6362,847.1823,877.7285,888.6935,889.3725,890.0515,890.7305,891.4095,891.4969,888.9974,886.4979,883.9984,881.499,878.9994,879.2629,880.6191,881.9753,883.3316,884.6879,882.309,868.5479,854.7867,841.0256,827.2645,813.5033,801.9359,790.996,780.056,769.1161,758.1761,751.5858,754.766,757.9461,761.1262,764.3064,767.4865,758.862,723.2738,706.6716,684.2181,642.9417,576.2576,546.2542,501.7637,0,0,0,0,0,0,0,0,0,0,0,0,0,0,0,0,0,0,0,0,0,0,0,0,0,0,0,0,0,0,0,0,0,0,0,0,0,0,0,0,0,0,0,0,0,0,0,0,0,0,0,0,0,0,0,0,0,0,0,0,0,0,0,0,0,0,0,0,0,0,0,0,0,0,0,0,0,0,0,0,0,0,0,0,0,0,0,0,0,0,0,0,0,0,0,0,0,0,0,0,0,0,0,0,0,0,
67,0,0,0,0,0,0,0,0,0,0,0,0,0,0,0,0,0,0,0,0,0,0,0,0,0,0,0,0,0,0,0,0,0,0,0,0,0,0,0,0,0,0,0,0,0,0,0,0,0,0,0,0,0,0,0,0,0,0,0,0,0,0,0,0,0,0,0,0,0,0,0,0,0,0,0,0,0,0,0,0,0,0,0,0,0,0,0,0,0,0,0,0,0,0,0,0,0,0,0,0,0,0,0,0,0,0,0,0,0,0,0,0,0,0,0,0,0,0,0,0,0,0,0,0,0,0,0,0,0,0,0,0,0,0,0,0,0,0,0,0,0,0,0,0,0,0,0,0,0,0,0,0,0,0,0,0,0,0,0,0,0,0,0,0,0,0,0,0,0,0,0,0,0,0,0,0,0,0,0,0,0,592.4213,676.4158,723.7913,722.757,721.7226,720.6882,719.6539,719.9962,727.1644,734.3327,741.5009,748.6692,755.8375,751.2068,741.479,731.7511,722.0231,712.2952,706.056,711.5759,717.0957,722.6155,728.1354,733.6552,738.337,742.7532,747.1693,751.5854,756.0015,759.714,761.7021,763.6901,765.6781,767.6661,769.6542,774.7388,780.502,786.2652,792.0284,797.7916,803.0373,807.3253,811.6132,815.9011,820.189,824.4769,823.225,821.2265,819.2279,817.2294,815.2309,814.114,814.2569,814.3998,814.5427,814.6857,814.8285,812.3023,809.6124,806.9224,804.2325,801.5426,798.2773,794.3701,790.463,786.5559,782.6487,778.7402,774.3871,770.034,765.681,761.3279,756.9748,751.0262,743.6836,736.3409,728.9982,721.6555,714.1506,704.2794,694.4082,684.537,674.6658,664.7945,666.2323,675.3793,684.5264,693.6735,702.8205,714.666,745.3792,776.0923,806.8055,837.5187,868.2319,871.2979,859.8408,848.3838,836.9267,825.4697,818.3836,830.4139,842.4442,854.4746,866.5049,878.5353,881.9593,881.9795,881.9996,882.0198,882.04,878.5038,864.1304,849.7569,835.3834,821.0099,806.6364,797.0104,788.7427,780.4749,772.2071,763.9393,758.7693,760.5577,762.3461,764.1345,765.9229,767.7112,723.5672,707.4119,684.2026,659.6884,624.4357,557.0581,526.3864,0,0,0,0,0,0,0,0,0,0,0,0,0,0,0,0,0,0,0,0,0,0,0,0,0,0,0,0,0,0,0,0,0,0,0,0,0,0,0,0,0,0,0,0,0,0,0,0,0,0,0,0,0,0,0,0,0,0,0,0,0,0,0,0,0,0,0,0,0,0,0,0,0,0,0,0,0,0,0,0,0,0,0,0,0,0,0,0,0,0,0,0,0,0,0,0,0,0,0,0,0,0,0,0,0,0,0,
68,0,0,0,0,0,0,0,0,0,0,0,0,0,0,0,0,0,0,0,0,0,0,0,0,0,0,0,0,0,0,0,0,0,0,0,0,0,0,0,0,0,0,0,0,0,0,0,0,0,0,0,0,0,0,0,0,0,0,0,0,0,0,0,0,0,0,0,0,0,0,0,0,0,0,0,0,0,0,0,0,0,0,0,0,0,0,0,0,0,0,0,0,0,0,0,0,0,0,0,0,0,0,0,0,0,0,0,0,0,0,0,0,0,0,0,0,0,0,0,0,0,0,0,0,0,0,0,0,0,0,0,0,0,0,0,0,0,0,0,0,0,0,0,0,0,0,0,0,0,0,0,0,0,0,0,0,0,0,0,0,0,0,0,0,0,0,0,0,0,0,0,0,0,0,0,0,0,0,0,0,0,604.0073,689.7778,738.0313,736.8856,735.7398,734.5942,733.4484,733.2776,737.9408,742.6039,747.267,751.9301,756.5932,752.9563,745.7335,738.5107,731.288,724.0652,720.1528,727.3984,734.644,741.8896,749.1353,756.3809,756.9974,755.5126,754.0277,752.5428,751.0579,752.1926,759.7476,767.3026,774.8577,782.4127,789.9677,794.1807,797.6614,801.1422,804.6228,808.1036,811.3597,814.2003,817.0408,819.8813,822.7219,825.5623,823.4026,820.569,817.7354,814.9019,812.0683,809.8871,808.6383,807.3895,806.1407,804.8918,803.6429,801.5608,799.4276,797.2943,795.1611,793.0279,790.2667,786.8049,783.3431,779.8813,776.4195,772.9604,770.3331,767.7058,765.0785,762.4512,759.8239,751.4122,737.9457,724.4794,711.013,697.5466,684.8216,682.9111,681.0007,679.0903,677.1799,675.2694,677.319,682.0682,686.8173,691.5664,696.3156,704.3343,735.2145,766.0947,796.9749,827.8551,858.7354,853.9022,830.3091,806.7161,783.123,759.53,745.2703,771.8304,798.3906,824.9507,851.5109,878.0711,884.6557,883.3398,882.0239,880.7081,879.3921,874.6987,859.7129,844.727,829.7411,814.7552,799.7693,792.085,786.4893,780.8937,775.2981,769.7025,765.9528,766.3494,766.746,767.1426,767.5393,693.1464,680.2816,661.733,634.3032,610.6951,590.3099,522.1512,0,0,0,0,0,0,0,0,0,0,0,0,0,0,0,0,0,0,0,0,0,0,0,0,0,0,0,0,0,0,0,0,0,0,0,0,0,0,0,0,0,0,0,0,0,0,0,0,0,0,0,0,0,0,0,0,0,0,0,0,0,0,0,0,0,0,0,0,0,0,0,0,0,0,0,0,0,0,0,0,0,0,0,0,0,0,0,0,0,0,0,0,0,0,0,0,0,0,0,0,0,0,0,0,0,0,0,0,
69,0,0,0,0,0,0,0,0,0,0,0,0,0,0,0,0,0,0,0,0,0,0,0,0,0,0,0,0,0,0,0,0,0,0,0,0,0,0,0,0,0,0,0,0,0,0,0,0,0,0,0,0,0,0,0,0,0,0,0,0,0,0,0,0,0,0,0,0,0,0,0,0,0,0,0,0,0,0,0,0,0,0,0,0,0,0,0,0,0,0,0,0,0,0,0,0,0,0,0,0,0,0,0,0,0,0,0,0,0,0,0,0,0,0,0,0,0,0,0,0,0,0,0,0,0,0,0,0,0,0,0,0,0,0,0,0,0,0,0,0,0,0,0,0,0,0,0,0,0,0,0,0,0,0,0,0,0,0,0,0,0,0,0,0,0,0,0,0,0,0,0,0,0,0,0,0,0,0,0,0,0,618.2036,703.1398,752.2712,751.0142,749.7571,748.5001,747.243,746.5591,748.7171,750.8751,753.033,755.191,757.349,754.7056,749.988,745.2704,740.5528,735.8352,734.2496,743.221,752.1924,761.1637,770.1351,779.1064,775.658,768.272,760.8861,753.5003,746.1144,744.6711,757.7932,770.9152,784.0372,797.1591,810.2811,813.6226,814.8208,816.019,817.2173,818.4156,819.6822,821.0753,822.4684,823.8615,825.2546,826.6477,823.5802,819.9116,816.2429,812.5743,808.9056,805.6603,803.0197,800.3791,797.7385,795.098,792.4573,790.8193,789.2428,787.6663,786.0897,784.5132,782.256,779.2396,776.2232,773.2067,770.1903,767.1806,766.2791,765.3775,764.476,763.5745,762.673,751.798,732.2079,712.6179,693.0278,673.4377,655.4926,661.5429,667.5933,673.6437,679.694,685.7443,688.4058,688.757,689.1082,689.4594,689.8106,694.0027,725.0499,756.0971,787.1443,818.1915,849.2387,836.5065,800.7775,765.0484,729.3193,693.5901,672.157,713.247,754.337,795.4269,836.517,877.607,887.3522,884.7002,882.0482,879.3962,876.7443,870.8936,855.2953,839.6971,824.0989,808.5007,792.9023,787.1595,784.236,781.3126,778.3891,775.4656,773.1362,772.1411,739.5278,730.89,711.342,676.4456,658.2653,631.0984,587.5924,543.9954,506.5811,0,0,0,0,0,0,0,0,0,0,0,0,0,0,0,0,0,0,0,0,0,0,0,0,0,0,0,0,0,0,0,0,0,0,0,0,0,0,0,0,0,0,0,0,0,0,0,0,0,0,0,0,0,0,0,0,0,0,0,0,0,0,0,0,0,0,0,0,0,0,0,0,0,0,0,0,0,0,0,0,0,0,0,0,0,0,0,0,0,0,0,0,0,0,0,0,0,0,0,0,0,0,0,0,0,0,0,0,0,
70,0,0,0,0,0,0,0,0,0,0,0,0,0,0,0,0,0,0,0,0,0,0,0,0,0,0,0,0,0,0,0,0,0,0,0,0,0,0,0,0,0,0,0,0,0,0,0,0,0,0,0,0,0,0,0,0,0,0,0,0,0,0,0,0,0,0,0,0,0,0,0,0,0,0,0,0,0,0,0,0,0,0,0,0,0,0,0,0,0,0,0,0,0,0,0,0,0,0,0,0,0,0,0,0,0,0,0,0,0,0,0,0,0,0,0,0,0,0,0,0,0,0,0,0,0,0,0,0,0,0,0,0,0,0,0,0,0,0,0,0,0,0,0,0,0,0,0,0,0,0,0,0,0,0,0,0,0,0,0,0,0,0,0,0,0,0,0,0,0,0,0,0,0,0,0,0,0,0,0,0,601.114,640.6926,712.1582,750.5944,749.7131,748.8318,747.9505,747.0692,746.5748,747.9989,749.423,750.8471,752.2712,753.6953,750.2298,744.6519,739.074,733.4963,727.9184,725.6793,734.6937,743.7082,752.7226,761.7371,770.7515,769.3555,764.6592,759.9628,755.2665,750.5702,749.9685,759.4027,768.8369,778.2711,787.7053,797.1395,800.7063,802.9875,805.2687,807.5499,809.831,811.728,812.9135,814.0991,815.2846,816.4702,817.6558,814.2179,810.157,806.0962,802.0353,797.9745,794.4175,791.5809,788.7441,785.9074,783.0706,780.2339,778.7753,777.4011,776.0271,774.653,773.2789,772.3856,772.0286,771.6716,771.3146,770.9576,770.5823,764.4543,758.3264,752.1985,746.0705,739.9426,725.9146,704.9832,684.0518,663.1204,642.1891,623.5363,638.1231,652.7099,667.2967,681.8835,696.4703,706.1121,712.383,718.6538,724.9246,731.1954,739.6122,763.0328,786.4536,809.8742,833.295,856.7157,845.884,817.0599,788.2357,759.4115,730.5873,713.4401,747.3621,781.2841,815.2061,849.1281,883.0502,888.3785,882.3978,876.4171,870.4363,864.4556,856.4178,842.1113,827.8048,813.4983,799.1918,784.8853,781.1287,780.3903,779.6519,778.9135,778.1751,766.6439,730.2167,717.6075,704.4543,685.5707,655.501,636.3252,608.407,561.9782,0,0,0,0,0,0,0,0,0,0,0,0,0,0,0,0,0,0,0,0,0,0,0,0,0,0,0,0,0,0,0,0,0,0,0,0,0,0,0,0,0,0,0,0,0,0,0,0,0,0,0,0,0,0,0,0,0,0,0,0,0,0,0,0,0,0,0,0,0,0,0,0,0,0,0,0,0,0,0,0,0,0,0,0,0,0,0,0,0,0,0,0,0,0,0,0,0,0,0,0,0,0,0,0,0,0,0,0,0,0,0,
71,0,0,0,0,0,0,0,0,0,0,0,0,0,0,0,0,0,0,0,0,0,0,0,0,0,0,0,0,0,0,0,0,0,0,0,0,0,0,0,0,0,0,0,0,0,0,0,0,0,0,0,0,0,0,0,0,0,0,0,0,0,0,0,0,0,0,0,0,0,0,0,0,0,0,0,0,0,0,0,0,0,0,0,0,0,0,0,0,0,0,0,0,0,0,0,0,0,0,0,0,0,0,0,0,0,0,0,0,0,0,0,0,0,0,0,0,0,0,0,0,0,0,0,0,0,0,0,0,0,0,0,0,0,0,0,0,0,0,0,0,0,0,0,0,0,0,0,0,0,0,0,0,0,0,0,0,0,0,0,0,0,0,0,0,0,0,0,0,0,0,0,0,0,0,0,0,0,0,0,0,632.4462,663.0505,720.0594,744.8239,744.4437,744.0634,743.6832,743.3029,743.1787,744.3245,745.4702,746.616,747.7617,748.9074,744.1528,736.8492,729.5456,722.242,714.9384,711.2792,719.904,728.5287,737.1534,745.7783,754.403,756.6329,756.8355,757.0381,757.2408,757.4434,758.5627,761.9289,765.2951,768.6613,772.0274,775.3937,779.4681,783.6977,787.9273,792.1569,796.3865,799.5875,800.8844,802.1813,803.4782,804.7751,806.072,802.4022,798.0629,793.7237,789.3845,785.0453,781.3705,778.6451,775.9197,773.1943,770.4689,767.7435,766.3962,765.1334,763.8707,762.6079,761.3452,762.0368,764.9087,767.7805,770.6524,773.5243,776.3452,763.2028,750.0605,736.9182,723.7759,710.6335,693.275,672.2323,651.1896,630.1469,609.1042,590.9044,614.1757,637.447,660.7183,683.9895,707.2609,725.521,740.3649,755.2089,770.0529,784.8969,799.6089,813.3988,827.1886,840.9785,854.7682,868.5581,862.1472,845.125,828.1029,811.0807,794.0585,784.1445,805.3182,826.4918,847.6653,868.839,890.0126,888.9753,879.1534,869.3314,859.5095,849.6875,839.1978,826.6727,814.1476,801.6225,789.0974,776.5723,774.8137,776.135,777.4564,778.7778,780.0992,756.6344,688.6642,671.097,652.3412,636.7584,623.9464,601.2493,0,0,0,0,0,0,0,0,0,0,0,0,0,0,0,0,0,0,0,0,0,0,0,0,0,0,0,0,0,0,0,0,0,0,0,0,0,0,0,0,0,0,0,0,0,0,0,0,0,0,0,0,0,0,0,0,0,0,0,0,0,0,0,0,0,0,0,0,0,0,0,0,0,0,0,0,0,0,0,0,0,0,0,0,0,0,0,0,0,0,0,0,0,0,0,0,0,0,0,0,0,0,0,0,0,0,0,0,0,0,0,0,0,
72,0,0,0,0,0,0,0,0,0,0,0,0,0,0,0,0,0,0,0,0,0,0,0,0,0,0,0,0,0,0,0,0,0,0,0,0,0,0,0,0,0,0,0,0,0,0,0,0,0,0,0,0,0,0,0,0,0,0,0,0,0,0,0,0,0,0,0,0,0,0,0,0,0,0,0,0,0,0,0,0,0,0,0,0,0,0,0,0,0,0,0,0,0,0,0,0,0,0,0,0,0,0,0,0,0,0,0,0,0,0,0,0,0,0,0,0,0,0,0,0,0,0,0,0,0,0,0,0,0,0,0,0,0,0,0,0,0,0,0,0,0,0,0,0,0,0,0,0,0,0,0,0,0,0,0,0,0,0,0,0,0,0,0,0,0,0,0,0,0,0,0,0,0,0,0,0,0,0,0,628.8815,655.261,697.5854,727.9608,739.0535,739.1743,739.295,739.4158,739.5366,739.7827,740.6501,741.5174,742.3848,743.2522,744.1196,738.0759,729.0465,720.0172,710.9878,701.9584,696.8792,705.1143,713.3493,721.5844,729.8194,738.0544,743.9103,749.0119,754.1135,759.215,764.3165,767.1569,764.4551,761.7532,759.0515,756.3495,753.6478,758.2298,764.4078,770.5859,776.764,782.9421,787.4471,788.8553,790.2635,791.6718,793.08,794.4883,790.5863,785.9688,781.3512,776.7336,772.1161,768.3234,765.7094,763.0953,760.4812,757.8672,755.2531,754.0171,752.8657,751.7143,750.5629,749.4114,751.688,757.7888,763.8895,769.9902,776.0909,782.1082,761.9514,741.7947,721.6379,701.4812,681.3245,660.6356,639.4815,618.3275,597.1734,576.0193,558.2724,590.2282,622.184,654.1398,686.0956,718.0514,744.9298,768.3469,791.7641,815.1812,838.5984,859.6058,863.7648,867.9237,872.0826,876.2416,880.4005,878.4104,873.1902,867.97,862.7499,857.5298,854.849,863.2742,871.6995,880.1246,888.5499,896.975,889.5721,875.9089,862.2458,848.5826,834.9194,821.9776,811.234,800.4903,789.7467,779.0031,768.2594,768.4986,771.8798,775.2609,778.6421,782.0233,625.2698,605.9984,580.2151,550.3707,531.9247,549.9522,522.6105,0,0,0,0,0,0,0,0,0,0,0,0,0,0,0,0,0,0,0,0,0,0,0,0,0,0,0,0,0,0,0,0,0,0,0,0,0,0,0,0,0,0,0,0,0,0,0,0,0,0,0,0,0,0,0,0,0,0,0,0,0,0,0,0,0,0,0,0,0,0,0,0,0,0,0,0,0,0,0,0,0,0,0,0,0,0,0,0,0,0,0,0,0,0,0,0,0,0,0,0,0,0,0,0,0,0,0,0,0,0,0,0,0,
73,0,0,0,0,0,0,0,0,0,0,0,0,0,0,0,0,0,0,0,0,0,0,0,0,0,0,0,0,0,0,0,0,0,0,0,0,0,0,0,0,0,0,0,0,0,0,0,0,0,0,0,0,0,0,0,0,0,0,0,0,0,0,0,0,0,0,0,0,0,0,0,0,0,0,0,0,0,0,0,0,0,0,0,0,0,0,0,0,0,0,0,0,0,0,0,0,0,0,0,0,0,0,0,0,0,0,0,0,0,0,0,0,0,0,0,0,0,0,0,0,0,0,0,0,0,0,0,0,0,0,0,0,0,0,0,0,0,0,0,0,0,0,0,0,0,0,0,0,0,0,0,0,0,0,0,0,0,0,0,0,0,0,0,0,0,0,0,0,0,0,0,0,0,0,0,0,0,560.03,690.7658,697.8161,704.8663,711.9166,718.967,723.5162,726.6425,729.7686,732.8948,736.0211,738.3823,736.9507,735.5192,734.0876,732.6561,731.2245,725.965,719.0519,712.1388,705.2256,698.3124,694.7826,702.6564,710.5303,718.4041,726.278,734.1518,742.5168,751.0374,759.558,768.0786,776.5992,781.3383,776.8089,772.2795,767.7501,763.2206,758.6912,762.7689,768.7324,774.696,780.6597,786.6233,790.7188,791.356,791.9934,792.6307,793.268,793.9054,791.0209,787.6618,784.3027,780.9435,777.5844,774.4373,771.593,768.7488,765.9046,763.0603,760.2161,759.5276,758.9713,758.4151,757.8588,757.3026,758.8498,762.7437,766.6375,770.5314,774.4253,778.2184,750.4496,722.6808,694.912,667.1433,639.3745,618.5999,603.937,589.2742,574.6114,559.9485,548.5286,584.4162,620.3038,656.1914,692.079,727.9666,758.5245,785.449,812.3736,839.2982,866.2227,889.6384,888.5208,887.4031,886.2853,885.1677,884.05,881.5804,878.4008,875.2211,872.0414,868.8618,867.2806,872.6906,878.1004,883.5103,888.9202,894.33,885.7059,871.5313,857.3567,843.182,829.0074,816.0081,806.5905,797.173,787.7554,778.3378,768.9203,752.1581,729.8206,709.738,686.7709,650.8955,594.1024,568.4915,532.3489,482.278,432.2071,0,0,0,0,0,0,0,0,0,0,0,0,0,0,0,0,0,0,0,0,0,0,0,0,0,0,0,0,0,0,0,0,0,0,0,0,0,0,0,0,0,0,0,0,0,0,0,0,0,0,0,0,0,0,0,0,0,0,0,0,0,0,0,0,0,0,0,0,0,0,0,0,0,0,0,0,0,0,0,0,0,0,0,0,0,0,0,0,0,0,0,0,0,0,0,0,0,0,0,0,0,0,0,0,0,0,0,0,0,0,0,0,0,0,0,
74,0,0,0,0,0,0,0,0,0,0,0,0,0,0,0,0,0,0,0,0,0,0,0,0,0,0,0,0,0,0,0,0,0,0,0,0,0,0,0,0,0,0,0,0,0,0,0,0,0,0,0,0,0,0,0,0,0,0,0,0,0,0,0,0,0,0,0,0,0,0,0,0,0,0,0,0,0,0,0,0,0,0,0,0,0,0,0,0,0,0,0,0,0,0,0,0,0,0,0,0,0,0,0,0,0,0,0,0,0,0,0,0,0,0,0,0,0,0,0,0,0,0,0,0,0,0,0,0,0,0,0,0,0,0,0,0,0,0,0,0,0,0,0,0,0,0,0,0,0,0,0,0,0,0,0,0,0,0,0,0,0,0,0,0,0,0,0,0,0,0,0,0,0,0,0,0,597.7648,702.2687,700.5788,698.889,697.1991,695.5092,693.8193,698.6406,707.1668,715.6929,724.2191,732.7454,738.8903,733.2277,727.5653,721.9028,716.2403,710.5778,708.085,706.9615,705.838,704.7146,703.5911,704.4498,711.9896,719.5295,727.0693,734.6091,742.1489,751.9551,762.4799,773.0046,783.5294,794.0541,800.8618,798.5591,796.2565,793.9539,791.6513,789.3486,791.9543,795.6354,799.3166,802.9977,806.6789,808.7262,807.7491,806.772,805.7949,804.8178,803.8407,803.1683,802.537,801.9058,801.2744,800.6431,798.8715,795.4706,792.0697,788.6688,785.2678,781.8668,782.1428,782.6443,783.1458,783.6472,784.1486,782.7538,779.2436,775.7333,772.2231,768.7128,765.0995,729.1472,693.1949,657.2427,621.2904,585.3381,567.5804,565.7216,563.8629,562.0041,560.1453,560.6688,595.944,631.2192,666.4946,701.7698,737.045,766.5601,792.1486,817.7371,843.3256,868.914,891.0215,888.7905,886.5594,884.3283,882.0972,879.8662,872.2319,861.7595,851.2871,840.8147,830.3423,823.9962,835.6968,847.3974,859.098,870.7985,882.4991,877.5727,866.0702,854.5677,843.0652,831.5627,820.7954,812.2686,803.7418,795.2149,786.6881,778.1613,732.4598,710.173,681.2343,652.2816,616.4966,552.7129,523.6072,483.9676,445.5891,0,0,0,0,0,0,0,0,0,0,0,0,0,0,0,0,0,0,0,0,0,0,0,0,0,0,0,0,0,0,0,0,0,0,0,0,0,0,0,0,0,0,0,0,0,0,0,0,0,0,0,0,0,0,0,0,0,0,0,0,0,0,0,0,0,0,0,0,0,0,0,0,0,0,0,0,0,0,0,0,0,0,0,0,0,0,0,0,0,0,0,0,0,0,0,0,0,0,0,0,0,0,0,0,0,0,0,0,0,0,0,0,0,0,0,0,
75,0,0,0,0,0,0,0,0,0,0,0,0,0,0,0,0,0,0,0,0,0,0,0,0,0,0,0,0,0,0,0,0,0,0,0,0,0,0,0,0,0,0,0,0,0,0,0,0,0,0,0,0,0,0,0,0,0,0,0,0,0,0,0,0,0,0,0,0,0,0,0,0,0,0,0,0,0,0,0,0,0,0,0,0,0,0,0,0,0,0,0,0,0,0,0,0,0,0,0,0,0,0,0,0,0,0,0,0,0,0,0,0,0,0,0,0,0,0,0,0,0,0,0,0,0,0,0,0,0,0,0,0,0,0,0,0,0,0,0,0,0,0,0,0,0,0,0,0,0,0,0,0,0,0,0,0,0,0,0,281.2316,0,0,0,0,0,0,0,0,0,0,0,0,0,0,545.7856,601.899,628.2548,720.8219,710.3919,699.9619,689.5318,679.1017,668.6718,673.765,687.6911,701.6172,715.5434,729.4696,739.3981,729.5047,719.6113,709.718,699.8246,689.9312,690.2049,694.8712,699.5374,704.2036,708.8697,714.117,721.3228,728.5286,735.7343,742.9401,750.1459,761.3935,773.9223,786.4512,798.98,811.5089,820.3852,820.3094,820.2336,820.1578,820.082,820.0061,821.1398,822.5385,823.9371,825.3358,826.7345,826.7336,824.1421,821.5505,818.959,816.3675,813.776,815.3157,817.4122,819.5088,821.6053,823.7018,823.3058,819.3481,815.3905,811.4329,807.4753,803.5176,804.7579,806.3171,807.8763,809.4355,810.9948,806.6578,795.7435,784.8291,773.9147,763.0004,751.9805,707.8447,663.709,619.5733,575.4376,531.3018,516.561,527.5063,538.4515,549.3969,560.3422,572.809,607.4719,642.1347,676.7976,711.4604,746.1234,774.5958,798.8481,823.1006,847.353,871.6053,892.4047,889.0602,885.7157,882.3713,879.0268,875.6823,862.8834,845.1183,827.3531,809.588,791.8228,780.7118,798.703,816.6943,834.6855,852.6769,870.6681,869.4395,860.6091,851.7787,842.9484,834.118,825.5828,817.9467,810.3105,802.6744,795.0383,787.4022,718.2639,687.8358,642.9905,597.8389,554.0782,485.7679,453.6143,413.9261,0,0,0,0,0,0,0,0,0,0,0,0,0,0,0,0,0,0,0,0,0,0,0,0,0,0,0,0,0,0,0,0,0,0,0,0,0,0,0,0,0,0,0,0,0,0,0,0,0,0,0,0,0,0,0,0,0,0,0,0,0,0,0,0,0,0,0,0,0,0,0,0,0,0,0,0,0,0,0,0,0,0,0,0,0,0,0,0,0,0,0,0,0,0,0,0,0,0,0,0,0,0,0,0,0,0,0,0,0,0,0,0,0,0,0,0,0,
76,0,0,0,0,0,0,0,0,0,0,0,0,0,0,0,0,0,0,0,0,0,0,0,0,0,0,0,0,0,0,0,0,0,0,0,0,0,0,0,0,0,0,0,0,0,0,0,0,0,0,0,0,0,0,0,0,0,0,0,0,0,0,0,0,0,0,0,0,0,0,0,0,0,0,0,0,0,0,0,0,0,0,0,0,0,0,0,0,0,0,0,0,0,0,0,0,0,0,0,0,0,0,0,0,0,0,0,0,0,0,0,0,0,0,0,0,0,0,0,0,0,0,0,0,0,0,0,0,0,0,0,0,0,0,0,0,0,0,0,0,0,0,0,0,0,0,0,0,0,0,0,0,0,0,0,0,0,0,0,0,0,0,0,279.2686,0,0,0,0,0,0,0,0,422.7428,490.3882,552.6834,610.0264,640.2303,734.1481,717.8086,701.4691,685.1297,668.7902,652.4507,657.0142,673.4716,689.9291,706.3866,722.8441,734.6908,723.6752,712.6597,701.6442,690.6287,679.6131,681.9676,690.0982,698.2288,706.3594,714.4901,722.5176,730.1982,737.8788,745.5593,753.2399,760.9205,772.8444,786.1137,799.3829,812.6522,825.9214,835.7711,837.2397,838.7083,840.1768,841.6454,843.114,843.0987,842.7583,842.418,842.0776,841.7371,840.267,836.7056,833.1441,829.5826,826.0212,822.4598,825.4418,829.3057,833.1696,837.0336,840.8975,841.4576,837.2971,833.1366,828.9761,824.8156,820.6552,822.1183,823.9265,825.7346,827.5428,829.3509,821.9739,804.3505,786.7271,769.1037,751.4803,733.7615,686.118,638.4747,590.8312,543.1879,495.5444,483.5595,502.7343,521.9089,541.0836,560.2582,580.5146,616.5491,652.5837,688.6182,724.6528,760.6874,788.1924,809.8829,831.5734,853.2639,874.9544,893.3604,888.8015,884.2425,879.6835,875.1246,870.5656,854.6799,832.8445,811.0091,789.1736,767.3382,753.5372,774.8747,796.2122,817.5496,838.8871,860.2246,861.2433,854.2258,847.2083,840.1909,833.1733,826.3416,820.0765,813.8112,807.5461,801.2809,795.0157,708.4826,672.2685,610.8146,540.5588,464.5724,394.1176,0,0,0,0,0,0,0,0,0,0,0,0,0,0,0,0,0,0,0,0,0,0,0,0,0,0,0,0,0,0,0,0,0,0,0,0,0,0,0,0,0,0,0,0,0,0,0,0,0,0,0,0,0,0,0,0,0,0,0,0,0,0,0,0,0,0,0,0,0,0,0,0,0,0,0,0,0,0,0,0,0,0,0,0,0,0,0,0,0,0,0,0,0,0,0,0,0,0,0,0,0,0,0,0,0,0,0,0,0,0,0,0,0,0,0,0,0,0,0,
77,0,0,0,0,0,0,0,0,0,0,0,0,0,0,0,0,0,0,0,0,0,0,0,0,0,0,0,0,0,0,0,0,0,0,0,0,0,0,0,0,0,0,0,0,0,0,0,0,0,0,0,0,0,0,0,0,0,0,0,0,0,0,0,0,0,0,0,0,0,0,0,0,0,0,0,0,0,0,0,0,0,0,0,0,0,0,0,0,0,0,0,0,0,0,0,0,0,0,0,0,0,0,0,0,0,0,0,0,0,0,0,0,0,0,0,0,0,0,0,0,0,0,0,0,0,0,0,0,0,0,0,0,0,0,0,0,0,0,0,0,0,0,0,0,0,0,0,0,0,0,0,0,0,0,0,0,0,0,0,0,0,0,0,0,282.1412,0,0,0,0,0,392.0211,423.5377,489.0418,536.8742,583.5033,629.3087,656.1284,729.6749,717.0652,704.4557,691.8461,679.2365,666.6269,667.9305,677.1509,686.3713,695.5917,704.8121,712.2247,710.673,709.1213,707.5696,706.0179,704.4664,706.5659,710.2429,713.9199,717.5969,721.274,726.6058,737.5152,748.4246,759.334,770.2435,781.1528,791.1489,800.8552,810.5615,820.2679,829.9743,837.0677,837.757,838.4461,839.1353,839.8245,840.5137,840.4496,840.2206,839.9916,839.7625,839.5334,838.5652,836.2285,833.8917,831.555,829.2183,826.8816,828.6846,831.0454,833.4062,835.767,838.1279,838.2163,835.0579,831.8995,828.741,825.5826,822.4242,821.5849,820.8879,820.1909,819.4939,818.7969,808.0463,786.0807,764.1151,742.1494,720.1838,698.176,662.947,627.7179,592.4889,557.2599,522.0308,511.9136,523.7399,535.5661,547.3924,559.2186,573.1193,617.2817,661.4441,705.6064,749.7687,793.9312,820.7253,835.6797,850.6342,865.5887,880.5431,892.8609,886.7432,880.6255,874.5078,868.39,862.2723,850.3756,835.4432,820.5108,805.5785,790.6461,781.2203,795.8773,810.5345,825.1915,839.8486,854.5058,852.8333,844.7024,836.5715,828.4406,820.3097,813.3825,810.1234,806.8644,803.6054,800.3464,797.0873,707.8217,0,0,548.8754,509.7323,440.1578,0,0,0,0,0,0,0,0,0,0,0,0,0,0,0,0,0,0,0,0,0,0,0,0,0,0,0,0,0,0,0,0,0,0,0,0,0,0,0,0,0,0,0,0,0,0,0,0,0,0,0,0,0,0,0,0,0,0,0,0,0,0,0,0,0,0,0,0,0,0,0,0,0,0,0,0,0,0,0,0,0,0,0,0,0,0,0,0,0,0,0,0,0,0,0,0,0,0,0,0,0,0,0,0,0,0,0,0,0,0,0,0,0,0,0,0,0,0,0,
78,0,0,0,0,0,0,0,0,0,0,0,0,0,0,0,0,0,0,0,0,0,0,0,0,0,0,0,0,0,0,0,0,0,0,0,0,0,0,0,0,0,0,0,0,0,0,0,0,0,0,0,0,0,0,0,0,0,0,0,0,0,0,0,0,0,0,0,0,0,0,0,0,0,0,0,0,0,0,0,0,0,0,0,0,0,0,0,0,0,0,0,0,0,0,0,0,0,0,0,0,0,0,0,0,0,0,0,0,0,0,0,0,0,0,0,0,0,0,0,0,0,0,0,0,0,0,0,0,0,0,0,0,0,0,0,0,0,0,0,0,0,0,0,0,0,0,0,0,0,0,0,0,0,0,0,0,0,0,0,0,0,0,0,0,0,286.0274,0,0,327.6778,374.2924,412.9905,444.2214,509.7065,559.8891,602.8828,643.0729,668.924,725.2017,716.322,707.4422,698.5625,689.6828,680.803,678.8469,680.8302,682.8135,684.7968,686.7801,689.7585,697.6707,705.5829,713.4951,721.4073,729.3195,731.1642,730.3876,729.6111,728.8345,728.0579,730.6939,744.8322,758.9705,773.1087,787.247,801.3853,809.4532,815.5967,821.7402,827.8837,834.0272,838.3643,838.2741,838.184,838.0938,838.0035,837.9133,837.8005,837.6829,837.5652,837.4474,837.3298,836.8633,835.7513,834.6393,833.5274,832.4155,831.3035,831.9273,832.7851,833.6428,834.5005,835.3583,834.975,832.8187,830.6623,828.5059,826.3495,824.1932,821.0515,817.8494,814.6472,811.445,808.2429,794.1188,767.8109,741.5031,715.1952,688.8873,662.5905,639.7758,616.9612,594.1465,571.3318,548.5172,540.2676,544.7454,549.2233,553.7012,558.179,565.7241,618.0143,670.3044,722.5945,774.8847,827.1749,853.2582,861.4767,869.6951,877.9134,886.1318,892.3614,884.6849,877.0084,869.332,861.6555,853.979,846.0712,838.0419,830.0126,821.9833,813.9539,808.9033,816.8801,824.8568,832.8335,840.8102,848.7869,844.4233,835.179,825.9347,816.6904,807.4461,800.4233,800.1705,799.9177,799.6648,799.4119,688.9672,667.9702,0,0,0,0,0,0,0,0,0,0,0,0,0,0,0,0,0,0,0,0,0,0,0,0,0,0,0,0,0,0,0,0,0,0,0,0,0,0,0,0,0,0,0,0,0,0,0,0,0,0,0,0,0,0,0,0,0,0,0,0,0,0,0,0,0,0,0,0,0,0,0,0,0,0,0,0,0,0,0,0,0,0,0,0,0,0,0,0,0,0,0,0,0,0,0,0,0,0,0,0,0,0,0,0,0,0,0,0,0,0,0,0,0,0,0,0,0,0,0,0,0,0,0,0,
79,0,0,0,0,0,0,0,0,0,0,0,0,0,0,0,0,0,0,0,0,0,0,0,0,0,0,0,0,0,0,0,0,0,0,0,0,0,0,0,0,0,0,0,0,0,0,0,0,0,0,0,0,0,0,0,0,0,0,0,0,0,0,0,0,0,0,0,0,0,0,0,0,0,0,0,0,0,0,0,0,0,0,0,0,0,0,0,0,0,0,0,0,0,0,0,0,0,0,0,0,0,0,0,0,0,0,0,0,0,0,0,0,0,0,0,0,0,0,0,0,0,0,0,0,0,0,0,0,0,0,0,0,0,0,0,0,0,0,0,0,0,0,0,0,0,0,0,0,0,0,0,0,0,0,0,0,0,0,0,0,0,0,0,0,0,294.9281,301.5059,286.7245,333.792,380.8595,419.9679,451.2126,516.8857,570.6115,613.6938,651.7139,696.0775,720.7285,715.5786,710.4288,705.2789,700.1291,694.9792,689.7632,684.5094,679.2557,674.0019,668.7482,667.2923,684.6684,702.0445,719.4205,736.7967,754.1727,755.7625,750.5324,745.3022,740.0721,734.8419,734.782,752.1492,769.5163,786.8834,804.2505,821.6176,827.7575,830.3382,832.9188,835.4994,838.0801,839.6609,838.7913,837.9218,837.0522,836.1826,835.313,835.1516,835.1452,835.1388,835.1324,835.126,835.1614,835.2742,835.387,835.4998,835.6126,835.7253,835.17,834.5247,833.8793,833.234,832.5887,831.7338,830.5795,829.4252,828.2708,827.1165,825.9622,820.518,814.8107,809.1035,803.3962,797.6888,780.1912,749.5411,718.8911,688.2409,657.5908,627.005,616.6047,606.2045,595.8041,585.4039,575.0035,568.6216,565.7511,562.8805,560.0099,557.1393,558.3289,618.7468,679.1648,739.5827,800.0007,860.4186,885.7912,887.2736,888.7559,890.2382,891.7205,891.8619,882.6266,873.3914,864.1561,854.9209,845.6857,841.7668,840.6406,839.5143,838.3881,837.2618,836.5864,837.8828,839.1791,840.4755,841.7717,843.0681,836.0133,825.6556,815.2979,804.9402,794.5825,787.4641,790.2175,761.8284,752.7848,728.2145,680.1919,0,0,0,0,0,0,0,0,0,0,0,0,0,0,0,0,0,0,0,0,0,0,0,0,0,0,0,0,0,0,0,0,0,0,0,0,0,0,0,0,0,0,0,0,0,0,0,0,0,0,0,0,0,0,0,0,0,0,0,0,0,0,0,0,0,0,0,0,0,0,0,0,0,0,0,0,0,0,0,0,0,0,0,0,0,0,0,0,0,0,0,0,0,0,0,0,0,0,0,0,0,0,0,0,0,0,0,0,0,0,0,0,0,0,0,0,0,0,0,0,0,0,0,0,0,
80,0,0,0,0,0,0,0,0,0,0,0,0,0,0,0,0,0,0,0,0,0,0,0,0,0,0,0,0,0,0,0,0,0,0,0,0,0,0,0,0,0,0,0,0,0,0,0,0,0,0,0,0,0,0,0,0,0,0,0,0,0,0,0,0,0,0,0,0,0,0,0,0,0,0,0,0,0,0,0,0,0,0,0,0,0,0,0,0,0,0,0,0,0,0,0,0,0,0,0,0,0,0,0,0,0,0,0,0,0,0,0,0,0,0,0,0,0,0,0,0,0,0,0,0,0,0,0,0,0,0,0,0,0,0,0,0,0,0,0,0,0,0,0,0,0,0,0,0,0,0,0,0,0,0,0,0,0,0,0,0,0,0,0,0,0,304.7649,307.8812,287.6561,334.8765,382.097,421.3485,452.7267,577.4916,608.228,638.9645,669.701,700.4376,727.2612,721.38,715.4988,709.6176,703.7365,697.8552,691.2069,684.122,677.0372,669.9523,662.8674,660.4279,681.0221,701.6163,722.2106,742.8048,763.399,768.5306,766.9821,765.4335,763.8849,762.3364,763.9331,776.1315,788.3298,800.5282,812.7266,824.9249,828.7095,829.8267,830.9438,832.0609,833.1781,833.9196,833.7402,833.5609,833.3815,833.2021,833.0228,832.1725,831.1754,830.1781,829.1809,828.1837,827.7292,828.2794,828.8297,829.3799,829.9301,830.4804,830.5025,830.4535,830.4045,830.3555,830.3064,830.1501,829.8403,829.5306,829.2209,828.9112,828.6015,815.95,802.5416,789.1331,775.7247,762.3162,741.1862,711.4423,681.6984,651.9545,622.2106,592.5724,596.0561,599.5397,603.0235,606.5071,609.9908,615.0688,621.5401,628.0114,634.4826,640.9539,649.7542,692.5297,735.3053,778.0809,820.8564,863.632,882.4042,884.8132,887.2224,889.6315,892.0406,893.3362,886.8459,880.3558,873.8655,867.3753,860.8851,857.4135,855.5275,853.6415,851.7554,849.8695,847.5083,843.069,838.6296,834.1903,829.751,825.3117,818.8799,811.6601,804.4403,797.2205,790.0007,774.9523,743.3619,731.1786,718.9619,699.7734,665.4733,0,0,0,0,0,0,0,0,0,0,0,0,0,0,0,0,0,0,0,0,0,0,0,0,0,0,0,0,0,0,0,0,0,0,0,0,0,0,0,0,0,0,0,0,0,0,0,0,0,0,0,0,0,0,0,0,0,0,0,0,0,0,0,0,0,0,0,0,0,0,0,0,0,0,0,0,0,0,0,0,0,0,0,0,0,0,0,0,0,0,0,0,0,0,0,0,0,0,0,0,0,0,0,0,0,0,0,0,0,0,0,0,0,0,0,0,0,0,0,0,0,0,0,0,0,
81,0,0,0,0,0,0,0,0,0,0,0,0,0,0,0,0,0,0,0,0,0,0,0,0,0,0,0,0,0,0,0,0,0,0,0,0,0,0,0,0,0,0,0,0,0,0,0,0,0,0,0,0,0,0,0,0,0,0,0,0,0,0,0,0,0,0,0,0,0,0,0,0,0,0,0,0,0,0,0,0,0,0,0,0,0,0,0,0,0,0,0,0,0,0,0,0,0,0,0,0,0,0,0,0,0,0,0,0,0,0,0,0,0,0,0,0,0,0,0,0,0,0,0,0,0,0,0,0,0,0,0,0,0,0,0,0,0,0,0,0,0,0,0,0,0,0,0,0,0,0,0,0,0,0,0,0,0,0,0,0,0,0,0,0,316.0902,315.1191,316.2887,305.7924,355.9901,406.1877,446.7903,499.5655,561.9176,597.3303,632.7431,668.1559,703.5687,734.4618,727.5786,720.6953,713.8121,706.9288,700.0456,692.0759,683.4879,674.9,666.312,657.724,654.5101,677.9436,701.377,724.8104,748.2438,771.6771,780.5809,783.2076,785.8342,788.4609,791.0876,794.6051,801.1251,807.6451,814.1652,820.6852,827.2053,828.6085,828.3895,828.1707,827.9517,827.7328,827.7512,828.3512,828.9512,829.5512,830.1512,830.7512,829.1735,827.1186,825.0637,823.0087,820.9537,819.9493,820.8892,821.8291,822.769,823.7089,824.6488,825.355,826.0297,826.7044,827.379,828.0538,828.6669,829.1923,829.7177,830.2429,830.7683,831.2936,811.1373,789.7123,768.2874,746.8625,725.4376,700.6593,672.1401,643.621,615.1019,586.5828,558.2098,575.6666,593.1234,610.5803,628.037,645.4938,662.614,679.4398,696.2657,713.0916,729.9174,747.1758,770.7454,794.3148,817.8843,841.4537,865.0232,876.8375,880.6384,884.4392,888.2401,892.041,894.9303,891.4462,887.9622,884.4781,880.9941,877.5101,874.2708,871.16,868.0493,864.9385,861.8278,857.4131,847.2955,837.1778,827.0602,816.9425,806.8249,801.2172,797.3932,793.5693,789.7454,785.9214,703.1563,690.1108,673.7492,656.9902,644.643,635.8963,613.1253,564.5109,0,0,0,0,0,0,0,0,0,0,0,0,0,0,0,0,0,0,0,0,0,0,0,0,0,0,0,0,0,0,0,0,0,0,0,0,0,0,0,0,0,0,0,0,0,0,0,0,0,0,0,0,0,0,0,0,0,0,0,0,0,0,0,0,0,0,0,0,0,0,0,0,0,0,0,0,0,0,0,0,0,0,0,0,0,0,0,0,0,0,0,0,0,0,0,0,0,0,0,0,0,0,0,0,0,0,0,0,0,0,0,0,0,0,0,0,0,0,0,0,0,0,0,
82,0,0,0,0,0,0,0,0,0,0,0,0,0,0,0,0,0,0,0,0,0,0,0,0,0,0,0,0,0,0,0,0,0,0,0,0,0,0,0,0,0,0,0,0,0,0,0,0,0,0,0,0,0,0,0,0,0,0,0,0,0,0,0,0,0,0,0,0,0,0,0,0,0,0,0,0,0,0,0,0,0,0,0,0,0,0,0,0,0,0,0,0,0,0,0,0,0,0,0,0,0,0,0,0,0,0,0,0,0,0,0,0,0,0,0,0,0,0,0,0,0,0,0,0,0,0,0,0,0,0,0,0,0,0,0,0,0,0,0,0,0,0,0,0,0,0,0,0,0,0,0,0,0,0,0,0,0,0,0,0,0,0,0,0,0,336.2906,327.7783,310.6349,361.6275,412.6201,453.6605,482.7112,546.3436,586.4326,626.5217,666.6107,706.6998,741.6624,733.7771,725.8918,718.0065,710.1212,702.2359,692.9448,682.8538,672.7627,662.6716,652.5806,648.5925,674.865,701.1376,727.4102,753.6827,779.9553,792.6312,799.433,806.235,813.0369,819.8388,825.277,826.1187,826.9604,827.8021,828.6438,829.4855,828.5074,826.9525,825.3975,823.8425,822.2875,821.5828,822.9622,824.3416,825.721,827.1004,828.4797,826.1745,823.0618,819.9492,816.8365,813.7238,812.1693,813.4988,814.8284,816.1581,817.4877,818.8173,820.2075,821.6058,823.0043,824.4027,825.8011,827.1838,828.5442,829.9046,831.265,832.6253,833.9857,806.3245,776.8831,747.4417,718.0004,688.559,660.1324,632.8381,605.5437,578.2493,550.9549,523.8472,555.2772,586.7071,618.1371,649.567,680.9969,710.1591,737.3395,764.52,791.7004,818.8809,844.5976,848.9609,853.3243,857.6876,862.051,866.4144,871.2708,876.4635,881.6561,886.8487,892.0413,896.5244,896.0465,895.5686,895.0908,894.6129,894.135,891.1281,886.7925,882.4571,878.1216,873.7861,867.3179,851.522,835.726,819.93,804.134,788.3381,783.5545,783.1264,758.434,746.0389,720.6877,680.4366,660.087,631.17,593.9293,563.0131,546.886,519.0484,485.6209,0,0,0,0,0,0,0,0,0,0,0,0,0,0,0,0,0,0,0,0,0,0,0,0,0,0,0,0,0,0,0,0,0,0,0,0,0,0,0,0,0,0,0,0,0,0,0,0,0,0,0,0,0,0,0,0,0,0,0,0,0,0,0,0,0,0,0,0,0,0,0,0,0,0,0,0,0,0,0,0,0,0,0,0,0,0,0,0,0,0,0,0,0,0,0,0,0,0,0,0,0,0,0,0,0,0,0,0,0,0,0,0,0,0,0,0,0,0,0,0,0,0,0,
83,0,0,0,0,0,0,0,0,0,0,0,0,0,0,0,0,0,0,0,0,0,0,0,0,0,0,0,0,0,0,0,0,0,0,0,0,0,0,0,0,0,0,0,0,0,0,0,0,0,0,0,0,0,0,0,0,0,0,0,0,0,0,0,0,0,0,0,0,0,0,0,0,0,0,0,0,0,0,0,0,0,0,0,0,0,0,0,0,0,0,0,0,0,0,0,0,0,0,0,0,0,0,0,0,0,0,0,0,0,0,0,0,0,0,0,0,0,0,0,0,0,0,0,0,0,0,0,0,0,0,0,0,0,0,0,0,0,0,0,0,0,0,0,0,0,0,0,0,0,0,0,0,0,0,0,0,0,0,0,0,0,0,0,0,0,407.016,347.0497,322.5503,375.4988,428.4474,470.3681,511.1814,574.0247,608.5977,643.1707,677.7437,712.3167,741.8303,729.0566,716.283,703.5093,690.7357,677.962,674.0952,675.2966,676.4978,677.6991,678.9004,683.5613,705.3771,727.1929,749.0087,770.8245,792.6402,802.4836,807.1547,811.8258,816.4969,821.1681,824.922,825.5849,826.2477,826.9106,827.5734,828.2362,826.7852,824.6641,822.543,820.4218,818.3007,817.2604,818.8693,820.478,822.0869,823.6957,825.3045,823.2856,820.4717,817.6578,814.8439,812.0301,810.7805,812.4265,814.0724,815.7184,817.3643,819.0103,820.5589,822.0944,823.6299,825.1654,826.7009,826.9081,825.2172,823.5263,821.8355,820.1447,818.4538,792.2518,764.5463,736.8408,709.1354,681.4299,654.7403,629.184,603.6276,578.0712,552.5148,527.1387,558.2798,589.421,620.5622,651.7033,682.8445,714.7369,747.2857,779.8347,812.3835,844.9324,875.3606,874.8531,874.3456,873.8381,873.3306,872.8232,874.7886,878.4399,882.0913,885.7426,889.3939,892.6937,893.5355,894.3773,895.2191,896.0609,896.9027,891.2637,882.2206,873.1774,864.1342,855.091,845.638,834.3926,823.1473,811.902,800.6567,789.4114,765.0213,740.0238,725.6161,711.773,689.147,654.2247,630.4251,594.5192,559.165,486.1609,520.2427,526.8279,498.9683,469.1808,0,0,0,0,0,0,0,0,0,0,0,0,0,0,0,0,0,0,0,0,0,0,0,0,0,0,0,0,0,0,0,0,0,0,0,0,0,0,0,0,0,0,0,0,0,0,0,0,0,0,0,0,0,0,0,0,0,0,0,0,0,0,0,0,0,0,0,0,0,0,0,0,0,0,0,0,0,0,0,0,0,0,0,0,0,0,0,0,0,0,0,0,0,0,0,0,0,0,0,0,0,0,0,0,0,0,0,0,0,0,0,0,0,0,0,0,0,0,0,0,0,0,
84,0,0,0,0,0,0,0,0,0,0,0,0,0,0,0,0,0,0,0,0,0,0,0,0,0,0,0,0,0,0,0,0,0,0,0,0,0,0,0,0,0,0,0,0,0,0,0,0,0,0,0,0,0,0,0,0,0,0,0,0,0,0,0,0,0,0,0,0,0,0,0,0,0,0,0,0,0,0,0,0,0,0,0,0,0,0,0,0,0,0,0,0,0,0,0,0,0,0,0,0,0,0,0,0,0,0,0,0,0,0,0,0,0,0,0,0,0,0,0,0,0,0,0,0,0,0,0,0,0,0,0,0,0,0,0,0,0,0,0,0,0,0,0,0,0,0,0,0,0,0,0,0,0,0,0,0,0,0,0,0,0,0,0,0,587.6101,493.4562,414.2791,350.7169,404.9846,459.2523,501.1517,563.1486,624.1301,647.9031,671.6761,695.4491,719.2221,738.3522,718.6755,698.9988,679.3221,659.6454,639.9687,645.0233,664.1503,683.2772,702.4042,721.5311,739.7266,753.3032,766.8799,780.4565,794.0331,807.6098,811.1967,810.4678,809.739,809.0101,808.2812,808.4822,811.8171,815.1521,818.4871,821.8221,825.1571,824.2225,821.9343,819.6462,817.3581,815.0699,813.8949,815.4481,817.0012,818.5543,820.1075,821.6606,820.4536,818.6418,816.83,815.0182,813.2064,812.705,814.6294,816.5536,818.478,820.4023,822.3266,823.7611,825.1296,826.4981,827.8666,829.2351,827.2582,820.5014,813.7446,806.9878,800.2309,793.4741,773.3785,752.4648,731.551,710.6373,689.7236,667.5626,644.0104,620.4581,596.9059,573.3536,549.9509,573.4095,596.8683,620.327,643.7856,667.2444,697.0397,732.3721,767.7043,803.0367,838.3691,871.5665,873.6199,875.6732,877.7265,879.7798,881.8332,883.0161,883.6055,884.1949,884.7845,885.374,886.0507,887.3379,888.625,889.9122,891.1993,892.4865,882.7307,867.1741,851.6175,836.0609,820.5044,807.5839,806.1921,804.8004,803.4087,802.0169,800.6252,746.0369,693.7548,672.1628,653.8713,636.2783,620.0124,592.6999,0,0,0,0,0,0,0,0,0,0,0,0,0,0,0,0,0,0,0,0,0,0,0,0,0,0,0,0,0,0,0,0,0,0,0,0,0,0,0,0,0,0,0,0,0,0,0,0,0,0,0,0,0,0,0,0,0,0,0,0,0,0,0,0,0,0,0,0,0,0,0,0,0,0,0,0,0,0,0,0,0,0,0,0,0,0,0,0,0,0,0,0,0,0,0,0,0,0,0,0,0,0,0,0,0,0,0,0,0,0,0,0,0,0,0,0,0,0,0,0,0,0,0,0,0,0,0,0,0,
85,0,0,0,0,0,0,0,0,0,0,0,0,0,0,0,0,0,0,0,0,0,0,0,0,0,0,0,0,0,0,0,0,0,0,0,0,0,0,0,0,0,0,0,0,0,0,0,0,0,0,0,0,0,0,0,0,0,0,0,0,0,0,0,0,0,0,0,0,0,0,0,0,0,0,0,0,0,0,0,0,0,0,0,0,0,0,0,0,0,0,0,0,0,0,0,0,0,0,0,0,0,0,0,0,0,0,0,0,0,0,0,0,0,0,0,0,0,0,0,0,0,0,0,0,0,0,0,0,0,0,0,0,0,0,0,0,0,0,0,0,0,0,0,0,0,0,0,0,0,0,0,0,0,0,0,0,0,0,0,0,0,0,626.0075,0,661.1064,622.1597,537.1885,408.4083,460.0147,511.6212,550.2135,615.1158,674.2354,687.2085,700.1815,713.1546,726.1277,734.8743,708.2944,681.7147,655.1349,628.5552,601.9754,615.9513,653.004,690.0566,727.1093,764.1619,795.8919,801.2294,806.5669,811.9044,817.2419,822.5794,819.9097,813.7809,807.652,801.5232,795.3943,792.0422,798.0494,804.0565,810.0637,816.0709,822.078,821.6598,819.2047,816.7495,814.2943,811.8392,810.5294,812.0269,813.5244,815.0219,816.5193,818.0168,817.6218,816.812,816.0023,815.1925,814.3828,814.6296,816.8322,819.0349,821.2376,823.4402,825.6429,826.9633,828.1648,829.3663,830.5677,831.7692,827.6083,815.7856,803.9628,792.14,780.3173,768.4945,754.5053,740.3833,726.2613,712.1393,698.0172,680.385,658.8369,637.2887,615.7405,594.1924,572.7629,588.5392,604.3154,620.0917,635.868,651.6443,679.3425,717.4583,755.5742,793.6899,831.8058,867.7725,872.3867,877.0007,881.6149,886.2291,890.8432,891.2435,888.7711,886.2987,883.8263,881.354,879.4077,881.1403,882.8727,884.6052,886.3378,888.0703,874.1976,852.1277,830.0577,807.9877,785.9178,769.5298,777.9916,786.4534,794.9153,803.3771,811.8389,632.8237,610.4634,578.9863,550.0997,0,0,0,0,0,0,0,0,0,0,0,0,0,0,0,0,0,0,0,0,0,0,0,0,0,0,0,0,0,0,0,0,0,0,0,0,0,0,0,0,0,0,0,0,0,0,0,0,0,0,0,0,0,0,0,0,0,0,0,0,0,0,0,0,0,0,0,0,0,0,0,0,0,0,0,0,0,0,0,0,0,0,0,0,0,0,0,0,0,0,0,0,0,0,0,0,0,0,0,0,0,0,0,0,0,0,0,0,0,0,0,0,0,0,0,0,0,0,0,0,0,0,0,0,0,0,0,0,0,0,0,0,
86,0,0,0,0,0,0,0,0,0,0,0,0,0,0,0,0,0,0,0,0,0,0,0,0,0,0,0,0,0,0,0,0,0,0,0,0,0,0,0,0,0,0,0,0,0,0,0,0,0,0,0,0,0,0,0,0,0,0,0,0,0,0,0,0,0,0,0,0,0,0,0,0,0,0,0,0,0,0,0,0,0,0,0,0,0,0,0,0,0,0,0,0,0,0,0,0,0,0,0,0,0,0,0,0,0,0,0,0,0,0,0,0,0,0,0,0,0,0,0,0,0,0,0,0,0,0,0,0,0,0,0,0,0,0,0,0,0,0,0,0,0,0,0,0,0,0,0,0,0,0,0,0,0,0,0,0,0,0,0,485.5115,511.7989,569.8307,606.6871,622.3681,627.9755,637.6806,651.4833,564.488,564.5087,590.0671,613.8177,666.7814,715.5154,717.6052,719.6949,721.7847,723.8745,722.8467,695.762,668.6774,641.5928,614.5082,587.4235,607.1553,653.5264,699.8973,746.2683,792.6394,831.2482,831.3685,831.4888,831.6091,831.7294,831.8497,824.9559,815.0318,805.1077,795.1837,785.2596,779.3107,786.7604,794.2101,801.6598,809.1094,816.5591,816.8361,814.8391,812.8422,810.8453,808.8483,807.8056,809.1015,810.3975,811.6934,812.9893,814.2852,814.71,814.944,815.178,815.412,815.646,816.5,818.5017,820.5034,822.5051,824.5067,826.5084,827.823,829.045,830.2671,831.4891,832.7112,826.8627,810.9118,794.961,779.0101,763.0592,747.1083,734.1743,721.4254,708.6764,695.9274,683.1784,669.7099,655.4387,641.1674,626.8961,612.6249,598.4433,612.3517,626.2602,640.1687,654.0772,667.9857,693.4399,728.9831,764.5262,800.0695,835.6127,869.1247,873.0068,876.8889,880.7709,884.653,888.5351,887.834,884.0089,880.1836,876.3583,872.5331,869.4903,871.9183,874.3462,876.7742,879.2021,881.6301,865.5303,839.698,813.8657,788.0334,762.201,740.7682,738.576,724.8465,715.7258,697.2934,662.8262,601.2114,571.7356,526.1293,473.8649,0,0,0,0,0,0,0,0,0,0,0,0,0,0,0,0,0,0,0,0,0,0,0,0,0,0,0,0,0,0,0,0,0,0,0,0,0,0,0,0,0,0,0,0,0,0,0,0,0,0,0,0,0,0,0,0,0,0,0,0,0,0,0,0,0,0,0,0,0,0,0,0,0,0,0,0,0,0,0,0,0,0,0,0,0,0,0,0,0,0,0,0,0,0,0,0,0,0,0,0,0,0,0,0,0,0,0,0,0,0,0,0,0,0,0,0,0,0,0,0,0,0,0,0,0,0,0,0,0,0,0,0,
87,0,0,0,0,0,0,0,0,0,0,0,0,0,0,0,0,0,0,0,0,0,0,0,0,0,0,0,0,0,0,0,0,0,0,0,0,0,0,0,0,0,0,0,0,0,0,0,0,0,0,0,0,0,0,0,0,0,0,0,0,0,0,0,0,0,0,0,0,0,0,0,0,0,0,0,0,0,0,0,0,0,0,0,0,0,0,0,0,0,0,0,0,0,0,0,0,0,0,0,0,0,0,0,0,0,0,0,0,0,0,0,0,0,0,0,0,0,0,0,0,0,0,0,0,0,0,0,0,0,0,0,0,0,0,0,0,0,0,0,0,0,0,0,0,0,0,425.614,425.086,0,433.9626,432.5058,435.8539,0,428.155,419.4668,0,396.2716,436.3547,523.7997,579.1219,610.4482,679.6155,723.5021,742.108,748.4579,754.6985,760.8298,697.0812,676.1171,677.6737,683.209,717.9432,742.0469,733.1141,724.1812,715.2483,706.3154,696.5315,679.6345,662.7374,645.8403,628.9432,612.0463,632.2439,673.549,714.854,756.1591,797.4641,831.8291,831.7824,831.7357,831.689,831.6423,831.5956,823.8739,812.8364,801.799,790.7615,779.724,772.7764,779.6136,786.451,793.2883,800.1256,806.9629,808.2338,807.7399,807.2461,806.7522,806.2584,806.1541,807.0046,807.8552,808.7057,809.5563,810.4069,811.665,813.0124,814.3598,815.7072,817.0546,818.28,819.2795,820.2792,821.2788,822.2784,823.278,824.768,826.324,827.8801,829.4362,830.9922,824.286,805.7743,787.2626,768.7509,750.2392,731.7275,711.407,690.9756,670.5442,650.1128,629.6814,619.7668,621.5842,623.4016,625.2189,627.0361,628.9169,650.6749,672.4328,694.1907,715.9487,737.7066,760.6715,784.691,808.7106,832.73,856.7496,879.0773,876.7244,874.3714,872.0184,869.6655,867.3126,864.9779,862.6558,860.3336,858.0114,855.6892,854.1008,857.6421,861.1835,864.7249,868.2662,871.8076,856.6387,831.6414,806.6442,781.6469,756.6497,727.5358,696.4855,681.3627,668.794,653.5718,628.9352,560.6906,527.9931,478.036,435.779,0,0,0,0,0,0,0,0,0,0,0,0,0,0,0,0,0,0,0,0,0,0,0,0,0,0,0,0,0,0,0,0,0,0,0,0,0,0,0,0,0,0,0,0,0,0,0,0,0,0,0,0,0,0,0,0,0,0,0,0,0,0,0,0,0,0,0,0,0,0,0,0,0,0,0,0,0,0,0,0,0,0,0,0,0,0,0,0,0,0,0,0,0,0,0,0,0,0,0,0,0,0,0,0,0,0,0,0,0,0,0,0,0,0,0,0,0,0,0,0,0,0,0,0,0,0,0,0,0,0,0,0,
88,0,0,0,0,0,0,0,0,0,0,0,0,0,0,0,0,0,0,0,0,0,0,0,0,0,0,0,0,0,0,0,0,0,0,0,0,0,0,0,0,0,0,0,0,0,0,0,0,0,0,0,0,0,0,0,0,0,0,0,0,0,0,0,0,0,0,0,0,0,0,0,0,0,0,0,0,0,0,0,0,0,0,0,0,0,0,0,0,0,0,0,0,0,0,0,0,0,0,0,0,0,0,0,0,0,0,0,0,0,0,0,0,0,0,0,0,0,0,0,0,0,0,0,0,0,0,0,0,0,0,0,0,0,0,0,0,0,0,0,0,0,0,0,0,0,0,434.7371,429.9054,434.3505,436.697,436.0124,435.0767,433.7692,436.138,433.8623,433.6961,420.6721,494.1381,561.605,614.6732,647.6954,720.6989,766.6971,785.6898,791.5013,795.2557,796.9529,763.0074,744.1237,736.0657,731.1263,769.1049,768.5784,748.6229,728.6674,708.7119,688.7563,670.2162,663.5068,656.7974,650.0879,643.3784,636.6689,657.3324,693.5716,729.8107,766.0497,802.2888,832.41,832.1964,831.9826,831.7689,831.5552,831.3415,822.7919,810.6411,798.4902,786.3393,774.1885,766.242,772.467,778.6919,784.9169,791.1418,797.3668,799.6315,800.6407,801.6499,802.6592,803.6684,804.5026,804.9078,805.313,805.7182,806.1234,806.5286,808.6199,811.0807,813.5415,816.0023,818.4631,820.0599,820.0574,820.055,820.0526,820.0501,820.0477,821.713,823.603,825.4931,827.3832,829.2733,821.7092,800.6367,779.5641,758.4916,737.4191,716.3466,688.6397,660.5259,632.412,604.2982,576.1843,569.8237,587.7296,605.6356,623.5415,641.4474,659.3906,688.998,718.6053,748.2128,777.8202,807.4276,827.9031,840.399,852.8948,865.3907,877.8865,889.0298,880.4419,871.8539,863.2659,854.678,846.09,842.1217,841.3026,840.4835,839.6644,838.8454,838.7112,843.366,848.0208,852.6755,857.3303,861.9851,847.7471,823.5848,799.4227,775.2604,751.0982,647.1042,626.6755,606.1801,587.7767,575.2802,569.1458,497.8986,0,422.9362,0,0,0,0,0,0,0,0,0,0,0,0,0,0,0,0,0,0,0,0,0,0,0,0,0,0,0,0,0,0,0,0,0,0,0,0,0,0,0,0,0,0,0,0,0,0,0,0,0,0,0,0,0,0,0,0,0,0,0,0,0,0,0,0,0,0,0,0,0,0,0,0,0,0,0,0,0,0,0,0,0,0,0,0,0,0,0,0,0,0,0,0,0,0,0,0,0,0,0,0,0,0,0,0,0,0,0,0,0,0,0,0,0,0,0,0,0,0,0,0,0,0,0,0,0,0,0,0,0,0,0,0,0,
89,0,0,0,0,0,0,0,0,0,0,0,0,0,0,0,0,0,0,0,0,0,0,0,0,0,0,0,0,0,0,0,0,0,0,0,0,0,0,0,0,0,0,0,0,0,0,0,0,0,0,0,0,0,0,0,0,0,0,0,0,0,0,0,0,0,0,0,0,0,0,0,0,0,0,0,0,0,0,0,0,0,0,0,0,0,0,0,0,0,0,0,0,0,0,0,0,0,0,0,0,0,0,0,0,0,0,0,0,0,0,0,0,0,0,0,0,0,0,0,0,0,0,0,0,0,0,0,0,0,0,0,0,0,0,0,0,0,0,0,0,0,0,452.9211,452.9709,0,0,0,0,0,436.1357,440.8042,452.3769,451.9549,451.4857,450.8063,459.5494,435.1572,508.05,580.9428,635.7098,669.592,744.6071,791.4871,810.2321,815.1849,816.6976,814.7701,798.4709,783.6646,770.2939,825.5675,811.2772,788.3347,759.033,729.7311,700.4294,671.1276,645.3237,648.7567,652.1896,655.6226,659.0555,662.4885,683.4383,714.3555,745.2726,776.1898,807.107,832.7579,832.2969,831.8359,831.3748,830.9138,830.4528,821.2543,808.2812,795.308,782.3348,769.3618,760.6525,766.3153,771.9781,777.6408,783.3036,788.9664,792.1113,794.4579,796.8046,799.1513,801.498,803.1792,803.2294,803.2796,803.3298,803.38,803.4302,806.3092,809.8081,813.3071,816.806,820.3048,822.2542,821.3349,820.4157,819.4966,818.5773,817.6582,819.1108,820.8833,822.6557,824.428,826.2004,817.7814,794.8006,771.8197,748.8389,725.858,702.8771,669.3111,635.0958,600.8805,566.6652,532.4499,529.1507,560.3396,591.5286,622.7174,653.9063,685.1142,722.295,759.4758,796.6566,833.8374,871.0182,889.39,891.3258,893.2617,895.1976,897.1334,898.0482,884.0684,870.0886,856.1088,842.129,828.1492,822.8414,823.4451,824.0488,824.6525,825.2562,826.4628,831.8846,837.3065,842.7283,848.1502,853.572,837.6515,810.5199,756.0551,719.6657,674.9256,620.5822,592.6318,0,0,0,0,0,0,0,0,0,0,0,0,0,0,0,0,0,0,0,0,0,0,0,0,0,0,0,0,0,0,0,0,0,0,0,0,0,0,0,0,0,0,0,0,0,0,0,0,0,0,0,0,0,0,0,0,0,0,0,0,0,0,0,0,0,0,0,0,0,0,0,0,0,0,0,0,0,0,0,0,0,0,0,0,0,0,0,0,0,0,0,0,0,0,0,0,0,0,0,0,0,0,0,0,0,0,0,0,0,0,0,0,0,0,0,0,0,0,0,0,0,0,0,0,0,0,0,0,0,0,0,0,0,0,0,0,0,0,0,0,
90,0,0,0,0,0,0,0,0,0,0,0,0,0,0,0,0,0,0,0,0,0,0,0,0,0,0,0,0,0,0,0,0,0,0,0,0,0,0,0,0,0,0,0,0,0,0,0,0,0,0,0,0,0,0,0,0,0,0,0,0,0,0,0,0,0,0,0,0,0,0,0,0,0,0,0,0,0,0,0,0,0,0,0,0,0,0,0,0,0,0,0,0,0,0,0,0,0,0,0,0,0,0,0,0,0,0,0,0,0,0,0,0,0,0,0,0,0,0,0,0,0,0,0,0,0,0,0,0,0,0,0,0,0,0,0,0,0,0,0,0,0,461.6911,0,461.9047,0,0,0,0,0,0,453.1507,460.2416,468.2966,468.0037,476.8275,474.9881,445.6761,520.3309,594.9858,650.9404,685.3486,862.8376,867.8455,872.8534,877.8613,882.8691,886.5113,861.755,836.9988,812.2426,787.4864,762.7301,739.7177,717.9871,696.2563,674.5257,652.795,634.7883,647.9077,661.0273,674.1468,687.2663,700.3858,719.8102,742.8223,765.8344,788.8464,811.8584,830.7535,829.2347,827.716,826.1972,824.6785,823.1597,815.1194,804.2617,793.4041,782.5463,771.6887,764.5981,770.2052,775.8123,781.4194,787.0265,792.6336,795.5115,797.5242,799.5368,801.5495,803.5621,805.1675,805.7744,806.3813,806.9881,807.595,808.2019,811.4094,815.1866,818.9638,822.7411,826.5184,828.6288,827.6539,826.6791,825.7042,824.7294,823.7546,821.0797,818.1758,815.272,812.3681,809.4642,800.2195,781.915,763.6104,745.3058,727.0012,708.6967,684.685,660.3232,635.9615,611.5997,587.238,582.0297,598.1877,614.3458,630.5038,646.6618,662.9019,704.8704,746.8387,788.8071,830.7755,872.7439,892.9026,894.0035,895.1043,896.2051,897.3059,897.6393,886.777,875.9147,865.0524,854.1901,843.3278,839.6478,840.8639,842.08,843.296,844.5121,845.9131,848.6071,851.3011,853.9952,856.6892,859.3832,815.4054,761.0703,724.5298,685.0892,640.5304,588.8062,557.5544,0,0,0,0,0,0,0,0,0,0,0,0,0,0,0,0,0,0,0,0,0,0,0,0,0,0,0,0,0,0,0,0,0,0,0,0,0,0,0,0,0,0,0,0,0,0,0,0,0,0,0,0,0,0,0,0,0,0,0,0,0,0,0,0,0,0,0,0,0,0,0,0,0,0,0,0,0,0,0,0,0,0,0,0,0,0,0,0,0,0,0,0,0,0,0,0,0,0,0,0,0,0,0,0,0,0,0,0,0,0,0,0,0,0,0,0,0,0,0,0,0,0,0,0,0,0,0,0,0,0,0,0,0,0,0,0,0,0,0,0,
91,0,0,0,0,0,0,0,0,0,0,0,0,0,0,0,0,0,0,0,0,0,0,0,0,0,0,0,0,0,0,0,0,0,0,0,0,0,0,0,0,0,0,0,0,0,0,0,0,0,0,0,0,0,0,0,0,0,0,0,0,0,0,0,0,0,0,0,0,0,0,0,0,0,0,0,0,0,0,0,0,0,0,0,0,0,0,0,0,0,0,0,0,0,0,0,0,0,0,0,0,0,0,0,0,0,0,0,0,0,0,0,0,0,0,0,0,0,0,0,0,0,0,0,0,0,0,0,0,0,0,0,0,0,0,0,0,0,0,0,0,0,0,0,0,0,0,0,0,0,0,0,469.3447,475.6149,482.9625,491.7954,488.5105,476.3893,556.1889,635.9885,695.6409,799.3004,878.4081,881.1335,883.8589,886.5842,889.3096,890.2938,855.0717,819.8495,784.6274,749.4052,714.183,691.1007,676.9412,662.7816,648.6219,634.4623,624.2528,647.0588,669.8649,692.671,715.4771,738.2831,756.1822,771.2892,786.3961,801.503,816.6099,828.7491,826.1726,823.5961,821.0196,818.4431,815.8666,808.9845,800.2422,791.5001,782.7578,774.0156,768.5437,774.0951,779.6465,785.198,790.7494,796.3008,798.9117,800.5903,802.269,803.9477,805.6263,807.1557,808.3193,809.4829,810.6465,811.8101,812.9737,816.5095,820.5651,824.6207,828.6762,832.7319,835.0035,833.973,832.9425,831.9119,830.8814,829.8509,823.0486,815.4685,807.8883,800.3082,792.728,782.6577,769.0294,755.4011,741.7728,728.1445,714.5162,700.0588,685.5507,671.0424,656.5343,642.0261,634.9087,636.0359,637.163,638.2902,639.4174,640.6896,687.4456,734.2016,780.9576,827.7136,874.4697,896.4154,896.6812,896.9469,897.2127,897.4785,897.2303,889.4855,881.7407,873.996,866.2512,858.5065,856.4542,858.2827,860.1111,861.9396,863.7681,865.3634,865.3297,865.2958,865.262,865.2282,865.1945,729.3284,701.9529,662.7859,621.8419,581.9086,543.8954,509.0969,0,0,0,0,0,0,0,0,0,0,0,0,0,0,0,0,0,0,0,0,0,0,0,0,0,0,0,0,0,0,0,0,0,0,0,0,0,0,0,0,0,0,0,0,0,0,0,0,0,0,0,0,0,0,0,0,0,0,0,0,0,0,0,0,0,0,0,0,0,0,0,0,0,0,0,0,0,0,0,0,0,0,0,0,0,0,0,0,0,0,0,0,0,0,0,0,0,0,0,0,0,0,0,0,0,0,0,0,0,0,0,0,0,0,0,0,0,0,0,0,0,0,0,0,0,0,0,0,0,0,0,0,0,0,0,0,0,0,0,0,
92,0,0,0,0,0,0,0,0,0,0,0,0,0,0,0,0,0,0,0,0,0,0,0,0,0,0,0,0,0,0,0,0,0,0,0,0,0,0,0,0,0,0,0,0,0,0,0,0,0,0,0,0,0,0,0,0,0,0,0,0,0,0,0,0,0,0,0,0,0,0,0,0,0,0,0,0,0,0,0,0,0,0,0,0,0,0,0,0,0,0,0,0,0,0,0,0,0,0,0,0,0,0,0,0,0,0,0,0,0,0,0,0,0,0,0,0,0,0,0,0,0,0,0,0,0,0,0,0,0,0,0,0,0,0,0,0,0,0,0,0,0,0,0,0,0,0,0,0,0,0,471.8718,477.091,487.7373,506.9825,503.5212,499.3508,480.5471,561.0432,641.5392,701.5622,814.5634,893.9785,894.4214,894.8643,895.3073,895.7502,894.0765,848.3884,802.7003,757.0122,711.3241,665.6359,642.4837,635.8953,629.3068,622.7183,616.1298,613.7174,646.21,678.7026,711.1953,743.6879,776.1805,792.5542,799.756,806.9578,814.1596,821.3615,826.7446,823.1104,819.4762,815.842,812.2078,808.5735,802.8496,796.2228,789.596,782.9692,776.3425,772.4893,777.9851,783.4808,788.9766,794.4724,799.9681,802.3119,803.6566,805.0012,806.3458,807.6905,809.144,810.8643,812.5846,814.3048,816.0251,817.7454,821.6096,825.9435,830.2775,834.6114,838.9453,841.3782,840.292,839.2058,838.1196,837.0334,835.9473,825.0175,812.761,800.5046,788.2482,775.9918,765.0958,756.1438,747.1917,738.2397,729.2877,720.3356,715.4326,710.7781,706.1234,701.4688,696.8142,687.7876,673.8839,659.9802,646.0765,632.1729,618.4773,670.0209,721.5645,773.1082,824.6517,876.1954,899.9281,899.3588,898.7896,898.2202,897.6509,896.8214,892.1941,887.5668,882.9395,878.3123,873.685,873.2607,875.7015,878.1423,880.5831,883.0239,884.8138,882.0522,838.2136,827.704,807.6384,769.5494,704.9965,670.681,619.7136,562.4722,507.4174,458.4848,420.6254,380.3577,0,0,0,0,0,0,0,0,0,0,0,0,0,0,0,0,0,0,0,0,0,0,0,0,0,0,0,0,0,0,0,0,0,0,0,0,0,0,0,0,0,0,0,0,0,0,0,0,0,0,0,0,0,0,0,0,0,0,0,0,0,0,0,0,0,0,0,0,0,0,0,0,0,0,0,0,0,0,0,0,0,0,0,0,0,0,0,0,0,0,0,0,0,0,0,0,0,0,0,0,0,0,0,0,0,0,0,0,0,0,0,0,0,0,0,0,0,0,0,0,0,0,0,0,0,0,0,0,0,0,0,0,0,0,0,0,0,0,0,
93,0,0,0,0,0,0,0,0,0,0,0,0,0,0,0,0,0,0,0,0,0,0,0,0,0,0,0,0,0,0,0,0,0,0,0,0,0,0,0,0,0,0,0,0,0,0,0,0,0,0,0,0,0,0,0,0,0,0,0,0,0,0,0,0,0,0,0,0,0,0,0,0,0,0,0,0,0,0,0,0,0,0,0,0,0,0,0,0,0,0,0,0,0,0,0,0,0,0,0,0,0,0,0,0,0,0,0,0,0,0,0,0,0,0,0,0,0,0,0,0,0,0,0,0,0,0,0,0,0,0,0,0,0,0,0,0,0,0,0,0,0,0,0,0,0,0,0,0,0,480.1656,486.3973,488.6432,501.4442,502.5021,519.3654,509.0114,481.9465,562.6769,643.4074,703.5397,811.2628,890.4988,891.2167,891.9345,892.6524,893.3703,891.6434,839.0787,786.514,733.9493,681.3846,628.8199,612.6523,623.2365,633.8206,644.4047,654.9888,666.9499,690.4196,713.8892,737.359,760.8287,784.2983,795.1639,798.8575,802.5512,806.2449,809.9385,813.0079,812.9821,812.9564,812.9305,812.9048,812.879,805.5851,795.1514,784.7176,774.2839,763.8501,757.5513,765.1899,772.8284,780.467,788.1055,795.7441,799.8491,802.8339,805.8186,808.8034,811.7881,814.1908,815.1666,816.1425,817.1183,818.0941,819.07,822.3662,826.1709,829.9756,833.7803,837.585,839.8278,839.1794,838.5311,837.8828,837.2345,836.5862,823.4063,808.5375,793.6686,778.7998,763.931,749.9877,737.3667,724.7456,712.1246,699.5037,686.8826,679.1727,671.7642,664.3555,656.9468,649.5382,648.2848,653.8977,659.5107,665.1236,670.7365,676.4619,717.4487,758.4354,799.4222,840.4089,881.3957,896.4794,888.9283,881.3773,873.8262,866.2751,859.2986,860.7053,862.1119,863.5184,864.925,866.3317,868.5839,871.4128,874.2416,877.0705,879.8994,877.2242,829.2806,817.3376,801.6933,782.4939,750.5736,676.2082,640.9615,587.1007,536.5511,460.0194,467.4549,441.8043,401.0031,369.5431,0,358.3439,364.5722,0,344.2359,339.5164,0,0,0,0,0,0,0,0,0,0,0,0,0,0,0,0,0,0,0,0,0,0,0,0,0,0,0,0,0,0,0,0,0,0,0,0,0,0,0,0,0,0,0,0,0,0,0,0,0,0,0,0,0,0,0,0,0,0,0,0,0,0,0,0,0,0,0,0,0,0,0,0,0,0,0,0,0,0,0,0,0,0,0,0,0,0,0,0,0,0,0,0,0,0,0,0,0,0,0,0,0,0,0,0,0,0,0,0,0,0,0,0,0,0,0,0,0,0,0,0,0,0,0,0,0,0,0,0,0,0,0,0,
94,0,0,0,0,0,0,0,0,0,0,0,0,0,0,0,0,0,0,0,0,0,0,0,0,0,0,0,0,0,0,0,0,0,0,0,0,0,0,0,0,0,0,0,0,0,0,0,0,0,0,0,0,0,0,0,0,0,0,0,0,0,0,0,0,0,0,0,0,0,0,0,0,0,0,0,0,0,0,0,0,0,0,0,0,0,0,0,0,0,0,0,0,0,0,0,0,0,0,0,0,0,0,0,0,0,0,0,0,0,0,0,0,0,0,0,0,0,0,0,0,0,0,0,0,0,0,0,0,0,0,0,0,0,0,0,0,0,0,0,0,0,0,0,0,0,0,0,0,468.2778,466.9781,472.6652,0,496.3456,527.3026,531.3263,528.7459,492.8411,570.91,648.9788,707.1608,803.4926,882.4323,884.0408,885.6494,887.258,888.8666,887.7136,829.1366,770.5596,711.9825,653.4055,594.8285,587.3442,617.4127,647.4813,677.5499,707.6185,735.5363,745.4783,755.4202,765.3621,775.304,785.246,789.6444,790.8886,792.1328,793.377,794.6211,796.4463,801.1524,805.8586,810.5648,815.2709,819.9771,810.4565,794.7898,779.123,763.4564,747.7896,738.0665,748.3773,758.688,768.9987,779.3094,789.6201,795.9745,801.0748,806.175,811.2753,816.3754,819.974,819.8921,819.8102,819.7284,819.6465,819.5646,822.0771,825.1581,828.239,831.3201,834.401,836.3692,836.2776,836.1859,836.0943,836.0027,835.9111,820.9331,803.9488,786.9645,769.9803,752.996,735.4703,717.171,698.8716,680.5723,662.273,643.9736,630.4805,617.2822,604.084,590.8856,577.6873,586.5384,619.9862,653.4341,686.882,720.3298,753.7563,780.4916,807.2268,833.9622,860.6974,887.4327,891.3547,875.3418,859.3289,843.316,827.303,812.8397,820.9824,829.1251,837.2677,845.4103,853.553,858.7345,861.8973,865.0602,868.2231,871.3859,863.124,802.4919,783.512,757.1698,736.4671,718.6458,636.2794,597.0546,540.3975,456.8611,403.3064,423.6996,417.4601,0,0,0,376.5559,370.938,0,344.5856,331.5068,330.6053,337.0301,336.642,0,0,0,0,0,0,0,0,0,0,0,0,0,0,0,0,0,0,0,0,0,0,0,0,0,0,0,0,0,0,0,0,0,0,0,0,0,0,0,0,0,0,0,0,0,0,0,0,0,0,0,0,0,0,0,0,0,0,0,0,0,0,0,0,0,0,0,0,0,0,0,0,0,0,0,0,0,0,0,0,0,0,0,0,0,0,0,0,0,0,0,0,0,0,0,0,0,0,0,0,0,0,0,0,0,0,0,0,0,0,0,0,0,0,0,0,0,0,0,0,0,0,0,0,0,0,0,0,0,
95,0,0,0,0,0,0,0,0,0,0,0,0,0,0,0,0,0,0,0,0,0,0,0,0,0,0,0,0,0,0,0,0,0,0,0,0,0,0,0,0,0,0,0,0,0,0,0,0,0,0,0,0,0,0,0,0,0,0,0,0,0,0,0,0,0,0,0,0,0,0,0,0,0,0,0,0,0,0,0,0,0,0,0,0,0,0,0,0,0,0,0,0,0,0,0,0,0,0,0,0,0,0,0,0,0,0,0,0,0,0,0,0,0,0,0,0,0,0,0,0,0,0,0,0,0,0,0,0,0,0,0,0,0,0,0,0,0,0,0,0,0,0,0,0,0,0,0,0,452.827,460.2534,0,0,489.7008,528.8182,567.4658,568.6309,524.4639,594.7439,665.0239,717.5472,795.7223,874.3657,876.865,879.3643,881.8636,884.3629,883.7839,819.1945,754.6052,690.0158,625.4264,560.837,562.0359,611.589,661.142,710.6951,760.248,804.1229,800.537,796.9512,793.3653,789.7794,786.1935,784.1249,782.9196,781.7143,780.509,779.3036,779.8846,789.3228,798.7608,808.1989,817.637,827.0751,815.3279,794.4282,773.5284,752.6288,731.7291,718.5818,731.5646,744.5475,757.5304,770.5132,783.4962,792.1,799.3157,806.5314,813.7471,820.9627,825.7573,824.6176,823.478,822.3384,821.1988,820.0592,821.788,824.1452,826.5025,828.8597,831.217,832.9106,833.3757,833.8408,834.3058,834.7709,835.236,818.4599,799.3602,780.2604,761.1607,742.061,720.9529,696.9753,672.9976,649.02,625.0422,601.0646,581.7883,562.8004,543.8124,524.8245,505.8364,524.7919,586.0747,647.3575,708.6403,769.9231,831.0507,843.5345,856.0182,868.5021,880.9858,893.4696,886.2299,861.7552,837.2805,812.8057,788.331,766.3809,781.2596,796.1383,811.017,825.8958,840.7744,848.8851,852.382,855.8788,859.3757,862.8726,849.0238,768.7205,737.0565,687.3356,647.3292,634.9099,551.788,511.5875,458.3063,398.2227,338.139,401.5926,404.662,0,382.3491,372.7557,385.0636,374.0425,0,337.5555,329.0588,330.4437,331.0323,338.9909,339.0854,351.1398,346.9003,0,0,369.8679,0,0,0,0,0,0,0,0,0,0,0,0,0,0,0,0,0,0,0,0,0,0,0,0,0,0,0,0,0,0,0,0,0,0,0,0,0,0,0,0,0,0,0,0,0,0,0,0,0,0,0,0,0,0,0,0,0,0,0,0,0,0,0,0,0,0,0,0,0,0,0,0,0,0,0,0,0,0,0,0,0,0,0,0,0,0,0,0,0,0,0,0,0,0,0,0,0,0,0,0,0,0,0,0,0,0,0,0,0,0,0,0,0,0,0,0,0,0,0,0,0,0,0,
96,0,0,0,0,0,0,0,0,0,0,0,0,0,0,0,0,0,0,0,0,0,0,0,0,0,0,0,0,0,0,0,0,0,0,0,0,0,0,0,0,0,0,0,0,0,0,0,0,0,0,0,0,0,0,0,0,0,0,0,0,0,0,0,0,0,0,0,0,0,0,0,0,0,0,0,0,0,0,0,0,0,0,0,0,0,0,0,0,0,0,0,0,0,0,0,0,0,0,0,0,0,0,0,0,0,0,0,0,0,0,0,0,0,0,0,0,0,0,0,0,0,0,0,0,0,0,0,0,0,0,0,0,0,0,0,0,0,0,0,0,0,0,0,0,0,0,0,0,0,0,0,0,467.9832,527.1553,566.374,597.3667,608.1346,647.5853,695.4722,737.0897,800.5414,867.2581,870.9676,874.6771,878.3866,882.0961,882.8077,821.1809,759.554,697.9272,636.3004,574.6735,578.6481,630.8396,683.0311,735.2225,787.414,833.0005,823.3804,813.7603,804.1403,794.5203,784.9002,780.5629,779.2318,777.9006,776.5693,775.2382,775.7822,785.6246,795.4669,805.3093,815.1516,824.994,813.3247,792.3621,771.3993,750.4366,729.4739,716.1252,728.4401,740.7549,753.0698,765.3847,777.6996,787.2858,796.007,804.7281,813.4494,822.1705,827.8541,826.0924,824.3307,822.5691,820.8074,819.0457,819.3067,820.0108,820.715,821.4191,822.1232,821.92,820.0372,818.1546,816.2719,814.3892,812.5064,796.838,779.3114,761.7849,744.2585,726.7319,707.0696,684.3553,661.641,638.9268,616.2125,593.4982,581.1273,569.3907,557.6543,545.9178,534.1813,557.8165,620.91,684.0035,747.097,810.1906,873.0987,877.8661,882.6334,887.4009,892.1683,896.9357,886.3093,862.2314,838.1536,814.0757,789.9978,768.3538,782.2135,796.0733,809.9331,823.7928,837.6527,845.0826,848.1293,851.176,854.2227,857.2693,840.2621,744.1469,705.7118,636.4346,567.1574,600.7452,575.8241,539.1702,480.1804,435.1912,0,0,0,0,0,0,0,0,0,0,0,0,0,331.8346,340.6637,336.5291,347.0352,349.4625,0,0,0,0,0,0,0,0,0,0,0,0,0,0,0,0,0,0,0,0,0,0,0,0,0,0,0,0,0,0,0,0,0,0,0,0,0,0,0,0,0,0,0,0,0,0,0,0,0,0,0,0,0,0,0,0,0,0,0,0,0,0,0,0,0,0,0,0,0,0,0,0,0,0,0,0,0,0,0,0,0,0,0,0,0,0,0,0,0,0,0,0,0,0,0,0,0,0,0,0,0,0,0,0,0,0,0,0,0,0,0,0,0,0,0,0,0,0,0,0,0,0,0,0,0,
97,0,0,0,0,0,0,0,0,0,0,0,0,0,0,0,0,0,0,0,0,0,0,0,0,0,0,0,0,0,0,0,0,0,0,0,0,0,0,0,0,0,0,0,0,0,0,0,0,0,0,0,0,0,0,0,0,0,0,0,0,0,0,0,0,0,0,0,0,0,0,0,0,0,0,0,0,0,0,0,0,0,0,0,0,0,0,0,0,0,0,0,0,0,0,0,0,0,0,0,0,0,0,0,0,0,0,0,0,0,0,0,0,0,0,0,0,0,0,0,0,0,0,0,0,0,0,0,0,0,0,0,0,0,0,0,0,0,0,0,0,0,0,0,0,0,0,0,0,0,0,442.4832,451.3628,473.4467,552.0629,621.1708,649.5215,678.6456,707.2344,735.5414,763.7421,816.9009,861.0295,866.2422,871.4548,876.6674,881.88,884.5391,834.1019,783.6647,733.2275,682.7903,632.3531,633.6881,673.0755,712.4629,751.8503,791.2377,825.4775,816.6925,807.9075,799.1225,790.3375,781.5524,778.7954,779.4683,780.1412,780.8141,781.4871,783.1009,789.3804,795.6599,801.9394,808.2188,814.4984,805.0197,788.7333,772.4469,756.1605,739.8741,729.2783,737.8632,746.4482,755.0332,763.6182,772.2032,781.6101,791.2777,800.9453,810.6129,820.2805,826.5716,824.5872,822.6028,820.6186,818.6342,816.6498,814.8159,813.0149,811.2139,809.4128,807.6118,804.0248,797.1318,790.2388,783.3458,776.4528,769.5598,757.6624,745.0905,732.5187,719.9468,707.375,693.7674,678.6799,663.5923,648.5049,633.4174,618.3299,624.4958,631.9655,639.4351,646.9047,654.3743,677.7163,718.7645,759.8128,800.8611,841.9094,882.8368,885.8784,888.92,891.9617,895.0033,898.0449,891.1593,875.5989,860.0385,844.4781,828.9177,814.7234,820.4553,826.1873,831.9193,837.6513,843.3832,846.8234,848.7009,850.5786,852.4562,854.3337,836.3944,717.9463,675.8323,0,0,0,0,0,0,0,0,0,0,0,0,0,0,0,0,0,0,0,0,0,332.6577,342.0308,344.5409,349.3626,0,0,0,0,0,0,0,0,0,0,0,0,0,0,0,0,0,0,0,0,0,0,0,0,0,0,0,0,0,0,0,0,0,0,0,0,0,0,0,0,0,0,0,0,0,0,0,0,0,0,0,0,0,0,0,0,0,0,0,0,0,0,0,0,0,0,0,0,0,0,0,0,0,0,0,0,0,0,0,0,0,0,0,0,0,0,0,0,0,0,0,0,0,0,0,0,0,0,0,0,0,0,0,0,0,0,0,0,0,0,0,0,0,0,0,0,0,0,0,0,0,0,0,0,0,
98,0,0,0,0,0,0,0,0,0,0,0,0,0,0,0,0,0,0,0,0,0,0,0,0,0,0,0,0,0,0,0,0,0,0,0,0,0,0,0,0,0,0,0,0,0,0,0,0,0,0,0,0,0,0,0,0,0,0,0,0,0,0,0,0,0,0,0,0,0,0,0,0,0,0,0,0,0,0,0,0,0,0,0,0,0,0,0,0,0,0,0,0,0,0,0,0,0,0,0,0,0,0,0,0,0,0,0,0,0,0,0,0,0,0,0,0,0,0,0,0,0,0,0,0,0,0,0,0,0,0,0,0,0,0,0,0,0,0,0,0,0,0,0,0,0,0,0,0,0,436.9877,432.4703,411.5083,482.8654,530.6332,569.5088,599.8561,659.4901,704.8432,739.9957,771.5001,833.2604,854.8011,861.5167,868.2324,874.9481,881.6638,886.2705,847.0229,807.7754,768.5278,729.2802,690.0327,688.7281,715.3114,741.8948,768.4781,795.0614,817.9546,810.0046,802.0547,794.1047,786.1547,778.2047,777.0278,779.7049,782.3819,785.0589,787.736,790.4196,793.1362,795.8528,798.5695,801.2861,804.0027,796.7147,785.1046,773.4944,761.8843,750.2741,742.4313,747.2864,752.1415,756.9966,761.8517,766.7068,775.9345,786.5485,797.1624,807.7764,818.3904,825.2891,823.0821,820.8751,818.668,816.461,814.254,810.3251,806.0189,801.7128,797.4067,793.1005,786.1296,774.2264,762.3231,750.4198,738.5165,726.6132,718.4869,710.8698,703.2524,695.6352,688.0179,680.4651,673.0045,665.5437,658.0829,650.6223,643.1616,667.8644,694.5401,721.2158,747.8915,774.5673,797.6161,816.6191,835.6221,854.6251,873.6281,892.5749,893.8907,895.2066,896.5225,897.8384,899.1542,896.0093,888.9664,881.9235,874.8806,867.8377,861.0929,858.6971,856.3013,853.9055,851.5097,849.1139,848.564,849.2726,849.9811,850.6897,851.3983,686.5486,659.2527,0,0,0,0,0,0,0,0,0,0,0,0,0,0,0,0,0,0,0,0,0,0,322.8994,333.4018,334.1536,338.4571,351.0597,0,0,0,0,0,0,0,0,0,0,0,0,0,0,0,0,0,0,0,0,0,0,0,0,0,0,0,0,0,0,0,0,0,0,0,0,0,0,0,0,0,0,0,0,0,0,0,0,0,0,0,0,0,0,0,0,0,0,0,0,0,0,0,0,0,0,0,0,0,0,0,0,0,0,0,0,0,0,0,0,0,0,0,0,0,0,0,0,0,0,0,0,0,0,0,0,0,0,0,0,0,0,0,0,0,0,0,0,0,0,0,0,0,0,0,0,0,0,0,0,0,0,0,0,
99,0,0,0,0,0,0,0,0,0,0,0,0,0,0,0,0,0,0,0,0,0,0,0,0,0,0,0,0,0,0,0,0,0,0,0,0,0,0,0,0,0,0,0,0,0,0,0,0,0,0,0,0,0,0,0,0,0,0,0,0,0,0,0,0,0,0,0,0,0,0,0,0,0,0,0,0,0,0,0,0,0,0,0,0,0,0,0,0,0,0,0,0,0,0,0,0,0,0,0,0,0,0,0,0,0,0,0,0,0,0,0,0,0,0,0,0,0,0,0,0,0,0,0,0,0,0,0,0,0,0,0,0,0,0,0,415.1956,415.172,0,0,0,0,0,0,0,0,415.1499,415.3025,415.5947,416.1086,426.9654,431.0837,411.5083,471.0707,530.6332,569.5088,599.8561,661.8572,707.4128,741.2216,827.1617,838.4868,846.8002,852.2819,857.7635,863.2451,868.7268,872.5536,841.9702,811.3867,780.8032,750.2197,719.6363,717.8535,737.2393,756.625,776.0107,795.3965,811.8756,804.0598,796.2441,788.4283,780.6127,772.7969,773.1483,778.1467,783.1452,788.1437,793.1422,797.1953,796.5606,795.9259,795.2912,794.6565,794.0218,788.6282,781.1786,773.729,766.2795,758.8299,753.5268,755.4587,757.3904,759.3223,761.2541,763.1859,771.9366,782.849,793.7614,804.6738,815.5862,822.6631,820.3392,818.0153,815.6914,813.3675,811.0436,805.5485,799.3587,793.1689,786.9791,780.7892,770.5273,752.7278,734.9283,717.1288,699.3293,681.5298,677.6288,675.6009,673.5729,671.545,669.517,669.0621,670.8545,672.6469,674.4395,676.2319,678.0243,714.3937,752.884,791.3742,829.8645,868.3547,889.6255,891.6872,893.749,895.8107,897.8724,899.9276,899.9011,899.8747,899.8482,899.8218,899.7953,899.5115,899.0027,898.4938,897.985,897.4762,896.3011,885.4073,874.5134,863.6196,852.7258,841.8318,831.9998,822.8915,768.6735,757.7076,725.9098,670.1553,0,0,0,0,0,0,0,0,0,0,0,0,0,0,0,0,0,0,0,0,0,0,0,0,0,0,0,339.8608,361.148,354.6492,369.823,0,0,0,0,0,0,0,0,0,0,0,0,0,0,0,0,0,0,0,0,0,0,0,0,0,0,0,0,0,0,0,0,0,0,0,0,0,0,0,0,0,0,0,0,0,0,0,0,0,0,0,0,0,0,0,0,0,0,0,0,0,0,0,0,0,0,0,0,0,0,0,0,0,0,0,0,0,0,0,0,0,0,0,0,0,0,0,0,0,0,0,0,0,0,0,0,0,0,0,0,0,0,0,0,0,0,0,0,0,0,0,0,0,0,0,0,0,0,0,0,0,
100,0,0,0,0,0,0,0,0,0,0,0,0,0,0,0,0,0,0,0,0,0,0,0,0,0,0,0,0,0,0,0,0,0,0,0,0,0,0,0,0,0,0,0,0,0,0,0,0,0,0,0,0,0,0,0,0,0,0,0,0,0,0,0,0,0,0,0,0,0,0,0,0,0,0,0,0,0,0,0,0,0,0,0,0,0,0,0,0,0,0,0,0,0,0,0,0,0,0,0,0,0,0,0,0,0,0,0,0,0,0,0,0,0,0,0,0,0,0,0,0,0,0,0,0,415.2403,415.2161,415.1899,415.1614,415.1302,0,415.0586,415.0171,414.971,414.9196,414.8618,414.7965,414.7222,414.6369,414.5383,414.423,414.2869,414.1242,413.9271,413.685,413.3831,417.3573,416.8219,416.1776,415.4474,420.404,418.6946,411.5083,467.5114,530.6332,569.5088,599.8561,650.4577,690.2726,722.3828,750.9345,807.9744,833.11,828.5711,824.0321,819.4932,814.9543,809.2459,779.2191,749.1923,719.1655,689.1388,659.112,663.7899,693.9756,724.1613,754.347,784.5326,810.4315,800.5004,790.5692,780.638,770.7068,760.7756,762.4886,770.8273,779.166,787.5047,795.8434,802.2276,798.9208,795.6139,792.307,789.0002,785.6934,781.243,776.2985,771.3541,766.4097,761.4653,758.0177,759.6155,761.2133,762.8111,764.4089,766.0067,773.3243,782.4553,791.5864,800.7173,809.8483,815.7245,813.6232,811.522,809.4208,807.3195,805.2183,799.8546,793.7762,787.6977,781.6192,775.5407,762.2855,735.7458,709.2062,682.6665,656.1268,629.5871,631.369,636.9678,642.5667,648.1655,653.7643,663.7554,680.0219,696.2886,712.5552,728.8218,745.0884,771.0695,797.6464,824.2233,850.8002,877.3771,892.1027,893.6078,895.1128,896.6179,898.1229,899.6227,899.4849,899.3472,899.2094,899.0716,898.9338,898.6871,898.3453,898.0035,897.6617,897.3199,895.6797,875.0993,854.5189,833.9385,813.3581,792.7776,756.6743,721.0594,708.5308,698.6121,678.3995,643.7755,615.3875,574.1947,0,0,0,0,0,0,0,0,0,0,0,0,0,0,0,0,0,0,0,0,0,0,0,0,0,0,0,0,369.2648,370.5786,371.7449,370.4194,382.8635,384.0597,0,0,0,0,0,0,0,0,0,0,0,0,0,0,0,0,0,0,0,0,0,0,0,0,0,0,0,0,0,0,0,0,0,0,0,0,0,0,0,0,0,0,0,0,0,0,0,0,0,0,0,0,0,0,0,0,0,0,0,0,0,0,0,0,0,0,0,0,0,0,0,0,0,0,0,0,0,0,0,0,0,0,0,0,0,0,0,0,0,0,0,0,0,0,0,0,0,0,0,0,0,0,0,0,0,0,0,0,0,0,0,0,0,0,0,0,
101,0,0,0,0,0,0,0,0,0,0,0,0,0,0,0,0,0,0,0,0,0,0,0,0,0,0,0,0,0,0,0,0,0,0,0,0,0,0,0,0,0,0,0,0,0,0,0,0,0,0,0,0,0,0,0,0,0,0,0,0,0,0,0,0,0,0,0,0,0,0,0,0,0,0,0,0,0,0,0,0,0,0,0,0,0,0,0,0,0,0,0,0,0,0,0,0,0,0,0,0,0,0,0,0,0,0,0,0,0,0,0,0,0,0,0,0,0,0,0,0,0,0,0,371.4458,372.7492,395.191,415.0204,414.9781,414.9315,414.8798,414.8224,414.7581,414.6857,414.6038,414.5105,414.4034,414.2793,414.1343,413.9631,413.7586,413.511,418.1288,417.7236,417.2219,416.5843,415.748,415.8898,414.1635,411.6543,407.973,406.4471,412.8568,430.8678,503.383,571.0762,601.1008,618.3035,640.5952,665.5654,688.5373,701.0362,819.4198,804.8603,790.3008,775.7413,761.1818,745.9381,716.468,686.9979,657.5279,628.0578,598.5877,609.7262,650.7119,691.6974,732.6831,773.6688,808.9875,796.9409,784.8943,772.8477,760.801,748.7543,751.829,763.5079,775.1868,786.8657,798.5446,807.2599,801.2809,795.3019,789.3229,783.3439,777.3649,773.8577,771.4185,768.9791,766.5399,764.1006,762.5086,763.7723,765.0362,766.2999,767.5637,768.8275,774.7122,782.0617,789.4113,796.7608,804.1104,808.7858,806.9072,805.0287,803.1501,801.2715,799.393,794.1607,788.1936,782.2264,776.2593,770.2921,754.0436,718.7638,683.4839,648.2041,612.9243,577.6444,585.1093,598.3348,611.5605,624.7861,638.0117,658.4486,689.1895,719.9302,750.671,781.4117,812.1525,827.7452,842.4088,857.0723,871.7359,886.3995,894.58,895.5283,896.4767,897.425,898.3734,899.3179,899.0688,898.8196,898.5706,898.3214,898.0723,897.8629,897.688,897.5132,897.3384,897.1636,895.0583,864.7913,834.5244,804.2574,773.9905,743.7234,681.3486,663.37,639.8245,620.4155,603.7839,592.4292,562.8749,507.7241,437.2718,0,0,0,0,0,0,0,0,0,0,0,0,0,0,0,0,0,0,0,0,0,0,0,0,0,0,0,0,370.0725,371.1743,359.6218,370.8111,383.224,384.2533,0,0,0,0,0,0,0,0,0,0,0,0,0,0,0,0,0,0,0,0,0,0,0,0,0,0,0,0,0,0,0,0,0,0,0,0,0,0,0,0,0,0,0,0,0,0,0,0,0,0,0,0,0,0,0,0,0,0,0,0,0,0,0,0,0,0,0,0,0,0,0,0,0,0,0,0,0,0,0,0,0,0,0,0,0,0,0,0,0,0,0,0,0,0,0,0,0,0,0,0,0,0,0,0,0,0,0,0,0,0,0,0,0,0,0,
102,0,0,0,0,0,0,0,0,0,0,0,0,0,0,0,0,0,0,0,0,0,0,0,0,0,0,0,0,0,0,0,0,0,0,0,0,0,0,0,0,0,0,0,0,0,0,0,0,0,0,0,0,0,0,0,0,0,0,0,0,0,0,0,0,0,0,0,0,0,0,0,0,0,0,0,0,0,0,0,0,0,0,0,0,0,0,0,0,0,0,0,0,0,0,0,0,0,0,0,0,0,0,0,0,0,0,0,0,0,0,0,0,0,0,0,0,0,0,0,0,0,0,0,348.6752,0,0,0,0,0,0,0,0,0,0,0,0,410.4828,410.3497,410.1906,409.998,409.7608,409.4639,409.0843,408.5873,416.9406,415.7059,413.9908,411.4726,407.4644,401.0251,383.6061,331.7993,379.8245,427.8498,466.1849,500.5251,525.9552,566.2684,611.897,647.9426,667.2669,710.7633,730.5697,726.686,711.2722,694.7726,677.1871,646.2507,619.0047,595.011,566.9768,538.0634,555.6625,607.4481,659.2338,711.0193,762.8049,807.5436,793.3815,779.2194,765.0573,750.8951,736.7331,741.1694,756.1885,771.2076,786.2266,801.2457,812.2922,803.641,794.9899,786.3387,777.6876,769.0364,766.4725,766.5383,766.6042,766.6701,766.736,766.9995,767.9293,768.859,769.7888,770.7185,771.6483,776.0999,781.668,787.2361,792.8043,798.3723,801.8471,800.1912,798.5353,796.8795,795.2236,793.5677,788.4668,782.611,776.7551,770.8994,765.0436,745.8018,701.7817,657.7618,613.7418,569.7217,525.7017,538.8495,559.7018,580.5543,601.4066,622.259,653.1419,698.3569,743.5718,788.7867,834.0017,879.2166,884.421,887.1712,889.9214,892.6716,895.4219,897.0572,897.4489,897.8405,898.2322,898.6238,899.0131,898.6526,898.2921,897.9317,897.5712,897.2108,897.0385,897.0307,897.0229,897.0151,897.0073,894.4369,854.4833,814.5298,774.5763,734.6228,694.6693,606.023,612.9009,571.1943,527.8673,493.4749,489.4605,457.6711,420.2507,371.8836,323.5165,0,0,0,0,0,0,0,0,0,0,0,0,0,0,0,0,0,0,0,0,0,0,0,0,0,0,0,0,0,359.0926,370.2165,382.505,0,0,0,0,0,0,0,0,0,0,0,0,0,0,0,0,0,0,0,0,0,0,0,0,0,0,0,0,0,0,0,0,0,0,0,0,0,0,0,0,0,0,0,0,0,0,0,0,0,0,0,0,0,0,0,0,0,0,0,0,0,0,0,0,0,0,0,0,0,0,0,0,0,0,0,0,0,0,0,0,0,0,0,0,0,0,0,0,0,0,0,0,0,0,0,0,0,0,0,0,0,0,0,0,0,0,0,0,0,0,0,0,0,0,0,0,
103,0,0,0,0,0,0,0,0,0,0,0,0,0,0,0,0,0,0,0,0,0,0,0,0,0,0,0,0,0,0,0,0,0,0,0,0,0,0,0,0,0,0,0,0,0,0,0,0,0,0,0,0,0,0,0,0,0,0,0,0,0,0,0,0,0,0,0,0,0,0,0,0,0,0,0,0,0,0,0,0,0,0,0,0,0,0,0,0,0,0,0,0,0,0,0,0,0,0,0,0,0,0,0,0,0,0,0,0,0,0,0,0,0,0,0,0,0,0,0,0,0,363.8062,358.608,358.7417,0,0,0,0,0,0,0,0,0,0,0,0,0,0,409.8273,409.5803,409.2766,408.8969,417.9979,417.1707,416.1049,414.6899,412.7406,410.8998,406.867,400.0771,394.3975,386.9612,412.6047,444.9388,478.9923,488.617,447.411,527.5018,565.9608,607.5161,628.6548,678.02,699.8809,694.2373,675.2766,656.5671,638.1091,588.3596,555.4853,534.6565,526.988,509.7511,541.2822,592.139,642.996,693.853,744.7099,789.187,780.3393,771.4916,762.644,753.7963,744.9487,750.5999,764.5013,778.4026,792.3039,806.2053,815.9355,804.9837,794.0319,783.08,772.1282,761.1764,759.223,761.1572,763.0914,765.0256,766.9597,768.7213,769.9008,771.0803,772.2598,773.4393,774.6188,775.8034,776.9896,778.1758,779.3621,780.5483,782.1442,784.7444,787.3446,789.9447,792.5449,795.1451,788.2885,779.3598,770.4311,761.5024,752.5737,734.8793,700.9593,667.0392,633.119,599.199,565.2789,566.6111,572.6945,578.7778,584.8611,590.9445,616.3453,669.3475,722.3497,775.3519,828.3541,881.3563,886.6367,888.9899,891.3431,893.6962,896.0494,897.438,897.7506,898.0632,898.3758,898.6884,898.9985,898.5267,898.0549,897.5831,897.1113,896.6395,893.9554,889.3383,884.7211,880.104,875.4869,869.3773,841.4962,813.6151,785.7339,757.8528,729.9717,640.5369,592.904,540.7646,478.2807,415.7968,460.6141,467.343,437.6539,408.0316,383.4467,395.8708,412.8519,0,0,0,0,0,0,0,0,0,0,0,0,0,0,0,0,0,0,0,0,0,0,0,0,0,0,0,0,0,0,0,0,0,0,0,0,0,0,0,0,0,0,0,0,0,0,0,0,0,0,0,0,0,0,0,0,0,0,0,0,0,0,0,0,0,0,0,0,0,0,0,0,0,0,0,0,0,0,0,0,0,0,0,0,0,0,0,0,0,0,0,0,0,0,0,0,0,0,0,0,0,0,0,0,0,0,0,0,0,0,0,0,0,0,0,0,0,0,0,0,0,0,0,0,0,0,0,0,0,0,0,0,0,0,0,0,0,0,0,0,0,0,0,0,0,0,
104,0,0,0,0,0,0,0,0,0,0,0,0,0,0,0,0,0,0,0,0,0,0,0,0,0,0,0,0,0,0,0,0,0,0,0,0,0,0,0,0,0,0,0,0,0,0,0,0,0,0,0,0,0,0,0,0,0,0,0,0,0,0,0,0,0,0,0,0,0,0,0,0,0,0,0,0,0,0,0,0,0,0,0,0,0,0,0,0,0,0,0,0,0,0,0,0,0,0,0,0,0,0,0,0,0,0,0,0,0,0,0,0,0,0,0,0,0,0,0,0,0,0,0,0,0,0,0,0,0,0,0,0,0,0,0,0,0,0,0,0,0,0,0,416.6901,0,414.1414,413.4638,411.148,407.9723,412.5736,409.4665,418.354,420.4523,430.0412,434.299,422.0246,384.4526,436.526,511.2699,555.5736,577.9357,630.2863,653.0429,646.2056,625.1126,605.8878,588.531,511.4663,476.2478,463.0084,464.6588,477.593,528.8453,578.1992,627.553,676.9069,726.2607,770.0021,766.8328,763.6634,760.4941,757.3248,754.1554,761.0144,773.5797,786.1449,798.7101,811.2755,819.5107,806.2765,793.0422,779.8079,766.5736,753.3394,751.9803,755.7515,759.5228,763.2941,767.0654,770.3074,771.7653,773.2231,774.681,776.1388,777.5967,775.4244,772.1014,768.7784,765.4553,762.1323,761.8162,768.8699,775.9237,782.9775,790.0312,797.085,788.3804,776.2229,764.0653,751.9078,739.7502,723.8256,700.9282,678.0307,655.1332,632.2358,609.3383,597.9982,588.2156,578.433,568.6505,558.8678,578.0064,638.4683,698.9303,759.3923,819.8542,880.3162,886.1851,888.7053,891.2255,893.7457,896.2659,897.7162,897.9731,898.2301,898.487,898.7439,898.9982,898.415,897.8318,897.2487,896.6656,896.0824,890.7618,881.3013,871.8409,862.3805,852.9201,843.1207,828.3777,813.6348,798.8917,784.1487,769.4056,604.3868,568.5172,514.2009,448.1617,382.1226,420.7879,425.058,424.7643,415.4321,415.6502,409.5898,418.2707,425.0623,425.3507,429.3136,423.5707,410.8365,0,0,0,0,0,0,0,0,0,0,0,0,0,327.0262,326.6203,324.9833,324.868,324.7841,0,0,0,0,0,0,0,0,0,0,0,0,0,0,0,0,0,0,0,0,0,0,0,0,0,0,0,0,0,0,0,0,0,0,0,0,0,0,0,0,0,0,0,0,0,0,0,0,0,0,0,0,0,0,0,0,0,0,0,0,0,0,0,0,0,0,0,0,0,0,0,0,0,0,0,0,0,0,0,0,0,0,0,0,0,0,0,0,0,0,0,0,0,0,0,0,0,0,0,0,0,0,0,0,0,0,0,0,0,0,0,0,0,0,0,0,0,0,0,0,0,0,0,
105,0,0,0,0,0,0,0,0,0,0,0,0,0,0,0,0,0,0,0,0,0,0,0,0,0,0,0,0,0,0,0,0,0,0,0,0,0,0,0,0,0,0,0,0,0,0,0,0,0,0,0,0,0,0,0,0,0,0,0,0,0,0,0,0,0,0,0,0,0,0,0,0,0,0,0,0,0,0,0,0,0,0,0,0,0,0,0,0,0,0,0,0,0,0,0,0,0,0,0,0,0,0,0,0,0,0,0,0,0,0,0,0,0,0,0,0,0,0,0,0,0,0,0,0,0,0,0,0,0,0,0,0,0,0,0,0,0,0,0,0,0,0,0,0,0,0,0,0,0,419.9113,414.0606,407.3229,413.7718,412.8278,414.5862,383.7237,316.8318,369.904,422.9762,460.0812,478.7888,522.5907,541.6084,535.8417,518.2756,505.3124,496.9521,423.0765,408.7224,415.5506,431.8293,453.7892,505.1565,559.5044,614.4965,667.9461,707.8115,750.8172,753.3262,755.8352,758.3442,760.8531,763.3622,771.4289,782.6581,793.8873,805.1164,816.3456,823.086,807.5693,792.0525,776.5358,761.019,745.5023,744.7375,750.3459,755.9543,761.5627,767.1711,771.8935,773.6297,775.3659,777.1021,778.8383,780.5745,775.0455,767.2132,759.3809,751.5486,743.7163,741.4882,752.9955,764.5028,776.0102,787.5176,799.0249,788.4723,773.0859,757.6995,742.3131,726.9267,712.772,700.8971,689.0223,677.1475,665.2726,653.3978,629.3852,603.7366,578.0881,552.4397,526.7911,539.6675,607.5892,675.5109,743.4326,811.3544,879.2761,885.7334,888.4207,891.1078,893.795,896.4823,897.9944,898.1956,898.3969,898.5981,898.7994,898.9978,898.3033,897.6088,896.9143,896.2198,895.5253,887.5681,873.2643,836.3569,819.0872,806.0452,797.8652,784.2236,772.1991,761.6877,736.4143,686.3156,611.3915,576.4453,521.7053,454.3863,387.0673,409.3134,413.723,402.1819,398.8546,407.4279,0,421.9836,428.1625,431.8182,429.2205,431.8089,410.7267,404.8967,405.1784,407.0166,407.4261,376.1418,377.595,0,0,0,0,0,0,321.9025,327.3828,327.0012,325.2362,0,325.0324,321.8242,341.6743,0,0,0,0,0,0,382.649,0,0,0,0,0,0,0,0,0,0,0,0,0,0,0,0,0,0,0,0,0,0,0,0,0,0,0,0,0,0,0,0,0,0,0,0,0,0,0,0,0,0,0,0,0,0,0,0,0,0,0,0,0,0,0,0,0,0,0,0,0,0,0,0,0,0,0,0,0,0,0,0,0,0,0,0,0,0,0,0,0,0,0,0,0,0,0,0,0,0,0,0,0,0,0,0,0,0,0,0,0,0,0,0,0,0,0,0,0,0,0,0,0,0,
106,0,0,0,0,0,0,0,0,0,0,0,0,0,0,0,0,0,0,0,0,0,0,0,0,0,0,0,0,0,0,0,0,0,0,0,0,0,0,0,0,0,0,0,0,0,0,0,0,0,0,0,0,0,0,0,0,0,0,0,0,0,0,0,0,0,0,0,0,0,0,0,0,0,0,0,0,0,0,0,0,0,0,0,0,0,0,0,0,0,0,0,0,0,0,0,0,0,0,0,0,0,0,0,0,0,0,0,0,0,0,0,0,0,0,0,0,0,0,0,0,0,0,0,0,0,0,0,0,0,0,0,0,0,0,0,0,0,0,0,0,0,0,0,0,0,0,0,0,0,418.344,408.5318,411.9163,398.5067,404.0106,400.4625,390.4379,382.003,403.8129,441.7162,484.7262,516.1659,541.201,557.3265,558.5056,548.0176,493.495,412.0043,306.213,0,0,399.3528,428.5881,0,548.8865,608.3443,664.9576,703.9382,760.8047,761.7286,762.6524,763.5763,764.5001,765.424,773.4649,785.5557,797.6465,809.7372,821.828,829.3837,814.4526,799.5215,784.5905,769.6595,754.7284,753.6805,758.6302,763.5801,768.5299,773.4797,777.4256,777.9875,778.5493,779.1112,779.673,780.2349,774.5912,766.9802,759.3693,751.7583,744.1473,740.4849,746.5005,752.5161,758.5316,764.5472,770.5627,759.3383,744.3361,729.3339,714.3318,699.3297,687.3701,681.0423,674.7145,668.3868,662.0591,655.7313,641.2748,625.7227,610.1705,594.6185,579.0664,593.3622,650.3055,707.249,764.1924,821.1358,878.0792,884.27,887.3477,890.4254,893.5031,896.5808,898.2902,898.473,898.6558,898.8386,899.0214,899.2013,898.4327,897.6641,896.8955,896.127,895.3584,870.4496,825.2207,803.4298,781.9932,772.1336,778.4816,766.5842,758.3937,753.6724,733.3717,686.8716,614.1721,580.4774,525.8932,457.0077,390.1745,398.153,397.6822,396.7221,0,0,0,0,0,433.8002,436.0835,431.909,433.7178,410.9891,405.061,399.1313,407.114,387.9912,375.7017,0,0,0,0,0,331.9433,322.2111,321.7337,327.328,0,0,0,321.9418,330.3474,0,0,0,0,0,359.6703,367.3825,382.934,0,0,0,0,0,0,0,0,0,0,0,0,0,0,0,0,0,0,0,0,0,0,0,0,0,0,0,0,0,0,0,0,0,0,0,0,0,0,0,0,0,0,0,0,0,0,0,0,0,0,0,0,0,0,0,0,0,0,0,0,0,0,0,0,0,0,0,0,0,0,0,0,0,0,0,0,0,0,0,0,0,0,0,0,0,0,0,0,0,0,0,0,0,0,0,0,0,0,0,0,0,0,0,0,0,0,0,0,0,0,0,0,0,
107,0,0,0,0,0,0,0,0,0,0,0,0,0,0,0,0,0,0,0,0,0,0,0,0,0,0,0,0,0,0,0,0,0,0,0,0,0,0,0,0,0,0,0,0,0,0,0,0,0,0,0,0,0,0,0,0,0,0,0,0,0,0,0,0,0,0,0,0,0,0,0,0,0,0,0,0,0,0,0,0,0,0,0,0,0,0,0,0,0,0,0,0,0,0,0,0,0,0,0,0,0,0,0,0,0,0,0,0,0,0,0,0,0,0,0,0,0,0,0,0,0,0,0,0,0,0,0,0,0,0,0,0,0,0,0,0,0,0,0,0,0,0,0,0,0,0,0,0,0,0,0,0,0,0,0,0,0,0,0,0,0,0,0,0,0,0,0,0,0,0,0,0,0,536.1878,602.3654,664.0928,702.8067,785.2194,780.966,776.7125,772.4591,768.2056,763.9521,771.3574,785.3966,799.4359,813.4751,827.5142,837.0277,824.1008,811.1738,798.2469,785.3199,772.393,770.6279,773.685,776.742,779.7991,782.8561,784.9092,783.5782,782.2474,780.9164,779.5855,778.2546,774.0997,769.0495,763.9994,758.9492,753.8991,749.0388,744.6441,740.2494,735.8547,731.46,727.0652,715.7505,702.9196,690.0885,677.2575,664.4265,654.8723,651.3837,647.8951,644.4066,640.918,637.4294,643.522,650.9059,658.2898,665.6736,673.0576,692.5718,729.4184,766.265,803.1116,839.9582,876.8047,882.3062,885.8849,889.4637,893.0424,896.6211,898.5946,898.7775,898.9603,899.1431,899.326,899.5056,898.6813,897.8571,897.0328,896.2086,895.3844,846.4446,776.0857,748.3425,721.186,714.7489,747.679,736.1818,730.7733,731.0627,715.4065,672.9347,0,0,0,0,0,0,0,0,0,0,0,0,0,0,0,0,0,0,0,405.2657,399.2675,399.4079,387.6799,0,367.8203,369.1119,368.9089,344.7761,335.1523,331.6828,322.0249,0,0,0,0,0,322.1524,330.6834,342.621,343.1666,356.7632,357.2759,0,0,367.6195,383.1725,0,0,0,0,0,0,0,0,0,0,0,0,0,0,0,0,0,0,0,0,0,0,0,0,0,0,0,0,0,0,0,0,0,0,0,0,0,0,0,0,0,0,0,0,0,0,0,0,0,0,0,0,0,0,0,0,0,0,0,0,0,0,0,0,0,0,0,0,0,0,0,0,0,0,0,0,0,0,0,0,0,0,0,0,0,0,0,0,0,0,0,0,0,0,0,0,0,0,0,0,0,0,0,0,0,0,0,0,0,0,0,0,
108,0,0,0,0,0,0,0,0,0,0,0,0,0,0,0,0,0,0,0,0,0,0,0,0,0,0,0,0,0,0,0,0,0,0,0,0,0,0,0,0,0,0,0,0,0,0,0,0,0,0,0,0,0,0,0,0,0,0,0,0,0,0,0,0,0,0,0,0,0,0,0,0,0,0,0,0,0,0,0,0,0,0,0,0,0,0,0,0,0,0,0,0,0,0,0,0,0,0,0,0,0,0,0,0,0,0,0,0,0,0,0,0,0,0,0,0,0,0,0,0,0,0,0,0,0,0,0,0,0,0,0,0,0,0,0,0,0,0,0,0,0,0,0,0,0,0,0,0,0,0,0,0,0,0,0,0,0,0,0,0,0,0,0,0,0,0,0,0,0,0,0,0,0,519.9097,596.7385,664.4034,701.9346,809.6342,800.2034,790.7726,781.3419,771.9111,762.4804,769.2499,785.2375,801.2252,817.2128,833.2005,844.6718,833.749,822.8261,811.9033,800.9805,790.0576,787.5754,788.7396,789.9039,791.0682,792.2325,792.3927,789.1691,785.9454,782.7217,779.498,776.2744,773.6082,771.1189,768.6295,766.1401,763.6508,757.5927,742.7877,727.9828,713.1777,698.3728,683.5678,672.1629,661.5029,650.8431,640.1832,629.5233,622.3745,621.7252,621.0757,620.4263,619.7769,619.1274,645.7692,676.0891,706.409,736.7288,767.0487,791.7815,808.5313,825.281,842.0308,858.7806,875.5303,880.3423,884.4221,888.5019,892.5817,896.6614,898.8991,899.082,899.2648,899.4476,899.6304,899.8099,898.9299,898.05,897.1701,896.2902,895.4103,704.5995,683.2921,649.4757,0,0,671.2003,0,0,0,0,0,0,0,0,0,0,0,0,0,0,0,0,0,0,0,0,0,0,0,0,0,0,0,0,0,375.1974,367.6715,369.0236,348.7653,344.2855,0,0,0,0,0,0,0,0,0,0,0,0,0,0,0,0,382.7943,383.3736,0,0,0,0,0,0,0,0,0,0,0,0,0,0,0,0,0,0,0,0,0,0,0,0,0,0,0,0,0,0,0,0,0,0,0,0,0,0,0,0,0,0,0,0,0,0,0,0,0,0,0,0,0,0,0,0,0,0,0,0,0,0,0,0,0,0,0,0,0,0,0,0,0,0,0,0,0,0,0,0,0,0,0,0,0,0,0,0,0,0,0,0,0,0,0,0,0,0,0,0,0,0,0,0,0,0,0,0,0,0,0,
109,0,0,0,0,0,0,0,0,0,0,0,0,0,0,0,0,0,0,0,0,0,0,0,0,0,0,0,0,0,0,0,0,0,0,0,0,0,0,0,0,0,0,0,0,0,0,0,0,0,0,0,0,0,0,0,0,0,0,0,0,0,0,0,0,0,0,0,0,0,0,0,0,0,0,0,0,0,0,0,0,0,0,0,0,0,0,0,0,0,0,0,0,0,0,0,0,0,0,0,0,0,0,0,0,0,0,0,0,0,0,0,0,0,0,0,0,0,0,0,0,0,0,0,0,0,0,0,0,0,0,0,0,0,0,0,0,0,0,0,0,0,0,0,0,0,0,0,0,0,0,0,0,0,0,0,0,0,0,0,0,0,0,0,0,0,0,0,0,0,0,0,0,0,542.2167,608.813,670.5485,700.5975,815.5073,806.1487,796.7902,787.4317,778.0732,768.7147,773.9527,787.4963,801.04,814.5836,828.1273,838.106,830.4086,822.7112,815.0139,807.3164,799.619,797.252,797.1876,797.1234,797.0591,796.9948,795.9167,791.4216,786.9266,782.4315,777.9364,773.4413,769.5828,765.926,762.2692,758.6124,754.9556,746.7654,727.464,708.1625,688.861,669.5594,650.258,642.5323,637.3433,632.1542,626.9651,621.7761,618.9947,620.6703,622.3458,624.0212,625.6968,627.3723,664.3059,705.9914,747.6769,789.3624,831.0479,857.1125,860.8577,864.6028,868.348,872.0931,875.8383,880.0074,884.2025,888.3976,892.5928,896.7879,889.971,870.8699,828.6635,808.0558,795.2097,791.2892,782.0527,777.0613,776.3013,763.187,726.9226,667.5082,640.4999,595.7393,0,0,0,0,0,0,0,0,0,0,0,0,0,0,0,0,0,0,0,0,0,0,0,0,0,0,0,0,0,0,0,0,0,0,0,0,0,0,0,0,0,0,0,0,0,0,0,0,0,0,0,0,0,0,383.0233,383.5443,0,0,0,0,0,0,0,0,0,0,0,0,0,0,0,0,0,0,0,0,0,0,0,0,0,0,0,0,0,0,0,0,0,0,0,0,0,0,0,0,0,0,0,0,0,0,0,0,0,0,0,0,0,0,0,0,0,0,0,0,0,0,0,0,0,0,0,0,0,0,0,0,0,0,0,0,0,0,0,0,0,0,0,0,0,0,0,0,0,0,0,0,0,0,0,0,0,0,0,0,0,0,0,0,0,0,0,0,0,0,
110,0,0,0,0,0,0,0,0,0,0,0,0,0,0,0,0,0,0,0,0,0,0,0,0,0,0,0,0,0,0,0,0,0,0,0,0,0,0,0,0,0,0,0,0,0,0,0,0,0,0,0,0,0,0,0,0,0,0,0,0,0,0,0,0,0,0,0,0,0,0,0,0,0,0,0,0,0,0,0,0,0,0,0,0,0,0,0,0,0,0,0,0,0,0,0,0,0,0,0,0,0,0,0,0,0,0,0,0,0,0,0,0,0,0,0,0,0,0,0,0,0,0,0,0,0,0,0,0,0,0,0,0,0,0,0,0,0,0,0,0,0,0,0,0,0,0,0,0,0,0,0,0,0,0,0,0,0,0,0,0,0,0,0,0,0,0,0,0,0,0,0,0,525.3395,522.5143,592.3148,657.1612,689.7139,791.748,790.8514,789.9547,789.0579,788.1612,787.2645,789.5395,793.6193,797.699,801.7788,805.8586,808.8307,806.3106,803.7905,801.2704,798.7503,796.2302,795.3084,795.0771,794.8458,794.6145,794.3832,793.1127,788.3392,783.5658,778.7924,774.0189,769.2455,759.9094,749.1269,738.3444,727.5619,716.7794,704.9641,690.6171,676.2703,661.9234,647.5765,633.2296,635.2076,640.7629,646.3181,651.8733,657.4285,662.1501,665.3287,668.5073,671.6859,674.8644,678.0431,708.8759,743.4355,777.9953,812.555,847.1147,868.2999,870.3749,872.45,874.5251,876.6002,878.6752,882.2757,885.9698,889.6639,893.358,897.0521,866.2877,810.1133,784.5173,757.6733,745.9565,755.418,743.2435,736.796,736.0575,0,0,0,0,0,0,0,0,0,0,0,0,0,0,0,0,0,0,0,0,0,0,0,0,0,0,0,0,0,0,0,0,0,0,0,0,0,0,0,0,0,0,0,0,0,0,0,0,0,0,0,0,0,0,0,0,0,0,0,0,383.2192,0,0,0,0,0,0,0,0,0,0,0,0,0,0,0,0,0,0,0,0,0,0,0,0,0,0,0,0,0,0,0,0,0,0,0,0,0,0,0,0,0,0,0,0,0,0,0,0,0,0,0,0,0,0,0,0,0,0,0,0,0,0,0,0,0,0,0,0,0,0,0,0,0,0,0,0,0,0,0,0,0,0,0,0,0,0,0,0,0,0,0,0,0,0,0,0,0,0,0,0,0,0,0,0,0,0,0,0,0,0,
111,0,0,0,0,0,0,0,0,0,0,0,0,0,0,0,0,0,0,0,0,0,0,0,0,0,0,0,0,0,0,0,0,0,0,0,0,0,0,0,0,0,0,0,0,0,0,0,0,0,0,0,0,0,0,0,0,0,0,0,0,0,0,0,0,0,0,0,0,0,0,0,0,0,0,0,0,0,0,0,0,0,0,0,0,0,0,0,0,0,0,0,0,0,0,0,0,0,0,0,0,0,0,0,0,0,0,0,0,0,0,0,0,0,0,0,0,0,0,0,0,0,0,0,0,0,0,0,0,0,0,0,0,0,0,0,0,0,0,0,0,0,0,0,0,0,0,0,0,0,0,0,0,0,0,0,0,0,0,0,0,0,0,0,0,0,0,0,0,0,0,0,0,547.6169,530.907,596.6522,657.8713,689.5862,767.9888,775.554,783.119,790.6841,798.2493,805.8144,805.1263,799.7423,794.3582,788.9741,783.5899,779.5554,782.2126,784.8698,787.527,790.1841,792.8414,793.3648,792.9666,792.5682,792.1699,791.7717,790.3086,785.2568,780.205,775.1532,770.1014,765.0497,750.2361,732.3279,714.4196,696.5114,678.6031,663.1626,653.7703,644.3781,634.9858,625.5936,616.2013,627.8829,644.1825,660.482,676.7815,693.0809,705.3055,709.9872,714.6689,719.3506,724.0322,728.7139,753.4457,780.8797,808.3137,835.7477,863.1816,879.4873,879.8922,880.2972,880.7021,881.1072,881.5121,884.544,887.7371,890.9302,894.1232,897.3163,752.5407,730.6468,699.4135,666.4263,654.7439,683.5403,665.5062,656.1691,0,0,0,0,0,0,0,0,0,0,0,0,0,0,0,0,0,0,0,0,0,0,0,0,0,0,0,0,0,0,0,0,0,0,0,0,0,0,0,0,0,0,0,0,0,0,0,0,0,0,0,0,0,0,0,0,0,0,0,0,0,0,383.3877,382.085,0,0,0,0,0,0,0,0,0,0,0,0,0,0,0,0,0,0,0,0,0,0,0,0,0,0,0,0,0,0,0,0,0,0,0,0,0,0,0,0,0,0,0,0,0,0,0,0,0,0,0,0,0,0,0,0,0,0,0,0,0,0,0,0,0,0,0,0,0,0,0,0,0,0,0,0,0,0,0,0,0,0,0,0,0,0,0,0,0,0,0,0,0,0,0,0,0,0,0,0,0,0,0,0,0,0,0,0,
112,0,0,0,0,0,0,0,0,0,0,0,0,0,0,0,0,0,0,0,0,0,0,0,0,0,0,0,0,0,0,0,0,0,0,0,0,0,0,0,0,0,0,0,0,0,0,0,0,0,0,0,0,0,0,0,0,0,0,0,0,0,0,0,0,0,0,0,0,0,0,0,0,0,0,0,0,0,0,0,0,0,0,0,0,0,0,0,0,0,0,0,0,0,0,0,0,0,0,0,0,0,0,0,0,0,0,0,0,0,0,0,0,0,0,0,0,0,0,0,0,0,0,0,0,0,0,0,0,0,0,0,0,0,0,0,0,0,0,0,0,0,0,0,0,0,0,0,0,0,0,0,0,0,0,0,0,0,0,0,0,0,0,0,0,0,0,0,0,0,0,0,0,541.7465,571.8097,618.8527,669.2042,699.7511,749.3921,764.1019,778.8118,793.5216,808.2314,822.9413,819.6128,806.0202,792.4277,778.8351,765.2425,755.1134,762.1577,769.2019,776.2462,783.2905,790.3347,791.748,790.7288,789.7095,788.6901,787.6709,785.6011,779.9908,774.3804,768.77,763.1597,757.5493,737.7355,713.4189,689.1023,664.7857,640.4691,622.1175,618.3861,614.6546,610.9232,607.1917,603.4603,624.0071,649.8739,675.7407,701.6075,727.4743,746.2863,752.0396,757.7928,763.546,769.2992,775.0524,794.0568,814.847,835.6373,856.4275,877.2177,888.9919,887.8837,886.7756,885.6673,884.5591,883.451,881.3292,846.8156,835.2769,817.7592,782.9572,720.5764,690.1273,645.0009,590.8568,553.1785,0,0,0,0,0,0,0,0,0,0,0,0,0,0,0,0,0,0,0,0,0,0,0,0,0,0,0,0,0,0,0,0,0,0,0,0,0,0,0,0,0,0,0,0,0,0,0,0,0,0,0,0,0,0,0,0,0,0,0,0,0,0,0,0,0,0,383.5334,0,0,0,0,0,0,0,0,0,0,0,0,0,0,0,0,0,0,0,0,0,0,0,0,0,0,0,0,0,0,0,0,0,0,0,0,0,0,0,0,0,0,0,0,0,0,0,0,0,0,0,0,0,0,0,0,0,0,0,0,0,0,0,0,0,0,0,0,0,0,0,0,0,0,0,0,0,0,0,0,0,0,0,0,0,0,0,0,0,0,0,0,0,0,0,0,0,0,0,0,0,0,0,0,0,0,0,0,
113,0,0,0,0,0,0,0,0,0,0,0,0,0,0,0,0,0,0,0,0,0,0,0,0,0,0,0,0,0,0,0,0,0,0,0,0,0,0,0,0,0,0,0,0,0,0,0,0,0,0,0,0,0,0,0,0,0,0,0,0,0,0,0,0,0,0,0,0,0,0,0,0,0,0,0,0,0,0,0,0,0,0,0,0,0,0,0,0,0,0,0,0,0,0,0,0,0,0,0,0,0,0,0,0,0,0,0,0,0,0,0,0,0,0,0,0,0,0,0,0,0,0,0,0,0,0,0,0,0,0,0,0,0,0,0,0,0,0,0,0,0,0,0,0,0,0,0,0,0,0,0,0,0,0,0,0,0,0,0,0,0,0,0,0,0,0,0,0,0,0,0,566.6462,640.0283,658.1501,680.874,709.3535,729.1417,776.9111,787.0004,797.0897,807.1788,817.2681,827.3574,824.2691,813.6827,803.0964,792.5099,781.9236,773.8477,778.2198,782.5919,786.9639,791.3361,795.7081,793.0498,787.3543,781.6587,775.9632,770.2676,763.891,755.2188,746.5466,737.8744,729.2021,720.5299,699.9791,675.6625,651.3459,627.0293,602.7127,587.8295,596.067,604.3046,612.5422,620.7797,629.0173,650.9391,675.8596,700.78,725.7004,750.6208,767.842,770.8118,773.7816,776.7512,779.7209,782.6907,799.304,817.7561,836.2083,854.6603,873.1124,883.4653,882.2458,881.0262,879.8067,878.5872,877.3677,832.6672,819.6436,801.488,783.3158,754.3799,681.9911,648.7654,598.957,0,0,0,0,0,0,0,0,0,0,0,0,0,0,0,0,0,0,0,0,0,0,0,0,0,0,0,0,0,0,0,0,0,0,0,0,0,0,0,0,0,0,0,0,0,0,0,0,0,0,0,0,0,0,0,0,0,0,0,0,0,0,0,0,0,0,0,0,0,0,0,0,0,0,0,0,0,0,0,0,0,0,0,0,0,0,0,0,0,0,0,0,0,0,0,0,0,0,0,0,0,0,0,0,0,0,0,0,0,0,0,0,0,0,0,0,0,0,0,0,0,0,0,0,0,0,0,0,0,0,0,0,0,0,0,0,0,0,0,0,0,0,0,0,0,0,0,0,0,0,0,0,0,0,0,0,0,0,0,0,0,0,0,0,0,0,0,0,0,0,0,0,0,0,0,0,0,
114,0,0,0,0,0,0,0,0,0,0,0,0,0,0,0,0,0,0,0,0,0,0,0,0,0,0,0,0,0,0,0,0,0,0,0,0,0,0,0,0,0,0,0,0,0,0,0,0,0,0,0,0,0,0,0,0,0,0,0,0,0,0,0,0,0,0,0,0,0,0,0,0,0,0,0,0,0,0,0,0,0,0,0,0,0,0,0,0,0,0,0,0,0,0,0,0,0,0,0,0,0,0,0,0,0,0,0,0,0,0,0,0,0,0,0,0,0,0,0,0,0,0,0,0,0,0,0,0,0,0,0,0,0,0,0,0,0,0,0,0,0,0,0,0,0,0,0,0,0,0,0,0,0,0,0,0,0,0,0,0,0,0,0,0,0,0,0,0,0,0,0,608.9125,682.7952,713.2299,731.8169,749.5874,762.7339,804.4302,809.8989,815.3675,820.8361,826.3048,831.7734,828.9255,821.3453,813.7651,806.1848,798.6046,792.5819,794.2819,795.9818,797.6817,799.3816,801.0816,794.3516,783.9798,773.608,763.2361,752.8644,742.1808,730.4468,718.7128,706.9787,695.2446,683.5106,662.2227,637.9061,613.5895,589.2729,564.9563,553.5414,573.748,593.9546,614.1611,634.3677,654.5743,677.8712,701.8452,725.8192,749.7933,773.7673,789.3978,789.584,789.7703,789.9565,790.1428,790.329,804.5513,820.6652,836.7792,852.8932,869.0071,877.9387,876.6078,875.277,873.9461,872.6152,781.4528,771.8729,756.7888,733.1042,717.1026,706.7427,626.8534,589.7471,0,0,0,0,0,0,0,0,0,0,0,0,0,0,0,0,0,0,0,0,0,0,0,0,0,0,0,0,0,0,0,0,0,0,0,0,0,0,0,0,0,0,0,0,0,0,0,0,0,0,0,0,0,0,0,0,0,0,0,0,0,0,0,0,0,0,0,0,0,0,0,0,0,0,0,0,0,0,0,0,0,0,0,0,0,0,0,0,0,0,0,0,0,0,0,0,0,0,0,0,0,0,0,0,0,0,0,0,0,0,0,0,0,0,0,0,0,0,0,0,0,0,0,0,0,0,0,0,0,0,0,0,0,0,0,0,0,0,0,0,0,0,0,0,0,0,0,0,0,0,0,0,0,0,0,0,0,0,0,0,0,0,0,0,0,0,0,0,0,0,0,0,0,0,0,0,0,0,
115,0,0,0,0,0,0,0,0,0,0,0,0,0,0,0,0,0,0,0,0,0,0,0,0,0,0,0,0,0,0,0,0,0,0,0,0,0,0,0,0,0,0,0,0,0,0,0,0,0,0,0,0,0,0,0,0,0,0,0,0,0,0,0,0,0,0,0,0,0,0,0,0,0,0,0,0,0,0,0,0,0,0,0,0,0,0,0,0,0,0,0,0,0,0,0,0,0,0,0,0,0,0,0,0,0,0,0,0,0,0,0,0,0,0,0,0,0,0,0,0,0,0,0,0,0,0,0,0,0,0,0,0,0,0,0,0,0,0,0,0,0,0,0,0,0,0,0,0,0,0,0,0,0,0,0,0,0,0,0,0,0,0,0,0,0,0,0,0,0,0,0,627.9883,702.3239,746.2079,769.0461,784.5455,823.8267,831.9493,832.7974,833.6453,834.4934,835.3414,836.1895,833.5818,829.0078,824.4337,819.8597,815.2857,811.3162,810.3439,809.3717,808.3994,807.4272,806.455,795.6534,780.6053,765.5573,750.5092,735.4611,720.4707,705.6747,690.8788,676.0829,661.287,646.4911,624.4663,600.1497,575.8331,551.5165,527.2,519.2534,551.429,583.6045,615.7801,647.9557,680.1313,704.8032,727.8309,750.8585,773.8862,796.9138,810.9536,808.3563,805.7591,803.1618,800.5645,797.9673,809.7985,791.0545,796.4759,805.0473,816.6696,819.0627,820.0394,819.5997,818.3268,797.5615,756.1083,739.7505,713.0945,667.7147,627.841,602.033,0,0,0,0,0,0,0,0,0,0,0,0,0,0,0,0,0,0,0,0,0,0,0,0,0,0,0,0,0,0,0,0,0,0,0,0,0,0,0,0,0,0,0,0,0,0,0,0,0,0,0,0,0,0,0,0,0,0,0,0,0,0,0,0,0,0,0,0,0,0,0,0,0,0,0,0,0,0,0,0,0,0,0,0,0,0,0,0,0,0,0,0,0,0,0,0,0,0,0,0,0,0,0,0,0,0,0,0,0,0,0,0,0,0,0,0,0,0,0,0,0,0,0,0,0,0,0,0,0,0,0,0,0,0,0,0,0,0,0,0,0,0,0,0,0,0,0,0,0,0,0,0,0,0,0,0,0,0,0,0,0,0,0,0,0,0,0,0,0,0,0,0,0,0,0,0,0,0,0,0,
116,0,0,0,0,0,0,0,0,0,0,0,0,0,0,0,0,0,0,0,0,0,0,0,0,0,0,0,0,0,0,0,0,0,0,0,0,0,0,0,0,0,0,0,0,0,0,0,0,0,0,0,0,0,0,0,0,0,0,0,0,0,0,0,0,0,0,0,0,0,0,0,0,0,0,0,0,0,0,0,0,0,0,0,0,0,0,0,0,0,0,0,0,0,0,0,0,0,0,0,0,0,0,0,0,0,0,0,0,0,0,0,0,0,0,0,0,0,0,0,0,0,0,0,0,0,0,0,0,0,0,0,0,0,0,0,0,0,0,0,0,0,0,0,0,0,0,0,0,0,0,0,0,0,0,0,0,0,0,0,0,0,0,0,0,0,0,0,0,0,0,0,637.7878,822.0728,826.4444,830.816,835.1876,839.5592,843.1431,840.1432,837.1434,834.1435,831.1437,828.1439,824.4344,820.3212,816.2079,812.0947,807.9816,804.4581,803.8591,803.26,802.6609,802.0619,801.4628,788.6192,770.4857,752.3522,734.2186,716.0851,697.7548,678.7606,659.7666,640.7726,621.7785,602.7845,590.7927,581.0209,571.2491,561.4773,551.7055,552.065,577.256,602.4468,627.6378,652.8287,678.0197,701.4056,724.3959,747.3862,770.3765,793.3668,807.2828,804.402,801.5211,798.6403,795.7594,792.8785,767.7673,766.879,766.5933,776.0626,800.2467,800.4496,800.0754,799.1241,797.8334,773.6873,725.2838,707.1463,677.3475,632.8006,0,0,0,0,0,0,0,0,0,0,0,0,0,0,0,0,0,0,0,0,0,0,0,0,0,0,0,0,0,0,0,0,0,0,0,0,0,0,0,0,0,0,0,0,0,0,0,0,0,0,0,0,0,0,0,0,0,0,0,0,0,0,0,0,0,0,0,0,0,0,0,0,0,0,0,0,0,0,0,0,0,0,0,0,0,0,0,0,0,0,0,0,0,0,0,0,0,0,0,0,0,0,0,0,0,0,0,0,0,0,0,0,0,0,0,0,0,0,0,0,0,0,0,0,0,0,0,0,0,0,0,0,0,0,0,0,0,0,0,0,0,0,0,0,0,0,0,0,0,0,0,0,0,0,0,0,0,0,0,0,0,0,0,0,0,0,0,0,0,0,0,0,0,0,0,0,0,0,0,0,0,0,
117,0,0,0,0,0,0,0,0,0,0,0,0,0,0,0,0,0,0,0,0,0,0,0,0,0,0,0,0,0,0,0,0,0,0,0,0,0,0,0,0,0,0,0,0,0,0,0,0,0,0,0,0,0,0,0,0,0,0,0,0,0,0,0,0,0,0,0,0,0,0,0,0,0,0,0,0,0,0,0,0,0,0,0,0,0,0,0,0,0,0,0,0,0,0,0,0,0,0,0,0,0,0,0,0,0,0,0,0,0,0,0,0,0,0,0,0,0,0,0,0,0,0,0,0,0,0,0,0,0,0,0,0,0,0,0,0,0,0,0,0,0,0,0,0,0,0,0,0,0,0,0,0,0,0,0,0,0,0,0,0,0,0,0,0,0,0,0,0,0,0,0,0,812.5558,820.4902,828.4247,836.3592,844.2937,850.6672,843.993,837.319,830.645,823.9708,817.2968,812.1839,807.9594,803.7349,799.5103,795.2858,791.8472,792.3059,792.7645,793.2232,793.6819,794.1405,779.7111,758.8498,737.9884,717.1271,696.2657,674.8127,651.3651,627.9174,604.4697,581.0221,557.5745,558.0369,566.0795,574.122,582.1646,590.2071,599.9602,613.9058,627.8515,641.7971,655.7427,669.6884,691.19,714.3473,737.5046,760.662,783.8193,797.9414,795.3389,792.7363,790.1339,787.5313,784.9287,723.1703,716.7438,709.3551,720.0554,769.0474,765.502,762.8354,761.0477,759.7771,733.5248,0,0,0,0,0,0,0,0,0,0,0,0,0,0,0,0,0,0,0,0,0,0,0,0,0,0,0,0,0,0,0,0,0,0,0,0,0,0,0,0,0,0,0,0,0,0,0,0,0,0,0,0,0,0,0,0,0,0,0,0,0,0,0,0,0,0,0,0,0,0,0,0,0,0,0,0,0,0,0,0,0,0,0,0,0,0,0,0,0,0,0,0,0,0,0,0,0,0,0,0,0,0,0,0,0,0,0,0,0,0,0,0,0,0,0,0,0,0,0,0,0,0,0,0,0,0,0,0,0,0,0,0,0,0,0,0,0,0,0,0,0,0,0,0,0,0,0,0,0,0,0,0,0,0,0,0,0,0,0,0,0,0,0,0,0,0,0,0,0,0,0,0,0,0,0,0,0,0,0,0,0,0,0,0,0,0,
118,0,0,0,0,0,0,0,0,0,0,0,0,0,0,0,0,0,0,0,0,0,0,0,0,0,0,0,0,0,0,0,0,0,0,0,0,0,0,0,0,0,0,0,0,0,0,0,0,0,0,0,0,0,0,0,0,0,0,0,0,0,0,0,0,0,0,0,0,0,0,0,0,0,0,0,0,0,0,0,0,0,0,0,0,0,0,0,0,0,0,0,0,0,0,0,0,0,0,0,0,0,0,0,0,0,0,0,0,0,0,0,0,0,0,0,0,0,0,0,0,0,0,0,0,0,0,0,0,0,0,0,0,0,0,0,0,0,0,0,0,0,0,0,0,0,0,0,0,0,0,0,0,0,0,0,0,0,0,0,0,0,0,0,0,0,0,0,0,0,0,661.0129,734.7277,803.0388,814.5361,826.0335,837.5308,849.0283,858.1912,847.843,837.4946,827.1464,816.7981,806.4498,799.9335,795.5976,791.2617,786.9258,782.59,779.2363,780.7527,782.269,783.7855,785.3019,786.8182,770.803,747.2139,723.6247,700.0355,676.4464,651.8706,623.9694,596.0681,568.1669,540.2657,512.3644,525.2811,551.1381,576.9949,602.8518,628.7087,647.8554,650.5557,653.256,655.9564,658.6567,661.3571,680.9744,704.2988,727.6231,750.9474,774.2718,788.5999,786.2758,783.9516,781.6274,779.3032,650.4763,636.3035,619.6978,598.4135,597.9869,678.7428,665.2164,656.4914,0,0,0,0,0,0,0,0,0,0,0,0,0,0,0,0,0,0,0,0,0,0,0,0,0,0,0,0,0,0,0,0,0,0,0,0,0,0,0,0,0,0,0,0,0,0,0,0,0,0,0,0,0,0,0,0,0,0,0,0,0,0,0,0,0,0,0,0,0,0,0,0,0,0,0,0,0,0,0,0,0,0,0,0,0,0,0,0,0,0,0,0,0,0,0,0,0,0,0,0,0,0,0,0,0,0,0,0,0,0,0,0,0,0,0,0,0,0,0,0,0,0,0,0,0,0,0,0,0,0,0,0,0,0,0,0,0,0,0,0,0,0,0,0,0,0,0,0,0,0,0,0,0,0,0,0,0,0,0,0,0,0,0,0,0,0,0,0,0,0,0,0,0,0,0,0,0,0,0,0,0,0,0,0,0,0,0,0,0,
119,0,0,0,0,0,0,0,0,0,0,0,0,0,0,0,0,0,0,0,0,0,0,0,0,0,0,0,0,0,0,0,0,0,0,0,0,0,0,0,0,0,0,0,0,0,0,0,0,0,0,0,0,0,0,0,0,0,0,0,0,0,0,0,0,0,0,0,0,0,0,0,0,0,0,0,0,0,0,0,0,0,0,0,0,0,0,0,0,0,0,0,0,0,0,0,0,0,0,0,0,0,0,0,0,0,0,0,0,0,0,0,0,0,0,0,0,0,0,0,0,0,0,0,0,0,0,0,0,0,0,0,0,0,0,0,0,0,0,0,0,0,0,0,0,0,0,0,0,0,0,0,0,0,0,0,0,0,0,0,0,0,0,0,0,0,0,0,0,0,643.0104,675.5001,731.3092,788.9234,802.4725,816.0215,829.5706,843.1196,853.9979,842.5533,831.1087,819.664,808.2194,796.7747,790.3375,786.7496,783.1616,779.5737,775.9858,772.9745,772.8226,772.6708,772.5189,772.367,772.2151,757.4541,736.3817,715.3093,694.2369,673.1645,649.5717,617.4836,585.3954,553.3073,521.2191,489.131,505.6568,537.5944,569.532,601.4697,633.4072,655.8206,654.8907,653.9607,653.0307,652.1008,651.1708,670.2726,693.764,717.2554,740.7467,764.238,771.04,746.9492,714.001,692.2411,661.2599,617.9456,596.1136,567.5811,522.297,474.1322,0,0,0,0,0,0,0,0,0,0,0,0,0,0,0,0,0,0,0,0,0,0,0,0,0,0,0,0,0,0,0,0,0,0,0,0,0,0,0,0,0,0,0,0,0,0,0,0,0,0,0,0,0,0,0,0,0,0,0,0,0,0,0,0,0,0,0,0,0,0,0,0,0,0,0,0,0,0,0,0,0,0,0,0,0,0,0,0,0,0,0,0,0,0,0,0,0,0,0,0,0,0,0,0,0,0,0,0,0,0,0,0,0,0,0,0,0,0,0,0,0,0,0,0,0,0,0,0,0,0,0,0,0,0,0,0,0,0,0,0,0,0,0,0,0,0,0,0,0,0,0,0,0,0,0,0,0,0,0,0,0,0,0,0,0,0,0,0,0,0,0,0,0,0,0,0,0,0,0,0,0,0,0,0,0,0,0,0,0,0,0,0,
120,0,0,0,0,0,0,0,0,0,0,0,0,0,0,0,0,0,0,0,0,0,0,0,0,0,0,0,0,0,0,0,0,0,0,0,0,0,0,0,0,0,0,0,0,0,0,0,0,0,0,0,0,0,0,0,0,0,0,0,0,0,0,0,0,0,0,0,0,0,0,0,0,0,0,0,0,0,0,0,0,0,0,0,0,0,0,0,0,0,0,0,0,0,0,0,0,0,0,0,0,0,0,0,0,0,0,0,0,0,0,0,0,0,0,0,0,0,0,0,0,0,0,0,0,0,0,0,0,0,0,0,0,0,0,0,0,0,0,0,0,0,0,0,0,0,0,0,0,0,0,0,0,0,0,0,0,0,0,0,0,0,0,0,0,0,750.2645,751.4505,696.5308,682.0799,688.9572,702.2015,734.267,770.7668,785.0396,799.3124,813.5851,827.8579,839.5075,829.2319,818.9564,808.6808,798.4052,788.1296,783.0743,780.9894,778.9046,776.8198,774.735,772.2925,768.0767,763.861,759.6451,755.4294,751.2136,740.2026,726.256,712.3093,698.3626,684.416,665.4141,629.3734,593.3327,557.292,521.2513,485.2106,497.5725,525.2792,552.9859,580.6926,608.3994,628.6951,630.827,632.9588,635.0907,637.2225,639.3544,659.1436,682.8019,706.4603,730.1187,753.777,746.2577,687.0869,667.9431,641.9654,612.1188,575.1024,549.6313,0,0,0,0,0,0,0,0,0,0,0,0,0,0,0,0,0,0,0,0,0,0,0,0,0,0,0,0,0,0,0,0,0,0,0,0,0,0,0,0,0,0,0,0,0,0,0,0,0,0,0,0,0,0,0,0,0,0,0,0,0,0,0,0,0,0,0,0,0,0,0,0,0,0,0,0,0,0,0,0,0,0,0,0,0,0,0,0,0,0,0,0,0,0,0,0,0,0,0,0,0,0,0,0,0,0,0,0,0,0,0,0,0,0,0,0,0,0,0,0,0,0,0,0,0,0,0,0,0,0,0,0,0,0,0,0,0,0,0,0,0,0,0,0,0,0,0,0,0,0,0,0,0,0,0,0,0,0,0,0,0,0,0,0,0,0,0,0,0,0,0,0,0,0,0,0,0,0,0,0,0,0,0,0,0,0,0,0,0,0,0,0,0,0,0,
121,0,0,0,0,0,0,0,0,0,0,0,0,0,0,0,0,0,0,0,0,0,0,0,0,0,0,0,0,0,0,0,0,0,0,0,0,0,0,0,0,0,0,0,0,0,0,0,0,0,0,0,0,0,0,0,0,0,0,0,0,0,0,0,0,0,0,0,0,0,0,0,0,0,0,0,0,0,0,0,0,0,0,0,0,0,0,0,0,0,0,0,0,0,0,0,0,0,0,0,0,0,0,0,0,0,0,0,0,0,0,0,0,0,0,0,0,0,0,0,0,0,0,0,0,0,0,0,0,0,0,0,0,0,0,0,0,0,0,0,0,0,0,0,0,0,0,0,0,0,0,0,0,0,0,0,0,0,0,0,0,766.9659,769.0386,772.0731,776.0696,780.435,782.6833,782.8145,753.4934,738.3742,733.4686,734.7598,737.225,752.6102,767.6067,782.6032,797.5997,812.5961,825.017,815.9106,806.8041,797.6976,788.591,779.4845,775.8112,775.2294,774.6476,774.0659,773.4841,771.6104,763.3307,755.0511,746.7714,738.4917,730.2121,722.951,716.1301,709.3092,702.4883,695.6674,681.2565,641.2633,601.27,561.2767,521.2835,481.2902,489.4883,512.9641,536.4398,559.9156,583.3914,601.5695,606.7632,611.957,617.1506,622.3444,627.5381,648.0146,671.84,695.6653,719.4907,743.316,617.4409,608.9143,587.3115,0,0,0,0,0,0,0,0,0,0,0,0,0,0,0,0,0,0,0,0,0,0,0,0,0,0,0,0,0,0,0,0,0,0,0,0,0,0,0,0,0,0,0,0,0,0,0,0,0,0,0,0,0,0,0,0,0,0,0,0,0,0,0,0,0,0,0,0,0,0,0,0,0,0,0,0,0,0,0,0,0,0,0,0,0,0,0,0,0,0,0,0,0,0,0,0,0,0,0,0,0,0,0,0,0,0,0,0,0,0,0,0,0,0,0,0,0,0,0,0,0,0,0,0,0,0,0,0,0,0,0,0,0,0,0,0,0,0,0,0,0,0,0,0,0,0,0,0,0,0,0,0,0,0,0,0,0,0,0,0,0,0,0,0,0,0,0,0,0,0,0,0,0,0,0,0,0,0,0,0,0,0,0,0,0,0,0,0,0,0,0,0,0,0,0,0,0,0,0,
122,0,0,0,0,0,0,0,0,0,0,0,0,0,0,0,0,0,0,0,0,0,0,0,0,0,0,0,0,0,0,0,0,0,0,0,0,0,0,0,0,0,0,0,0,0,0,0,0,0,0,0,0,0,0,0,0,0,0,0,0,0,0,0,0,0,0,0,0,0,0,0,0,0,0,0,0,0,0,0,0,0,0,0,0,0,0,0,0,0,0,0,0,0,0,0,0,0,0,0,0,0,0,0,0,0,0,0,0,0,0,0,0,0,0,0,0,0,0,0,0,0,0,0,0,0,0,0,0,0,0,0,0,0,0,0,0,0,0,0,0,0,0,0,0,0,0,0,0,0,0,0,0,0,0,0,0,0,0,777.7653,778.5098,780.2789,783.0724,786.8907,791.7335,796.966,799.8729,800.4541,789.2847,780.0501,772.5908,769.8151,749.2219,748.0704,761.2084,774.3464,787.4845,800.6224,811.4996,803.4793,795.459,787.4387,779.4184,771.3981,768.9711,769.7267,770.4823,771.238,771.9936,770.7848,759.8359,748.887,737.938,726.9891,716.0402,704.7151,693.2276,657.6127,637.6682,617.4472,596.9086,566.4676,533.1149,497.5168,470.4576,454.6443,450.077,456.7556,474.6802,494.3899,510.9185,524.2659,534.4322,541.4173,546.143,553.5581,564.2518,578.224,595.4749,616.0044,628.9131,618.4149,584.5095,570.133,538.902,0,0,0,0,0,0,0,0,0,0,0,0,0,0,0,0,0,0,0,0,0,0,0,0,0,0,0,0,0,0,0,0,0,0,0,0,0,0,0,0,0,0,0,0,0,0,0,0,0,0,0,0,0,0,0,0,0,0,0,0,0,0,0,0,0,0,0,0,0,0,0,0,0,0,0,0,0,0,0,0,0,0,0,0,0,0,0,0,0,0,0,0,0,0,0,0,0,0,0,0,0,0,0,0,0,0,0,0,0,0,0,0,0,0,0,0,0,0,0,0,0,0,0,0,0,0,0,0,0,0,0,0,0,0,0,0,0,0,0,0,0,0,0,0,0,0,0,0,0,0,0,0,0,0,0,0,0,0,0,0,0,0,0,0,0,0,0,0,0,0,0,0,0,0,0,0,0,0,0,0,0,0,0,0,0,0,0,0,0,0,0,0,0,0,0,0,0,0,0,
123,0,0,0,0,0,0,0,0,0,0,0,0,0,0,0,0,0,0,0,0,0,0,0,0,0,0,0,0,0,0,0,0,0,0,0,0,0,0,0,0,0,0,0,0,0,0,0,0,0,0,0,0,0,0,0,0,0,0,0,0,0,0,0,0,0,0,0,0,0,0,0,0,0,0,0,0,0,0,0,0,0,0,0,0,0,0,0,0,0,0,0,0,0,0,0,0,0,0,0,0,0,0,0,0,0,0,0,0,0,0,0,0,0,0,0,0,0,0,0,0,0,0,0,0,0,0,0,0,0,0,0,0,0,0,0,0,0,0,0,0,0,0,0,0,0,0,0,0,0,0,0,0,0,711.9434,725.536,734.7297,821.6014,822.1719,822.7424,823.3128,823.8833,827.3203,833.4526,839.5848,845.7171,851.8493,857.072,843.3819,829.6917,816.0016,802.3114,788.6213,784.8111,788.2626,791.714,795.1654,798.6169,800.9318,793.7465,786.5613,779.376,772.1907,765.0056,763.4136,765.0042,766.5949,768.1855,769.7762,769.524,760.1338,750.7437,741.3535,731.9633,722.5732,683.495,647.4678,623.262,601.36,585.4175,577.8182,546.6349,513.0424,477.5918,450.2996,433.7521,427.9494,432.8914,448.5782,466.1164,481.118,493.583,0,0,516.4938,0,0,0,0,0,0,0,0,0,0,0,0,0,0,0,0,0,0,0,0,0,0,0,0,0,0,0,0,0,0,0,0,0,0,0,0,0,0,0,0,0,0,0,0,0,0,0,0,0,0,0,0,0,0,0,0,0,0,0,0,0,0,0,0,0,0,0,0,0,0,0,0,0,0,0,0,0,0,0,0,0,0,0,0,0,0,0,0,0,0,0,0,0,0,0,0,0,0,0,0,0,0,0,0,0,0,0,0,0,0,0,0,0,0,0,0,0,0,0,0,0,0,0,0,0,0,0,0,0,0,0,0,0,0,0,0,0,0,0,0,0,0,0,0,0,0,0,0,0,0,0,0,0,0,0,0,0,0,0,0,0,0,0,0,0,0,0,0,0,0,0,0,0,0,0,0,0,0,0,0,0,0,0,0,0,0,0,0,0,0,0,0,0,0,0,0,0,0,0,0,0,0,0,0,0,0,0,0,0,
124,0,0,0,0,0,0,0,0,0,0,0,0,0,0,0,0,0,0,0,0,0,0,0,0,0,0,0,0,0,0,0,0,0,0,0,0,0,0,0,0,0,0,0,0,0,0,0,0,0,0,0,0,0,0,0,0,0,0,0,0,0,0,0,0,0,0,0,0,0,0,0,0,0,0,0,0,0,0,0,0,0,0,0,0,0,0,0,0,0,0,0,0,0,0,0,0,0,0,0,0,0,0,0,0,0,0,0,0,0,0,0,0,0,0,0,0,0,0,0,0,0,0,0,0,0,0,0,0,0,0,0,0,0,0,0,0,0,0,0,0,0,0,0,0,0,0,0,0,0,0,0,733.4186,748.5208,761.6568,772.1195,807.6302,810.1288,812.0354,813.942,815.8485,817.7551,822.7864,830.7558,838.7251,846.6945,854.6638,861.9561,855.169,848.3819,841.5948,834.8077,828.0206,821.5518,815.3166,809.0815,802.8464,796.6113,790.3639,784.0137,777.6635,771.3134,764.9631,758.6129,757.856,760.2817,762.7075,765.1332,767.5589,768.2632,760.4318,752.6003,744.7689,736.9375,729.1061,606.6941,586.5127,558.6658,533.8315,521.9125,534.5327,501.8789,468.9285,435.7493,409.9885,393.9979,387.7775,391.3274,0,0,0,0,0,0,0,0,0,0,0,0,0,0,0,0,0,0,0,0,0,0,0,0,0,0,0,0,0,0,0,0,0,0,0,0,0,0,0,0,0,0,0,0,0,0,0,0,0,0,0,0,0,0,0,0,0,0,0,0,0,0,0,0,0,0,0,0,0,0,0,0,0,0,0,0,0,0,0,0,0,0,0,0,0,0,0,0,0,0,0,0,0,0,0,0,0,0,0,0,0,0,0,0,0,0,0,0,0,0,0,0,0,0,0,0,0,0,0,0,0,0,0,0,0,0,0,0,0,0,0,0,0,0,0,0,0,0,0,0,0,0,0,0,0,0,0,0,0,0,0,0,0,0,0,0,0,0,0,0,0,0,0,0,0,0,0,0,0,0,0,0,0,0,0,0,0,0,0,0,0,0,0,0,0,0,0,0,0,0,0,0,0,0,0,0,0,0,0,0,0,0,0,0,0,0,0,0,0,0,0,0,0,0,0,0,
125,0,0,0,0,0,0,0,0,0,0,0,0,0,0,0,0,0,0,0,0,0,0,0,0,0,0,0,0,0,0,0,0,0,0,0,0,0,0,0,0,0,0,0,0,0,0,0,0,0,0,0,0,0,0,0,0,0,0,0,0,0,0,0,0,0,0,0,0,0,0,0,0,0,0,0,0,0,0,0,0,0,0,0,0,0,0,0,0,0,0,0,0,0,0,0,0,0,0,0,0,0,0,0,0,0,0,0,0,0,0,0,0,0,0,0,0,0,0,0,0,0,0,0,0,0,0,0,0,0,0,0,0,0,0,0,0,0,0,0,0,0,0,0,0,0,0,0,0,0,0,0,757.1361,773.553,779.5505,804.2139,795.5927,798.6563,801.8989,805.1415,808.3842,811.6268,818.2525,828.059,837.8654,847.6719,857.4783,866.8401,866.9561,867.072,867.188,867.304,867.42,858.2924,842.3707,826.4491,810.5275,794.6057,779.7961,774.2809,768.7658,763.2507,757.7355,752.2204,752.2985,755.5593,719.4072,713.3753,710.7493,712.0402,704.8114,697.7231,690.7515,671.7728,635.5997,582.232,555.1355,514.7107,472.4092,441.5239,442.6036,407.0154,376.4804,0,0,0,0,0,0,0,0,0,0,0,0,0,0,0,0,0,0,0,0,0,0,0,0,0,0,0,0,0,0,0,0,0,0,0,0,0,0,0,0,0,0,0,0,0,0,0,0,0,0,0,0,0,0,0,0,0,0,0,0,0,0,0,0,0,0,0,0,0,0,0,0,0,0,0,0,0,0,0,0,0,0,0,0,0,0,0,0,0,0,0,0,0,0,0,0,0,0,0,0,0,0,0,0,0,0,0,0,0,0,0,0,0,0,0,0,0,0,0,0,0,0,0,0,0,0,0,0,0,0,0,0,0,0,0,0,0,0,0,0,0,0,0,0,0,0,0,0,0,0,0,0,0,0,0,0,0,0,0,0,0,0,0,0,0,0,0,0,0,0,0,0,0,0,0,0,0,0,0,0,0,0,0,0,0,0,0,0,0,0,0,0,0,0,0,0,0,0,0,0,0,0,0,0,0,0,0,0,0,0,0,0,0,0,0,0,0,0,0,0,0,
126,0,0,0,0,0,0,0,0,0,0,0,0,0,0,0,0,0,0,0,0,0,0,0,0,0,0,0,0,0,0,0,0,0,0,0,0,0,0,0,0,0,0,0,0,0,0,0,0,0,0,0,0,0,0,0,0,0,0,0,0,0,0,0,0,0,0,0,0,0,0,0,0,0,0,0,0,0,0,0,0,0,0,0,0,0,0,0,0,0,0,0,0,0,0,0,0,0,0,0,0,0,0,0,0,0,0,0,0,0,0,0,0,0,0,0,0,0,0,0,0,0,0,0,0,0,0,0,0,0,0,0,0,0,0,0,0,0,0,0,0,0,0,0,0,0,0,0,0,0,0,833.5903,825.3688,817.1473,808.9258,800.7043,792.4828,798.9822,805.7072,812.4322,819.1572,825.8821,831.796,836.9471,842.0983,847.2494,852.4005,857.2829,856.5754,855.868,855.1605,854.4531,853.7456,845.1805,830.8401,816.4998,802.1594,787.819,774.528,770.0089,765.4897,760.9706,756.4515,751.9324,726.0931,696.4504,683.7627,675.1929,677.4395,694.8293,686.9798,680.0495,673.8842,653.6885,613.4011,553.022,0,0,0,0,0,0,0,0,0,0,0,0,0,0,0,0,0,0,0,0,0,0,0,0,0,0,0,0,0,0,0,0,0,0,0,0,0,0,0,0,0,0,0,0,0,0,0,0,0,0,0,0,0,0,0,0,0,0,0,0,0,0,0,0,0,0,0,0,0,0,0,0,0,0,0,0,0,0,0,0,0,0,0,0,0,0,0,0,0,0,0,0,0,0,0,0,0,0,0,0,0,0,0,0,0,0,0,0,0,0,0,0,0,0,0,0,0,0,0,0,0,0,0,0,0,0,0,0,0,0,0,0,0,0,0,0,0,0,0,0,0,0,0,0,0,0,0,0,0,0,0,0,0,0,0,0,0,0,0,0,0,0,0,0,0,0,0,0,0,0,0,0,0,0,0,0,0,0,0,0,0,0,0,0,0,0,0,0,0,0,0,0,0,0,0,0,0,0,0,0,0,0,0,0,0,0,0,0,0,0,0,0,0,0,0,0,0,0,0,0,0,0,0,0,0,0,0,0,
127,0,0,0,0,0,0,0,0,0,0,0,0,0,0,0,0,0,0,0,0,0,0,0,0,0,0,0,0,0,0,0,0,0,0,0,0,0,0,0,0,0,0,0,0,0,0,0,0,0,0,0,0,0,0,0,0,0,0,0,0,0,0,0,0,0,0,0,0,0,0,0,0,0,0,0,0,0,0,0,0,0,0,0,0,0,0,0,0,0,0,0,0,0,0,0,0,0,0,0,0,0,0,0,0,0,0,0,0,0,0,0,0,0,0,0,0,0,0,0,0,0,0,0,0,0,0,0,0,0,0,0,0,0,0,0,0,0,0,0,0,0,0,0,0,0,0,0,0,0,0,819.4031,813.4641,807.525,801.5861,795.647,789.7079,799.751,810.0388,820.3266,830.6145,840.9023,846.0178,846.27,846.5222,846.7745,847.0267,847.1838,845.3629,843.5421,841.7212,839.9003,838.0795,830.1978,817.8616,805.5253,793.189,780.8527,769.4588,765.9417,762.4247,758.9076,755.3905,751.8734,654.2804,639.6305,620.9142,608.1513,615.4447,660.8452,651.1074,643.7741,638.4418,617.964,0,0,0,0,0,0,0,0,0,0,0,0,0,0,0,0,0,0,0,0,0,0,0,0,0,0,0,0,0,0,0,0,0,0,0,0,0,0,0,0,0,0,0,0,0,0,0,0,0,0,0,0,0,0,0,0,0,0,0,0,0,0,0,0,0,0,0,0,0,0,0,0,0,0,0,0,0,0,0,0,0,0,0,0,0,0,0,0,0,0,0,0,0,0,0,0,0,0,0,0,0,0,0,0,0,0,0,0,0,0,0,0,0,0,0,0,0,0,0,0,0,0,0,0,0,0,0,0,0,0,0,0,0,0,0,0,0,0,0,0,0,0,0,0,0,0,0,0,0,0,0,0,0,0,0,0,0,0,0,0,0,0,0,0,0,0,0,0,0,0,0,0,0,0,0,0,0,0,0,0,0,0,0,0,0,0,0,0,0,0,0,0,0,0,0,0,0,0,0,0,0,0,0,0,0,0,0,0,0,0,0,0,0,0,0,0,0,0,0,0,0,0,0,0,0,0,0,0,0,0,
128,0,0,0,0,0,0,0,0,0,0,0,0,0,0,0,0,0,0,0,0,0,0,0,0,0,0,0,0,0,0,0,0,0,0,0,0,0,0,0,0,0,0,0,0,0,0,0,0,0,0,0,0,0,0,0,0,0,0,0,0,0,0,0,0,0,0,0,0,0,0,0,0,0,0,0,0,0,0,0,0,0,0,0,0,0,0,0,0,0,0,0,0,0,0,0,0,0,0,0,0,0,0,0,0,0,0,0,0,0,0,0,0,0,0,0,0,0,0,0,0,0,0,0,0,0,0,0,0,0,0,0,0,0,0,0,0,0,0,0,0,0,0,0,0,0,0,0,0,0,0,805.2159,801.5594,797.9028,794.2463,790.5897,786.9332,800.5197,814.3704,828.2211,842.0718,855.9225,860.2397,855.593,850.9462,846.2995,841.6528,837.0846,834.1503,831.2161,828.2818,825.3475,822.4133,815.2151,804.8829,794.5508,784.2187,773.8865,764.3896,761.8746,735.3211,726.1591,709.9662,680.041,629.0189,605.3466,571.6621,0,523.3508,0,0,0,0,0,0,0,0,0,0,0,0,0,0,0,0,0,0,0,0,0,0,0,0,0,0,0,0,0,0,0,0,0,0,0,0,0,0,0,0,0,0,0,0,0,0,0,0,0,0,0,0,0,0,0,0,0,0,0,0,0,0,0,0,0,0,0,0,0,0,0,0,0,0,0,0,0,0,0,0,0,0,0,0,0,0,0,0,0,0,0,0,0,0,0,0,0,0,0,0,0,0,0,0,0,0,0,0,0,0,0,0,0,0,0,0,0,0,0,0,0,0,0,0,0,0,0,0,0,0,0,0,0,0,0,0,0,0,0,0,0,0,0,0,0,0,0,0,0,0,0,0,0,0,0,0,0,0,0,0,0,0,0,0,0,0,0,0,0,0,0,0,0,0,0,0,0,0,0,0,0,0,0,0,0,0,0,0,0,0,0,0,0,0,0,0,0,0,0,0,0,0,0,0,0,0,0,0,0,0,0,0,0,0,0,0,0,0,0,0,0,0,0,0,0,0,0,0,0,0,0,0,0,0,0,
129,0,0,0,0,0,0,0,0,0,0,0,0,0,0,0,0,0,0,0,0,0,0,0,0,0,0,0,0,0,0,0,0,0,0,0,0,0,0,0,0,0,0,0,0,0,0,0,0,0,0,0,0,0,0,0,0,0,0,0,0,0,0,0,0,0,0,0,0,0,0,0,0,0,0,0,0,0,0,0,0,0,0,0,0,0,0,0,0,0,0,0,0,0,0,0,0,0,0,0,0,0,0,0,0,0,0,0,0,0,0,0,0,0,0,0,0,0,0,0,0,0,0,0,0,0,0,0,0,0,0,0,0,0,0,0,0,0,0,0,555.6859,559.075,562.998,567.2449,578.5421,0,586.4965,0,0,0,0,803.6506,803.1845,802.7184,802.2524,801.7863,801.3203,808.4029,815.6013,822.7996,829.9979,837.1962,838.6702,834.7618,830.8535,826.9451,823.0367,819.2938,818.9917,818.6896,818.3876,818.0855,817.7834,811.1328,799.8158,788.4988,777.1819,765.8649,752.6282,722.0816,710.7769,699.4332,685.479,661.15,600.5084,571.8676,0,0,0,0,0,0,0,0,0,0,0,0,0,0,0,0,0,0,0,0,0,0,0,0,0,0,0,0,0,0,0,0,0,0,0,0,0,0,0,0,0,0,0,0,0,0,0,0,0,0,0,0,0,0,0,0,0,0,0,0,0,0,0,0,0,0,0,0,0,0,0,0,0,0,0,0,0,0,0,0,0,0,0,0,0,0,0,0,0,0,0,0,0,0,0,0,0,0,0,0,0,0,0,0,0,0,0,0,0,0,0,0,0,0,0,0,0,0,0,0,0,0,0,0,0,0,0,0,0,0,0,0,0,0,0,0,0,0,0,0,0,0,0,0,0,0,0,0,0,0,0,0,0,0,0,0,0,0,0,0,0,0,0,0,0,0,0,0,0,0,0,0,0,0,0,0,0,0,0,0,0,0,0,0,0,0,0,0,0,0,0,0,0,0,0,0,0,0,0,0,0,0,0,0,0,0,0,0,0,0,0,0,0,0,0,0,0,0,0,0,0,0,0,0,0,0,0,0,0,0,0,0,0,0,0,0,0,0,
130,0,0,0,0,0,0,0,0,0,0,0,0,0,0,0,0,0,0,0,0,0,0,0,0,0,0,0,0,0,0,0,0,0,0,0,0,0,0,0,0,0,0,0,0,0,0,0,0,0,0,0,0,0,0,0,0,0,0,0,0,0,0,0,0,0,0,0,0,0,0,0,0,0,0,0,0,0,0,0,0,0,0,0,0,0,0,0,0,0,0,0,0,0,0,0,0,0,0,0,0,0,0,0,0,0,0,0,0,0,0,0,0,0,0,0,0,0,0,0,0,0,0,0,0,0,0,0,0,0,0,0,0,0,0,0,0,0,0,647.1685,650.5086,654.3452,658.6782,663.3123,671.7597,684.3344,674.1308,683.105,705.7775,729.6421,770.4252,808.0354,811.1878,814.3403,817.4927,820.6452,823.7977,819.64,815.3703,811.1006,806.831,802.5613,800.2281,799.7156,799.2031,798.6906,798.178,797.877,801.9728,806.0687,810.1645,814.2604,818.3562,812.1889,798.4781,784.7674,771.0566,757.3459,737.7119,689.5745,673.3376,655.3669,642.8363,633.3634,564.5366,0,0,0,0,0,0,0,0,0,0,0,0,0,0,0,0,0,0,0,0,0,0,0,0,0,0,0,0,0,0,0,0,0,0,0,0,0,0,0,0,0,0,0,0,0,0,0,0,0,0,0,0,0,0,0,0,0,0,0,0,0,0,0,0,0,0,0,0,0,0,0,0,0,0,0,0,0,0,0,0,0,0,0,0,0,0,0,0,0,0,0,0,0,0,0,0,0,0,0,0,0,0,0,0,0,0,0,0,0,0,0,0,0,0,0,0,0,0,0,0,0,0,0,0,0,0,0,0,0,0,0,0,0,0,0,0,0,0,0,0,0,0,0,0,0,0,0,0,0,0,0,0,0,0,0,0,0,0,0,0,0,0,0,0,0,0,0,0,0,0,0,0,0,0,0,0,0,0,0,0,0,0,0,0,0,0,0,0,0,0,0,0,0,0,0,0,0,0,0,0,0,0,0,0,0,0,0,0,0,0,0,0,0,0,0,0,0,0,0,0,0,0,0,0,0,0,0,0,0,0,0,0,0,0,0,0,0,0,0,
131,0,0,0,0,0,0,0,0,0,0,0,0,0,0,0,0,0,0,0,0,0,0,0,0,0,0,0,0,0,0,0,0,0,0,0,0,0,0,0,0,0,0,0,0,0,0,0,0,0,0,0,0,0,0,0,0,0,0,0,0,0,0,0,0,0,0,0,0,0,0,0,0,0,0,0,0,0,0,0,0,0,0,0,0,0,0,0,0,0,0,0,0,0,0,0,0,0,0,0,0,0,0,0,0,0,0,0,0,0,0,0,0,0,0,0,0,0,0,0,0,0,0,0,0,0,0,0,0,0,0,0,0,0,0,0,683.8605,689.6696,692.7862,696.1382,699.7258,703.5489,707.6075,711.8089,718.488,727.8488,729.1027,737.8682,753.1656,780.7647,799.2552,812.42,819.1911,825.9621,832.7331,839.5042,846.2751,830.8771,815.1395,799.4018,783.6642,767.9265,761.7861,764.6694,767.5527,770.4361,773.3194,776.4601,784.954,793.4478,801.9415,810.4353,818.9291,813.2451,797.1406,781.0359,764.9314,748.8268,722.7955,644.7032,618.6472,584.5441,561.4466,569.9943,0,0,0,0,0,0,0,0,0,0,0,0,0,0,0,0,0,0,0,0,0,0,0,0,0,0,0,0,0,0,0,0,0,0,0,0,0,0,0,0,0,0,0,0,0,0,0,0,0,0,0,0,0,0,0,0,0,0,0,0,0,0,0,0,0,0,0,0,0,0,0,0,0,0,0,0,0,0,0,0,0,0,0,0,0,0,0,0,0,0,0,0,0,0,0,0,0,0,0,0,0,0,0,0,0,0,0,0,0,0,0,0,0,0,0,0,0,0,0,0,0,0,0,0,0,0,0,0,0,0,0,0,0,0,0,0,0,0,0,0,0,0,0,0,0,0,0,0,0,0,0,0,0,0,0,0,0,0,0,0,0,0,0,0,0,0,0,0,0,0,0,0,0,0,0,0,0,0,0,0,0,0,0,0,0,0,0,0,0,0,0,0,0,0,0,0,0,0,0,0,0,0,0,0,0,0,0,0,0,0,0,0,0,0,0,0,0,0,0,0,0,0,0,0,0,0,0,0,0,0,0,0,0,0,0,0,0,0,0,0,
132,0,0,0,0,0,0,0,0,0,0,0,0,0,0,0,0,0,0,0,0,0,0,0,0,0,0,0,0,0,0,0,0,0,0,0,0,0,0,0,0,0,0,0,0,0,0,0,0,0,0,0,0,0,0,0,0,0,0,0,0,0,0,0,0,0,0,0,0,0,0,0,0,0,0,0,0,0,0,0,0,0,0,0,0,0,0,0,0,0,0,0,0,0,0,0,0,0,0,0,0,0,0,0,0,0,0,0,0,0,0,0,0,0,0,0,0,0,0,0,0,0,0,0,0,0,0,0,0,0,0,0,0,0,646.9091,821.8857,825.1871,828.4884,831.7897,835.0911,839.2215,844.63,850.0386,855.4471,860.8557,866.2642,858.3689,849.3782,840.3876,831.397,822.4064,819.962,825.3768,830.7916,836.2064,841.6212,847.0359,827.7587,808.1033,788.4479,768.7924,749.137,742.0086,746.6589,751.3092,755.9595,760.6098,765.511,775.6292,785.7473,795.8655,805.9836,816.1018,807.8865,786.1964,764.5063,742.8162,721.126,688.0436,595.3352,0,0,0,0,0,0,0,0,0,0,0,0,0,0,0,0,0,0,0,0,0,0,0,0,0,0,0,0,0,0,0,0,0,0,0,0,0,0,0,0,0,0,0,0,0,0,0,0,0,0,0,0,0,0,0,0,0,0,0,0,0,0,0,0,0,0,0,0,0,0,0,0,0,0,0,0,0,0,0,0,0,0,0,0,0,0,0,0,0,0,0,0,0,0,0,0,0,0,0,0,0,0,0,0,0,0,0,0,0,0,0,0,0,0,0,0,0,0,0,0,0,0,0,0,0,0,0,0,0,0,0,0,0,0,0,0,0,0,0,0,0,0,0,0,0,0,0,0,0,0,0,0,0,0,0,0,0,0,0,0,0,0,0,0,0,0,0,0,0,0,0,0,0,0,0,0,0,0,0,0,0,0,0,0,0,0,0,0,0,0,0,0,0,0,0,0,0,0,0,0,0,0,0,0,0,0,0,0,0,0,0,0,0,0,0,0,0,0,0,0,0,0,0,0,0,0,0,0,0,0,0,0,0,0,0,0,0,0,0,0,0,0,0,0,
133,0,0,0,0,0,0,0,0,0,0,0,0,0,0,0,0,0,0,0,0,0,0,0,0,0,0,0,0,0,0,0,0,0,0,0,0,0,0,0,0,0,0,0,0,0,0,0,0,0,0,0,500.998,0,0,448.7753,447.8587,0,0,0,0,0,0,0,0,0,0,0,0,0,0,0,0,0,0,0,0,0,0,0,0,0,0,0,0,0,0,0,0,0,0,0,0,0,0,0,0,0,0,0,0,0,0,0,0,0,0,0,0,0,0,0,0,0,0,0,0,0,0,0,0,0,0,0,0,0,0,0,708.9519,0,678.5043,682.3021,705.2814,723.4755,804.6258,821.4676,827.107,832.7465,838.3859,844.0255,848.5884,851.4918,854.3952,857.2986,860.202,863.1054,858.3628,852.9907,847.6187,842.2466,836.8746,832.3314,828.7833,825.2352,821.6871,818.1392,814.5911,802.6903,790.6616,778.633,766.6043,754.5756,750.7702,754.6968,758.6234,762.55,766.4766,770.5673,778.0689,785.5706,793.0722,800.5739,808.0756,792.7197,760.5636,728.4075,696.2515,664.0954,622.9622,545.6953,0,0,0,0,0,0,0,0,0,0,0,0,0,0,0,0,0,0,0,0,0,0,0,0,0,0,0,0,0,0,0,0,0,0,0,0,0,0,0,0,0,0,0,0,0,0,0,0,0,0,0,0,0,0,0,0,0,0,0,0,0,0,0,0,0,0,0,0,0,0,0,0,0,0,0,0,0,0,0,0,0,0,0,0,0,0,0,0,0,0,0,0,0,0,0,0,0,0,0,0,0,0,0,0,0,0,0,0,0,0,0,0,0,0,0,0,0,0,0,0,0,0,0,0,0,0,0,0,0,0,0,0,0,0,0,0,0,0,0,0,0,0,0,0,0,0,0,0,0,0,0,0,0,0,0,0,0,0,0,0,0,0,0,0,0,0,0,0,0,0,0,0,0,0,0,0,0,0,0,0,0,0,0,0,0,0,0,0,0,0,0,0,0,0,0,0,0,0,0,0,0,0,0,0,0,0,0,0,0,0,0,0,0,0,0,0,0,0,0,0,0,0,0,0,0,0,0,0,0,0,0,0,0,0,0,0,0,0,0,0,0,0,0,0,
134,0,0,0,0,0,0,0,0,0,0,0,0,0,0,0,0,0,0,0,0,0,0,0,0,0,0,0,0,0,0,0,0,0,0,0,0,0,0,0,0,0,0,0,0,0,484.8224,513.8483,0,0,0,509.952,493.4016,0,0,449.5468,0,0,0,0,0,0,0,0,0,0,0,0,0,0,0,0,0,0,0,0,0,0,0,0,0,0,0,0,0,0,759.035,767.0452,774.8705,781.6737,786.8256,790.3262,792.1755,792.3735,788.1757,758.7913,0,0,0,0,0,0,0,0,0,0,0,0,0,0,0,0,0,0,0,0,0,0,0,0,0,641.806,677.0668,696.0306,744.868,766.4988,760.9227,751.7101,747.7624,749.0797,735.3703,740.261,757.1872,772.0182,808.3309,821.0494,829.027,837.0046,844.9822,852.9598,857.9553,858.3536,858.7518,859.1501,859.5483,859.9466,858.3568,856.6033,854.8497,853.0962,851.3427,844.7007,832.1898,819.6789,807.168,794.6571,782.1462,777.6219,773.22,768.8181,764.4161,760.0142,759.5319,762.7347,765.9376,769.1405,772.3433,775.6234,780.5087,785.3939,790.2791,795.1642,800.0494,777.5529,734.9308,692.3088,649.6868,607.0648,557.8809,501.7758,463.4097,0,0,0,0,0,0,0,0,0,0,0,0,0,0,0,0,0,0,0,0,0,0,0,0,0,0,0,0,0,0,0,0,0,0,0,0,0,0,0,0,0,0,0,0,0,0,0,0,0,0,0,0,0,0,0,0,0,0,0,0,0,0,0,0,0,0,0,0,0,0,0,0,0,0,0,0,0,0,0,0,0,0,0,0,0,0,0,0,0,0,0,0,0,0,0,0,0,0,0,0,0,0,0,0,0,0,0,0,0,0,0,0,0,0,0,0,0,0,0,0,0,0,0,0,0,0,0,0,0,0,0,0,0,0,0,0,0,0,0,0,0,0,0,0,0,0,0,0,0,0,0,0,0,0,0,0,0,0,0,0,0,0,0,0,0,0,0,0,0,0,0,0,0,0,0,0,0,0,0,0,0,0,0,0,0,0,0,0,0,0,0,0,0,0,0,0,0,0,0,0,0,0,0,0,0,0,0,0,0,0,0,0,0,0,0,0,0,0,0,0,0,0,0,0,0,0,0,0,0,0,0,0,0,0,0,0,0,0,0,0,0,0,0,
135,0,0,0,0,0,0,0,0,0,0,0,0,0,0,0,0,0,0,0,0,0,0,0,0,0,0,0,0,0,0,0,0,0,0,0,0,0,0,0,0,0,0,0,0,0,0,492.3111,0,0,0,478.6128,463.0603,0,0,420.3517,409.6654,405.4667,407.7557,0,0,0,0,0,0,0,0,0,0,0,0,0,0,0,0,0,0,0,0,0,0,729.9039,0,0,765.4994,773.7275,781.3035,788.2274,794.5568,800.0565,804.2159,807.035,808.5137,808.652,804.9929,779.3564,731.7427,709.6215,0,0,0,0,0,0,0,0,0,0,0,0,0,0,0,0,0,0,0,0,0,592.7093,628.4444,678.5665,710.7734,728.4479,770.3577,788.6366,783.2845,774.6755,770.3436,770.2889,767.6227,773.0595,784.3057,809.8984,812.4613,821.2393,831.004,840.7689,850.5337,860.2985,865.3923,863.2854,861.1786,859.0717,856.9648,854.8579,856.032,857.476,858.9201,860.3642,861.8083,853.575,833.723,813.8711,794.0192,774.1672,754.3152,756.3566,758.7335,761.1103,763.4871,765.8639,768.0925,770.1816,772.2709,774.36,776.4492,778.5594,781.1067,783.654,786.2012,788.7485,791.2958,762.4152,710.4353,658.4554,606.4755,554.4956,498.1441,464.4272,426.9747,0,0,0,0,0,0,0,0,0,0,0,0,0,0,0,0,0,0,0,0,0,0,0,0,0,0,0,0,0,0,0,0,0,0,0,0,0,0,0,0,0,0,0,0,0,0,0,0,0,0,0,0,0,0,0,0,0,0,0,0,0,0,0,0,0,0,0,0,0,0,0,0,0,0,0,0,0,0,0,0,0,0,0,0,0,0,0,0,0,0,0,0,0,0,0,0,0,0,0,0,0,0,0,0,0,0,0,0,0,0,0,0,0,0,0,0,0,0,0,0,0,0,0,0,0,0,0,0,0,0,0,0,0,0,0,0,0,0,0,0,0,0,0,0,0,0,0,0,0,0,0,0,0,0,0,0,0,0,0,0,0,0,0,0,0,0,0,0,0,0,0,0,0,0,0,0,0,0,0,0,0,0,0,0,0,0,0,0,0,0,0,0,0,0,0,0,0,0,0,0,0,0,0,0,0,0,0,0,0,0,0,0,0,0,0,0,0,0,0,0,0,0,0,0,0,0,0,0,0,0,0,0,0,0,0,0,0,0,0,0,0,0,0,
136,0,0,0,0,0,0,0,0,0,0,0,0,0,0,0,0,0,0,0,0,0,0,0,0,0,0,0,0,0,0,0,0,0,0,376.1462,368.6676,349.8187,356.8997,354.6545,351.3871,350.4602,354.7993,379.9587,455.2921,0,0,608.9065,0,0,612.0139,591.9639,572.7281,554.3063,536.6985,0,506.6876,0,0,0,0,0,0,0,0,0,0,0,0,568.094,574.8254,586.2666,600.1608,0,637.1248,607.6473,611.8572,633.7529,656.1662,672.9315,782.3396,792.9039,803.4683,814.0327,824.597,834.7487,840.6543,846.5599,852.4655,858.3712,864.2768,866.3016,865.9388,865.5759,865.2129,864.85,753.0972,736.6679,711.0446,675.3107,656.2299,671.2269,652.8281,642.0466,638.8826,638.5107,0,0,0,0,0,0,0,0,0,0,0,0,0,685.4575,695.1597,723.9453,744.2174,755.1915,862.2142,852.0842,841.9542,831.8242,821.6943,815.2477,816.1962,817.1447,818.0933,819.0417,819.9903,826.289,833.4373,840.5856,847.7339,854.8823,857.4034,852.7914,848.1794,843.5674,838.9554,834.3434,835.1725,836.4496,837.7266,839.0037,840.2808,834.5114,820.2822,806.0529,791.8236,777.5943,763.3651,765.4913,767.8681,770.2449,772.6217,774.9985,775.0464,772.9047,770.7631,768.6213,766.4796,764.548,766.9839,769.4198,771.8557,774.2916,776.7275,747.511,695.0301,642.5491,590.0683,537.5873,481.1274,434.9499,398.36,0,0,0,0,0,0,0,0,0,0,0,0,0,0,0,0,0,0,0,0,0,0,0,0,0,0,0,0,0,0,0,0,0,0,0,0,0,0,0,0,0,0,0,0,0,0,0,0,0,0,0,0,0,0,0,0,0,0,0,0,0,0,0,0,0,0,0,0,0,0,0,0,0,0,0,0,0,0,0,0,0,0,0,0,0,0,0,0,0,0,0,0,0,0,0,0,0,0,0,0,0,0,0,0,0,0,0,0,0,0,0,0,0,0,0,0,0,0,0,0,0,0,0,0,0,0,0,0,0,0,0,0,0,0,0,0,0,0,0,0,0,0,0,0,0,0,0,0,0,0,0,0,0,0,0,0,0,0,0,0,0,0,0,0,0,0,0,0,0,0,0,0,0,0,0,0,0,0,0,0,0,0,0,0,0,0,0,0,0,0,0,0,0,0,0,0,0,0,0,0,0,0,0,0,0,0,0,0,0,0,0,0,0,0,0,0,0,0,0,0,0,0,0,0,0,0,0,0,0,0,0,0,0,0,0,0,0,0,0,0,0,0,0,
137,0,0,0,0,0,0,0,0,0,0,0,0,0,0,0,0,0,0,0,0,0,0,0,0,0,0,0,0,318.8049,331.7257,362.6472,380.3833,398.7618,401.0906,414.4377,384.8153,0,0,0,0,358.0574,347.8259,405.7125,470.0975,518.7832,545.9016,605.1184,637.7878,643.91,633.4449,622.3072,610.4268,597.8036,584.4379,570.3293,559.4238,556.0226,560.1255,571.7328,0,0,0,0,0,643.2599,634.2361,627.2675,624.8701,627.0439,633.789,645.1052,658.7527,0,689.5837,681.6766,688.4173,705.5975,724.0524,760.8477,789.7529,801.5977,813.4424,825.2872,837.132,848.0906,849.9323,851.774,853.6157,855.4574,857.2991,857.8794,857.6835,857.4876,857.2917,857.0958,847.6647,790.0444,766.8922,737.5032,719.7289,719.8567,707.2882,699.85,697.5421,697.2204,698.5364,701.4902,706.0818,712.311,0,0,0,0,0,0,744.8467,751.8057,762.7806,755.1312,765.9046,789.0583,806.8609,859.3005,864.8403,857.6052,850.37,843.1348,835.8997,830.8487,830.1828,829.5169,828.851,828.1851,827.5192,831.3387,835.8706,840.4024,844.9343,849.4661,849.4146,842.2974,835.1803,828.0631,820.9459,813.8288,814.313,815.4232,816.5332,817.6433,818.7534,815.4479,806.8413,798.2347,789.6281,781.0214,772.4148,774.6259,777.0027,779.3795,781.7563,784.1331,782.0005,775.6279,769.2552,762.8826,756.5099,750.5364,752.861,755.1856,757.5102,759.8348,762.1594,732.6069,679.6249,626.6429,573.661,520.6791,464.1107,419.7074,383.8724,0,0,0,0,0,0,0,0,0,0,0,0,0,0,0,0,0,0,0,0,0,0,0,0,0,0,0,0,0,0,0,0,0,0,0,0,0,0,0,0,0,0,0,0,0,0,0,0,0,0,0,0,0,0,0,0,0,0,0,0,0,0,0,0,0,0,0,0,0,0,0,0,0,0,0,0,0,0,0,0,0,0,0,0,0,0,0,0,0,0,0,0,0,0,0,0,0,0,0,0,0,0,0,0,0,0,0,0,0,0,0,0,0,0,0,0,0,0,0,0,0,0,0,0,0,0,0,0,0,0,0,0,0,0,0,0,0,0,0,0,0,0,0,0,0,0,0,0,0,0,0,0,0,0,0,0,0,0,0,0,0,0,0,0,0,0,0,0,0,0,0,0,0,0,0,0,0,0,0,0,0,0,0,0,0,0,0,0,0,0,0,0,0,0,0,0,0,0,0,0,0,0,0,0,0,0,0,0,0,0,0,0,0,0,0,0,0,0,0,0,0,0,0,0,0,0,0,0,0,0,0,0,0,0,0,0,0,0,0,0,0,0,0,
138,0,0,0,0,0,0,0,0,0,0,0,0,0,0,0,0,0,0,0,0,0,0,0,0,0,0,342.634,302.0017,261.3694,327.5149,369.4018,394.8326,409.1331,427.1034,0,0,0,0,0,0,0,0,0,470.0975,518.7832,545.9016,605.1184,633.1328,637.6098,630.7724,624.6457,618.8405,615.811,609.7852,600.7631,594.1397,593.6639,599.3358,611.1552,629.1223,0,0,0,0,678.6399,671.0536,665.2657,663.4869,665.7173,671.957,682.206,694.4844,707.2493,720.5007,725.4166,734.562,747.3734,778.6616,786.4149,797.1662,810.2914,823.4166,836.5417,849.6669,861.4325,859.2103,856.9882,854.7659,852.5438,850.3215,849.4572,849.4283,849.3994,849.3705,849.3416,846.9714,831.2885,785.1959,765.8257,752.0463,745.824,737.1216,731.944,730.2913,730.069,731.2849,733.939,738.0312,743.5615,750.2272,756.15,0,0,0,769.8161,772.2439,777.5251,785.6599,789.1154,799.6459,815.655,860.0784,869.1509,867.4664,863.1261,858.7858,854.4454,850.1052,846.4497,844.1694,841.8891,839.6088,837.3285,835.0482,836.3885,838.3039,840.2192,842.1346,844.0499,841.4257,831.8035,822.1811,812.5588,802.9365,793.3142,793.4536,794.3967,795.3398,796.2828,797.2259,796.3844,793.4005,790.4165,787.4325,784.4485,781.4646,783.7605,786.1373,788.5142,790.8909,793.2677,788.9545,778.351,767.7474,757.1439,746.5403,736.525,738.7382,740.9514,743.1647,745.3779,747.5911,717.7027,664.2197,610.7368,557.2538,503.7708,447.094,419.1556,383.9616,0,0,0,0,0,0,0,0,0,0,0,0,0,0,0,0,0,0,0,0,0,0,0,0,0,0,0,0,0,0,0,0,0,0,0,0,0,0,0,0,0,0,0,0,0,0,0,0,0,0,0,0,0,0,0,0,0,0,0,0,0,0,0,0,0,0,0,0,0,0,0,0,0,0,0,0,0,0,0,0,0,0,0,0,0,0,0,0,0,0,0,0,0,0,0,0,0,0,0,0,0,0,0,0,0,0,0,0,0,0,0,0,0,0,0,0,0,0,0,0,0,0,0,0,0,0,0,0,0,0,0,0,0,0,0,0,0,0,0,0,0,0,0,0,0,0,0,0,0,0,0,0,0,0,0,0,0,0,0,0,0,0,0,0,0,0,0,0,0,0,0,0,0,0,0,0,0,0,0,0,0,0,0,0,0,0,0,0,0,0,0,0,0,0,0,0,0,0,0,0,0,0,0,0,0,0,0,0,0,0,0,0,0,0,0,0,0,0,0,0,0,0,0,0,0,0,0,0,0,0,0,0,0,0,0,0,0,0,0,0,0,0,0,
139,0,0,0,0,0,0,0,0,0,0,540.7123,544.3145,0,0,558.3858,564.1644,570.3824,575.2148,578.1299,579.1278,578.2085,575.3719,566.9321,0,489.9706,469.4623,433.457,372.6434,332.8997,364.9733,0,0,0,0,0,0,0,0,0,0,0,0,0,0,0,0,0,622.3784,623.053,618.9954,616.8151,696.6652,689.3822,680.2804,671.1786,662.0769,652.9751,657.9709,681.1918,704.4125,727.6332,750.8539,774.0747,766.8799,758.6355,750.3911,742.1467,733.9023,736.3312,749.5568,762.7824,776.0079,789.2336,802.1027,802.4224,802.7419,803.0616,803.3812,803.7009,808.3361,816.3885,824.4408,832.4931,840.5455,847.5967,844.3492,841.1016,837.854,834.6064,831.3588,829.3807,828.1838,826.9868,825.7898,824.5928,823.3765,822.0508,820.7252,819.3995,818.0739,816.7482,815.9528,815.407,814.8611,814.3152,813.7694,814.8455,822.0035,829.1614,836.3194,843.4774,850.6354,853.8069,855.5852,857.3635,859.1419,860.9202,862.0643,861.5065,860.9488,860.391,859.8333,859.2756,858.0059,856.5604,855.1149,853.6694,852.2239,850.3468,847.603,844.8592,842.1154,839.3716,836.6279,834.1768,831.7722,829.3677,826.9631,824.5585,820.5203,813.9635,807.4066,800.8497,794.2929,787.7361,788.8051,790.5019,792.1987,793.8956,795.5923,795.5414,793.3922,791.2429,789.0936,786.9443,784.795,785.8793,787.0131,788.1469,789.2806,790.4144,785.8809,776.0185,766.1562,756.2938,746.4315,736.9745,735.9458,734.9171,733.8884,732.8597,731.8311,704.7118,658.4161,612.1205,565.8249,519.5292,468.8384,426.2984,0,0,0,0,0,0,0,0,0,0,0,0,0,0,0,0,0,0,0,0,0,0,0,0,0,0,0,0,0,0,0,0,0,0,0,0,0,0,0,0,0,0,0,0,0,0,0,0,0,0,0,0,0,0,0,0,0,0,0,0,0,0,0,0,0,0,0,0,0,0,0,0,0,0,0,0,0,0,0,0,0,0,0,0,0,0,0,0,0,0,0,0,0,0,0,0,0,0,0,0,0,0,0,0,0,0,0,0,0,0,0,0,0,0,0,0,0,0,0,0,0,0,0,0,0,0,0,0,0,0,0,0,0,0,0,0,0,0,0,0,0,0,0,0,0,0,0,0,0,0,0,0,0,0,0,0,0,0,0,0,0,0,0,0,0,0,0,0,0,0,0,0,0,0,0,0,0,0,0,0,0,0,0,0,0,0,0,0,0,0,0,0,0,0,0,0,0,0,0,0,0,0,0,0,0,0,0,0,0,0,0,0,0,0,0,0,0,0,0,0,0,0,0,0,0,0,0,0,0,0,0,0,0,0,0,0,0,0,0,0,0,0,0,0,
140,347.0517,345.3923,346.5501,342.6,391.6931,0,0,512.3847,565.6195,0,608.774,612.8001,617.5516,623.0286,629.2311,636.1589,643.6728,649.5804,653.2655,654.7282,653.9685,650.9864,642.0159,611.8309,560.4318,538.6926,503.6602,454.2159,0,0,0,0,0,0,0,0,0,0,0,0,0,0,0,0,0,0,0,651.5012,643.4352,641.9382,643.2534,671.5123,681.431,686.7477,692.0644,697.3812,702.6979,712.5457,728.2509,743.9562,759.6616,775.3669,791.0722,788.3085,784.9073,781.5062,778.105,774.7039,777.0777,785.2929,793.5082,801.7235,809.9388,817.9345,818.1984,818.4624,818.7264,818.9904,819.2543,820.292,821.9423,823.5926,825.2429,826.8931,828.0751,824.4378,820.8005,817.1633,813.526,809.8887,806.8661,804.2217,801.5773,798.9329,796.2885,794.9903,801.3471,807.7039,814.0606,820.4174,826.7741,828.7396,828.6392,828.5386,828.4382,828.3376,829.1207,833.2169,837.313,841.4091,845.5053,849.6014,851.4437,852.4983,853.5529,854.6075,855.6622,855.8558,853.7393,851.6228,849.5063,847.3898,845.2733,846.0166,847.4659,848.9153,850.3647,851.814,851.7952,848.8287,845.8622,842.8958,839.9293,836.9628,830.4458,823.365,816.2842,809.2033,802.1226,796.9125,794.5866,792.2606,789.9348,787.6088,785.2828,787.5481,790.1913,792.8345,795.4777,798.1209,798.5104,796.1941,793.8779,791.5615,789.2453,786.929,786.5303,786.161,785.7917,785.4224,785.0532,780.7093,772.6284,764.5475,756.4666,748.3857,740.4495,735.5239,730.5984,725.6728,720.7473,715.8216,692.1213,654.6214,617.1216,579.6218,542.1219,498.6923,0,0,0,0,0,0,0,0,0,0,0,0,0,0,0,0,0,0,0,0,0,0,0,0,0,0,0,0,0,0,0,0,0,0,0,0,0,0,0,0,0,0,0,0,0,0,0,0,0,0,0,0,0,0,0,0,0,0,0,0,0,0,0,0,0,0,0,0,0,0,0,0,0,0,0,0,0,0,0,0,0,0,0,0,0,0,0,0,0,0,0,0,0,0,0,0,0,0,0,0,0,0,0,0,0,0,0,0,0,0,0,0,0,0,0,0,0,0,0,0,0,0,0,0,0,0,0,0,0,0,0,0,0,0,0,0,0,0,0,0,0,0,0,0,0,0,0,0,0,0,0,0,0,0,0,0,0,0,0,0,0,0,0,0,0,0,0,0,0,0,0,0,0,0,0,0,0,0,0,0,0,0,0,0,0,0,0,0,0,0,0,0,0,0,0,0,0,0,0,0,0,0,0,0,0,0,0,0,0,0,0,0,0,0,0,0,0,0,0,0,0,0,0,0,0,0,0,0,0,0,0,0,0,0,0,0,0,0,0,0,0,0,0,0,0,
141,0,366.3716,373.9125,357.1669,414.1988,471.2306,510.0457,534.1259,589.5731,622.9986,634.4026,638.5437,643.6485,649.7169,656.749,664.7447,673.5188,680.5341,685.1159,687.2643,686.9791,684.2606,675.8903,647.8666,600.1895,0,0,0,0,0,0,0,0,0,0,0,0,0,0,0,0,0,0,0,0,0,0,0,594.1485,614.5433,630.322,646.3594,673.4798,693.215,712.9503,732.6854,752.4206,767.1202,775.3102,783.5,791.6899,799.8798,808.0697,809.7369,811.1791,812.6212,814.0634,815.5056,817.824,821.0291,824.2341,827.4391,830.644,833.7664,833.9746,834.1829,834.3912,834.5994,834.8077,832.2479,827.4961,822.7444,817.9926,813.2409,808.5533,804.5264,800.4995,796.4725,792.4456,788.4186,784.3514,780.2596,776.1678,772.076,767.9842,766.6041,780.6433,794.6825,808.7217,822.7609,836.8001,841.5265,841.8714,842.2162,842.5611,842.906,843.396,844.4303,845.4646,846.4988,847.5331,848.5674,849.0805,849.4114,849.7423,850.0732,850.4041,849.6473,845.972,842.2968,838.6216,834.9464,831.2711,834.0273,838.3715,842.7158,847.0599,851.4041,853.2436,850.0544,846.8653,843.6761,840.4869,837.2978,826.7148,814.9578,803.2007,791.4436,779.6865,773.3047,775.2097,777.1147,779.0197,780.9247,782.8297,786.2911,789.8807,793.4703,797.0598,800.6494,801.4794,798.9961,796.5128,794.0295,791.5462,789.0629,787.1813,785.309,783.4365,781.5641,779.6918,775.5377,769.2382,762.9387,756.6392,750.3398,743.9246,735.1021,726.2796,717.4572,708.6347,699.8123,679.5307,650.8267,622.1227,593.4187,564.7147,528.5461,0,0,0,0,0,0,0,0,0,0,0,0,0,0,0,0,0,0,0,0,0,0,0,0,0,0,0,0,0,0,0,0,0,0,0,0,0,0,0,0,0,0,0,0,0,0,0,0,0,0,0,0,0,0,0,0,0,0,0,0,0,0,0,0,0,0,0,0,0,0,0,0,0,0,0,0,0,0,0,0,0,0,0,0,0,0,0,0,0,0,0,0,0,0,0,0,0,0,0,0,0,0,0,0,0,0,0,0,0,0,0,0,0,0,0,0,0,0,0,0,0,0,0,0,0,0,0,0,0,0,0,0,0,0,0,0,0,0,0,0,0,0,0,0,0,0,0,0,0,0,0,0,0,0,0,0,0,0,0,0,0,0,0,0,0,0,0,0,0,0,0,0,0,0,0,0,0,0,0,0,0,0,0,0,0,0,0,0,0,0,0,0,0,0,0,0,0,0,0,0,0,0,0,0,0,0,0,0,0,0,0,0,0,0,0,0,0,0,0,0,0,0,0,0,0,0,0,0,0,0,0,0,0,0,0,0,0,0,0,0,0,0,0,0,0,
142,0,0,0,0,0,477.8862,517.2305,541.6166,735.5686,740.2331,744.8976,749.5621,754.2266,759.9373,770.0427,780.1481,790.2535,800.3589,810.4643,810.3326,806.274,802.2153,798.1567,794.098,627.666,612.2549,588.5215,557.0593,536.4767,0,0,0,0,0,0,0,0,0,0,0,0,0,0,0,0,0,0,561.9119,585.7413,614.3367,634.843,656.9338,685.8483,707.4019,728.9556,750.5092,772.0628,785.7355,789.22,792.7046,796.1891,799.6737,803.1582,806.1081,809.0396,811.971,814.9025,817.8339,819.9427,821.2195,822.4963,823.773,825.0497,826.3097,826.976,827.6422,828.3085,828.9748,829.6411,825.1946,816.6998,808.2051,799.7103,791.2155,783.2293,780.4745,777.7197,774.965,772.2103,769.4555,766.5295,763.4982,760.4669,757.4355,754.4042,753.8865,767.6613,781.4362,795.211,808.9858,822.7607,826.5135,825.5513,824.5889,823.6266,822.6643,822.1903,823.5469,824.9036,826.2602,827.6168,828.9734,829.3472,829.3774,829.4077,829.4379,829.4681,828.5284,824.9865,821.4446,817.9028,814.3608,810.8189,814.0815,819.0241,823.9667,828.9093,833.8519,836.7803,835.6649,834.5495,833.4341,832.3187,831.2032,821.3539,810.1177,798.8815,787.6453,776.4092,771.3066,775.6597,780.0129,784.366,788.7192,793.0723,795.5284,797.8284,800.1285,802.4284,804.7284,803.9138,799.3599,794.806,790.2521,785.6982,781.1443,781.2925,781.5128,781.733,781.9532,782.1735,778.0205,769.7557,761.4908,753.226,744.9612,736.4227,722.1924,707.9623,693.7322,679.502,665.2719,648.1348,628.8613,609.5876,590.314,571.0404,543.0063,0,0,0,0,0,0,0,0,0,0,0,0,0,0,0,0,0,0,0,0,0,0,0,0,0,0,0,0,0,0,0,0,0,0,0,0,0,0,0,0,0,0,0,0,0,0,0,0,0,0,0,0,0,0,0,0,0,0,0,0,0,0,0,0,0,0,0,0,0,0,0,0,0,0,0,0,0,0,0,0,0,0,0,0,0,0,0,0,0,0,0,0,0,0,0,0,0,0,0,0,0,0,0,0,0,0,0,0,0,0,0,0,0,0,0,0,0,0,0,0,0,0,0,0,0,0,0,0,0,0,0,0,0,0,0,0,0,0,0,0,0,0,0,0,0,0,0,0,0,0,0,0,0,0,0,0,0,0,0,0,0,0,0,0,0,0,0,0,0,0,0,0,0,0,0,0,0,0,0,0,0,0,0,0,0,0,0,0,0,0,0,0,0,0,0,0,0,0,0,0,0,0,0,0,0,0,0,0,0,0,0,0,0,0,0,0,0,0,0,0,0,0,0,0,0,0,0,0,0,0,0,0,0,0,0,0,0,0,0,0,0,0,0,0,0,
143,0,0,0,0,0,516.4406,557.9385,656.9071,702.9614,707.1248,711.2883,715.4518,719.6153,725.3922,737.947,750.502,763.0569,775.6118,788.1666,789.6395,786.8613,784.083,781.3047,778.5265,756.7925,687.4952,669.387,648.6909,631.5023,616.684,0,0,0,0,0,0,0,0,0,0,0,0,0,0,0,0,617.1046,626.2957,636.5248,651.0781,663.5767,697.6049,715.3341,728.0919,740.8497,753.6074,766.3652,774.0587,775.2051,776.3514,777.4979,778.6443,779.7907,781.3711,782.9665,784.5619,786.1572,787.7526,789.5217,791.4665,793.4113,795.356,797.3008,799.2349,800.7919,802.3489,803.9059,805.4629,807.0199,802.1281,792.1303,782.1324,772.1346,762.1368,753.0173,752.9347,752.8521,752.7695,752.6868,752.6042,752.6606,752.8025,752.9443,753.0862,753.2281,754.3682,761.1843,768.0004,774.8165,781.6326,788.4487,788.0822,784.3364,780.5906,776.8448,773.099,771.0955,775.6254,780.1552,784.685,789.2148,793.7447,794.9814,795.0673,795.1532,795.2391,795.325,794.8491,792.8659,790.8828,788.8997,786.9165,784.9333,787.4331,791.0396,794.6461,798.2526,801.8591,805.2283,808.1212,811.014,813.9068,816.7996,819.6924,814.62,808.2828,801.9456,795.6083,789.2711,787.5123,792.8119,798.1114,803.4109,808.7104,814.0099,813.6063,812.733,811.8599,810.9866,810.1134,805.898,797.6699,789.4418,781.2136,772.9856,764.7574,769.8945,775.2365,780.5782,785.9202,791.262,786.9513,773.5649,760.1784,746.7919,733.4055,719.6738,698.7632,677.8527,656.9422,636.0317,615.1212,600.8975,591.5889,582.2802,572.9714,563.6628,544.499,472.333,0,0,0,0,0,0,0,0,0,0,0,0,0,0,0,0,0,0,0,0,0,0,0,0,0,0,0,0,0,0,0,0,0,0,0,0,0,0,0,0,0,0,0,0,0,0,0,0,0,0,0,0,0,0,0,0,0,0,0,0,0,0,0,0,0,0,0,0,0,0,0,0,0,0,0,0,0,0,0,0,0,0,0,0,0,0,0,0,0,0,0,0,0,0,0,0,0,0,0,0,0,0,0,0,0,0,0,0,0,0,0,0,0,0,0,0,0,0,0,0,0,0,0,0,0,0,0,0,0,0,0,0,0,0,0,0,0,0,0,0,0,0,0,0,0,0,0,0,0,0,0,0,0,0,0,0,0,0,0,0,0,0,0,0,0,0,0,0,0,0,0,0,0,0,0,0,0,0,0,0,0,0,0,0,0,0,0,0,0,0,0,0,0,0,0,0,0,0,0,0,0,0,0,0,0,0,0,0,0,0,0,0,0,0,0,0,0,0,0,0,0,0,0,0,0,0,0,0,0,0,0,0,0,0,0,0,0,0,0,0,0,0,0,0,
144,0,0,0,0,0,537.1103,575.4475,626.6273,670.3542,674.0166,677.6791,681.3416,685.004,690.8471,705.8515,720.8558,735.8602,750.8646,765.869,768.9463,767.4485,765.9506,764.4528,762.955,753.4131,719.265,706.3098,692.4056,673.946,645.0347,627.6155,602.1354,558.7502,0,0,0,0,0,0,0,0,0,0,0,556.1164,585.0324,646.2521,668.5674,680.6149,690.1677,698.5686,738.2758,744.8199,748.7818,752.7438,756.7057,760.6676,762.3818,761.1901,759.9984,758.8066,757.6149,756.4232,756.6341,756.8934,757.1526,757.412,757.6713,759.1006,761.7134,764.3262,766.939,769.5519,772.1601,774.6078,777.0555,779.5033,781.951,784.3987,779.0616,767.5608,756.0598,744.5589,733.058,722.8052,725.3948,727.9844,730.574,733.1635,735.7531,738.7917,742.1068,745.4218,748.7369,752.0519,754.8499,754.7072,754.5646,754.4219,754.2793,754.1367,749.6508,743.1216,736.5922,730.063,723.5337,720.0007,727.7037,735.4068,743.1098,750.8128,758.5158,760.6157,760.7572,760.8987,761.0403,761.1819,761.1698,760.7454,760.321,759.8966,759.4722,759.0478,760.7846,763.0551,765.3255,767.5959,769.8664,773.6764,780.5774,787.4785,794.3795,801.2806,808.1816,807.8861,806.4478,805.0095,803.5712,802.1329,803.718,809.9639,816.2098,822.4557,828.7017,834.9476,831.6841,827.6377,823.5913,819.5449,815.4985,807.8822,795.9799,784.0775,772.1752,760.2729,748.3706,758.4966,768.9601,779.4236,789.8871,800.3505,795.8821,777.3741,758.866,740.3578,721.8498,702.925,675.334,647.7431,620.1522,592.5613,564.9704,553.6603,554.3165,554.9727,555.6289,556.2852,545.9917,480.7836,0,0,0,0,0,0,0,0,0,0,0,0,0,0,0,0,0,0,0,0,0,0,0,0,0,0,0,0,0,0,0,0,0,0,0,0,0,0,0,0,0,0,0,0,0,0,0,0,0,0,0,0,0,0,0,0,0,0,0,0,0,0,0,0,0,0,0,0,0,0,0,0,0,0,0,0,0,0,0,0,0,0,0,0,0,0,0,0,0,0,0,0,0,0,0,0,0,0,0,0,0,0,0,0,0,0,0,0,0,0,0,0,0,0,0,0,0,0,0,0,0,0,0,0,0,0,0,0,0,0,0,0,0,0,0,0,0,0,0,0,0,0,0,0,0,0,0,0,0,0,0,0,0,0,0,0,0,0,0,0,0,0,0,0,0,0,0,0,0,0,0,0,0,0,0,0,0,0,0,0,0,0,0,0,0,0,0,0,0,0,0,0,0,0,0,0,0,0,0,0,0,0,0,0,0,0,0,0,0,0,0,0,0,0,0,0,0,0,0,0,0,0,0,0,0,0,0,0,0,0,0,0,0,0,0,0,0,0,0,0,0,0,0,0,
145,0,0,0,0,0,563.7565,593.2697,616.3705,654.8792,657.6376,660.396,663.1544,665.9127,671.0676,686.2904,701.5132,716.736,731.9587,747.1815,750.9952,750.4323,749.8693,749.3065,748.7436,748.3181,748.2979,721.1286,712.8451,695.3461,663.7365,648.5984,626.2363,590.7396,560.5388,564.049,0,0,0,0,0,0,0,0,0,588.6182,613.5815,665.6157,695.6268,711.7252,720.8073,761.5001,767.2025,766.0479,764.1792,762.3104,760.4417,758.573,756.3941,753.8142,751.2344,748.6545,746.0747,743.4949,742.3819,741.3195,740.2571,739.1947,738.1323,739.3793,742.9625,746.5456,750.1287,753.7119,757.2775,760.2273,763.1771,766.127,769.0767,772.0266,766.5866,754.5038,742.421,730.3382,718.2554,707.6543,712.297,716.9398,721.5826,726.2254,730.8681,735.8513,741.0442,746.2369,751.4297,756.6224,760.209,754.6622,749.1154,743.5685,738.0217,732.4749,725.7571,718.4882,711.2194,703.9506,696.6818,692.9724,702.6107,712.249,721.8873,731.5256,741.1639,743.6569,743.6526,743.6484,743.644,743.6398,743.843,744.6031,745.3632,746.1234,746.8834,747.6436,748.8667,750.2041,751.5415,752.8788,754.2162,757.9656,766.5574,775.1493,783.7411,792.3329,800.9249,803.9459,806.0823,808.2186,810.355,812.4915,815.7846,820.861,825.9374,831.0137,836.0901,841.1665,836.8505,831.7612,826.6719,821.5827,816.4935,807.2599,793.0508,778.8417,764.6326,750.4235,736.2144,750.0457,764.3065,778.5674,792.8283,807.0892,802.845,781.2017,759.5583,737.915,716.2717,694.0483,659.7626,625.4769,591.1912,556.9055,522.6199,514.3083,525.0878,535.8672,546.6467,557.4261,555.9754,492.6214,0,0,0,0,0,0,0,0,0,0,0,0,0,0,0,0,0,0,0,0,0,0,0,0,0,0,0,0,0,0,0,0,0,0,0,0,0,0,0,0,0,0,0,0,0,0,0,0,0,0,0,0,0,0,0,0,0,0,0,0,0,0,0,0,0,0,0,0,0,0,0,0,0,0,0,0,0,0,0,0,0,0,0,0,0,0,0,0,0,0,0,0,0,0,0,0,0,0,0,0,0,0,0,0,0,0,0,0,0,0,0,0,0,0,0,0,0,0,0,0,0,0,0,0,0,0,0,0,0,0,0,0,0,0,0,0,0,0,0,0,0,0,0,0,0,0,0,0,0,0,0,0,0,0,0,0,0,0,0,0,0,0,0,0,0,0,0,0,0,0,0,0,0,0,0,0,0,0,0,0,0,0,0,0,0,0,0,0,0,0,0,0,0,0,0,0,0,0,0,0,0,0,0,0,0,0,0,0,0,0,0,0,0,0,0,0,0,0,0,0,0,0,0,0,0,0,0,0,0,0,0,0,0,0,0,0,0,0,0,0,0,0,0,0,
146,0,0,651.0464,609.83,605.3519,619.9515,634.1753,663.531,688.532,689.2307,689.9293,690.6279,691.3265,693.6296,702.673,711.7164,720.7598,729.8032,738.8467,740.9069,740.2883,739.6697,739.0511,738.4326,738.3039,739.6198,740.9356,742.2515,743.5674,678.5786,669.7452,657.5523,640.11,634.0139,658.2543,646.0554,636.3973,0,0,623.44,628.7874,586.5174,583.2524,600.5163,622.3371,638.8845,740.3416,744.7635,749.1855,753.6074,758.0295,762.4514,763.5962,764.3996,765.2031,766.0065,766.8099,766.7204,765.4766,764.2328,762.9891,761.7454,760.5016,758.1954,755.8527,753.5098,751.1671,748.8242,750.3407,755.7609,761.1812,766.6014,772.0217,777.3568,779.6942,782.0316,784.3691,786.7065,789.0439,784.483,774.46,764.437,754.4139,744.3909,735.6917,740.6129,745.534,750.4551,755.3762,760.2974,764.2493,767.605,770.9606,774.3163,777.672,779.5546,773.0615,766.5682,760.075,753.5818,747.0886,743.5509,741.4037,739.2565,737.1093,734.9621,734.9562,742.9801,751.004,759.0279,767.0518,775.0757,776.6143,775.8862,775.1582,774.4302,773.7022,773.4084,774.28,775.1514,776.0228,776.8943,777.7657,779.1895,780.7496,782.3096,783.8697,785.4297,787.6804,791.3177,794.9549,798.5922,802.2294,805.8666,808.0165,809.9302,811.8439,813.7576,815.6714,815.9821,813.8213,811.6606,809.4999,807.3392,805.1785,804.9927,804.9694,804.946,804.9227,804.8995,799.1634,786.5688,773.9741,761.3793,748.7847,736.19,750.0457,764.3065,778.5674,792.8283,807.0892,804.1649,785.0824,765.9999,746.9174,727.8348,707.7456,666.7239,625.7021,584.6804,543.6586,502.6369,497.5682,518.9249,540.2817,561.6384,582.9952,590.3073,510.1138,0,0,0,0,0,0,0,0,0,0,0,0,0,0,0,0,0,0,0,0,0,0,0,0,0,0,0,0,0,0,0,0,0,0,0,0,0,0,0,0,0,0,0,0,0,0,0,0,0,0,0,0,0,0,0,0,0,0,0,0,0,0,0,0,0,0,0,0,0,0,0,0,0,0,0,0,0,0,0,0,0,0,0,0,0,0,0,0,0,0,0,0,0,0,0,0,0,0,0,0,0,0,0,0,0,0,0,0,0,0,0,0,0,0,0,0,0,0,0,0,0,0,0,0,0,0,0,0,0,0,0,0,0,0,0,0,0,0,0,0,0,0,0,0,0,0,0,0,0,0,0,0,0,0,0,0,0,0,0,0,0,0,0,0,0,0,0,0,0,0,0,0,0,0,0,0,0,0,0,0,0,0,0,0,0,0,0,0,0,0,0,0,0,0,0,0,0,0,0,0,0,0,0,0,0,0,0,0,0,0,0,0,0,0,0,0,0,0,0,0,0,0,0,0,0,0,0,0,0,0,0,0,0,0,0,0,0,0,0,0,0,0,0,0,
147,0,0,681.1418,661.8924,658.1918,665.3635,672.7351,710.6916,722.1849,720.8239,719.4626,718.1014,716.7402,716.1915,719.0555,721.9196,724.7836,727.6477,730.5118,730.8185,730.1443,729.4701,728.7958,728.1216,728.2897,730.9417,733.5936,736.2455,738.8975,741.5494,710.4004,701.874,689.2437,683.011,690.1531,682.1269,675.2366,669.4825,664.5075,663.1544,666.0891,648.7385,649.381,662.8757,679.6381,713.4567,741.9926,745.1341,748.2757,751.4173,754.5588,757.7004,761.1445,764.6201,768.0956,771.5712,775.0468,777.0468,777.139,777.2313,777.3237,777.416,777.5082,774.009,770.3858,766.7626,763.1393,759.5162,761.3021,768.5594,775.8167,783.0741,790.3314,797.436,799.1611,800.8862,802.6111,804.3362,806.0613,802.3793,794.4161,786.4529,778.4896,770.5264,763.7292,768.9287,774.1281,779.3276,784.527,789.7266,792.6472,794.1658,795.6844,797.2029,798.7215,798.9003,791.4607,784.0211,776.5815,769.1419,761.7023,761.3447,764.3192,767.2936,770.268,773.2424,776.9401,783.3495,789.759,796.1685,802.5779,808.9874,809.5716,808.1198,806.6681,805.2164,803.7647,802.974,803.9567,804.9396,805.9223,806.9052,807.8879,809.5123,811.295,813.0778,814.8606,816.6433,817.3953,816.0779,814.7606,813.4432,812.1257,810.8083,812.0871,813.7782,815.4692,817.1603,818.8514,816.1794,806.7817,797.3839,787.9861,778.5883,769.1906,773.1348,778.1775,783.2202,788.2628,793.3055,791.067,780.0867,769.1064,758.1262,747.1459,736.1657,750.0457,764.3065,778.5674,792.8283,807.0892,805.4847,788.963,772.4413,755.9196,739.3979,721.4429,673.6851,625.9273,578.1695,530.4118,482.6539,480.8281,512.7621,544.6962,576.6301,608.5641,624.6392,522.0494,0,0,0,0,0,0,0,0,0,0,0,0,0,0,0,0,0,0,0,0,0,0,0,0,0,0,0,0,0,0,0,0,0,0,0,0,0,0,0,0,0,0,0,0,0,0,0,0,0,0,0,0,0,0,0,0,0,0,0,0,0,0,0,0,0,0,0,0,0,0,0,0,0,0,0,0,0,0,0,0,0,0,0,0,0,0,0,0,0,0,0,0,0,0,0,0,0,0,0,0,0,0,0,0,0,0,0,0,0,0,0,0,0,0,0,0,0,0,0,0,0,0,0,0,0,0,0,0,0,0,0,0,0,0,0,0,0,0,0,0,0,0,0,0,0,0,0,0,0,0,0,0,0,0,0,0,0,0,0,0,0,0,0,0,0,0,0,0,0,0,0,0,0,0,0,0,0,0,0,0,0,0,0,0,0,0,0,0,0,0,0,0,0,0,0,0,0,0,0,0,0,0,0,0,0,0,0,0,0,0,0,0,0,0,0,0,0,0,0,0,0,0,0,0,0,0,0,0,0,0,0,0,0,0,0,0,0,0,0,0,0,0,0,0,
148,0,0,691.4316,688.8109,691.4387,698.4154,757.1139,757.8521,755.8378,752.4169,748.996,745.575,742.154,738.7534,735.4381,732.1228,728.8075,725.4922,722.1769,720.7302,720.0003,719.2704,718.5405,717.8106,718.2755,722.2635,726.2515,730.2396,734.2276,738.2156,741.7941,718.3708,711.1842,706.1166,705.2452,699.5169,694.356,689.7625,685.558,684.2117,686.2488,683.4117,687.7256,698.2578,737.1111,740.7018,743.6436,745.5048,747.3659,749.2271,751.0883,752.9494,758.6928,764.8405,770.9882,777.136,783.2837,787.373,788.8015,790.2299,791.6582,793.0866,794.515,789.8226,784.9189,780.0153,775.1118,770.2081,772.2634,781.3578,790.4523,799.5468,808.6412,817.5153,818.6279,819.7407,820.8533,821.9661,823.0787,820.2757,814.3723,808.4688,802.5653,796.6619,791.7667,797.2445,802.7224,808.2001,813.678,819.1558,821.0452,820.7266,820.4081,820.0896,819.771,818.2459,809.8599,801.4739,793.088,784.702,776.316,779.1385,787.2347,795.3307,803.4268,811.5228,818.9238,823.7189,828.5139,833.309,838.104,842.899,842.5288,840.3535,838.178,836.0026,833.8271,832.5394,833.6336,834.7277,835.8218,836.916,838.0101,839.8351,841.8406,843.8459,845.8514,847.8569,847.1102,840.8382,834.5662,828.2941,822.0222,815.7501,816.1578,817.6262,819.0945,820.5629,822.0313,816.3769,799.7421,783.1072,766.4723,749.8374,733.2025,741.277,751.3856,761.4943,771.6028,781.7115,782.9705,773.6046,764.2388,754.873,745.5071,736.1413,750.0457,764.3065,778.5674,792.8283,807.0892,806.8046,792.8437,778.8828,764.9219,750.961,735.1403,680.6464,626.1526,571.6588,517.1649,462.671,464.088,506.5993,549.1106,591.6218,634.1331,658.9711,526.6711,0,0,0,0,0,0,0,0,0,0,0,0,0,0,0,0,0,0,0,0,0,0,0,0,0,0,0,0,0,0,0,0,0,0,0,0,0,0,0,0,0,0,0,0,0,0,0,0,0,0,0,0,0,0,0,0,0,0,0,0,0,0,0,0,0,0,0,0,0,0,0,0,0,0,0,0,0,0,0,0,0,0,0,0,0,0,0,0,0,0,0,0,0,0,0,0,0,0,0,0,0,0,0,0,0,0,0,0,0,0,0,0,0,0,0,0,0,0,0,0,0,0,0,0,0,0,0,0,0,0,0,0,0,0,0,0,0,0,0,0,0,0,0,0,0,0,0,0,0,0,0,0,0,0,0,0,0,0,0,0,0,0,0,0,0,0,0,0,0,0,0,0,0,0,0,0,0,0,0,0,0,0,0,0,0,0,0,0,0,0,0,0,0,0,0,0,0,0,0,0,0,0,0,0,0,0,0,0,0,0,0,0,0,0,0,0,0,0,0,0,0,0,0,0,0,0,0,0,0,0,0,0,0,0,0,0,0,0,0,0,0,0,0,0,
149,0,0,693.7992,741.348,741.3821,741.4163,741.4504,741.4845,739.1972,735.7234,732.2496,728.7758,725.302,722.1619,720.4239,718.6858,716.9478,715.2097,713.4716,713.2453,713.5988,713.9523,714.3058,714.6593,715.9282,719.8962,723.8643,727.8323,731.8004,735.7684,739.9113,744.1024,748.2935,752.4846,756.6757,758.238,754.0627,749.8876,745.7124,741.5372,737.3619,738.4175,740.4348,742.452,744.4692,746.4865,749.6945,754.8858,760.0771,765.2684,770.4598,775.6511,777.7915,779.6142,781.4369,783.2596,785.0823,787.363,790.236,793.1089,795.9818,798.8549,801.7278,799.3588,796.809,794.2592,791.7094,789.1595,790.7231,796.4474,802.1718,807.8961,813.6204,819.1631,818.3074,817.4517,816.5959,815.7402,814.8845,812.6033,809.1937,805.7839,802.3742,798.9644,796.088,798.6981,801.3083,803.9184,806.5286,809.1387,809.2686,807.8723,806.4761,805.0798,803.6835,801.6682,796.1328,790.5973,785.0619,779.5265,773.991,776.3026,782.3062,788.3096,794.3131,800.3167,805.7372,808.9721,812.207,815.4418,818.6766,821.9115,824.1783,826.1067,828.035,829.9634,831.8918,833.3736,833.657,833.9403,834.2237,834.507,834.7904,834.9369,835.0496,835.1623,835.275,835.3876,833.8583,829.0322,824.2061,819.38,814.5539,809.7278,805.1797,800.6757,796.1718,791.6679,787.1639,781.6342,774.5229,767.4117,760.3005,753.1893,746.078,749.1835,753.13,757.0765,761.0231,764.9696,765.3749,761.529,757.683,753.837,749.991,746.145,757.7286,769.5486,781.3686,793.1886,805.0086,796.7817,769.7057,742.6297,715.5538,688.4778,661.3678,633.5509,605.7339,577.917,550.1001,522.2831,523.4026,545.7903,568.1779,590.5656,612.9532,620.5829,519.7863,0,0,0,0,0,0,0,0,0,0,0,0,0,0,0,0,0,0,0,0,0,0,0,0,0,0,0,0,0,0,0,0,0,0,0,0,0,0,0,0,0,0,0,0,0,0,0,0,0,0,0,0,0,0,0,0,0,0,0,0,0,0,0,0,0,0,0,0,0,0,0,0,0,0,0,0,0,0,0,0,0,0,0,0,0,0,0,0,0,0,0,0,0,0,0,0,0,0,0,0,0,0,0,0,0,0,0,0,0,0,0,0,0,0,0,0,0,0,0,0,0,0,0,0,0,0,0,0,0,0,0,0,0,0,0,0,0,0,0,0,0,0,0,0,0,0,0,0,0,0,0,0,0,0,0,0,0,0,0,0,0,0,0,0,0,0,0,0,0,0,0,0,0,0,0,0,0,0,0,0,0,0,0,0,0,0,0,0,0,0,0,0,0,0,0,0,0,0,0,0,0,0,0,0,0,0,0,0,0,0,0,0,0,0,0,0,0,0,0,0,0,0,0,0,0,0,0,0,0,0,0,0,0,0,0,0,0,0,0,0,0,0,0,0,
150,0,0,0,722.4172,722.6741,722.9308,723.1877,723.4445,721.2325,717.7587,714.2849,710.8111,707.3373,704.5397,704.5831,704.6265,704.6699,704.7132,704.7565,705.8288,707.2957,708.7626,710.2295,711.6965,713.7826,717.695,721.6074,725.5198,729.4322,733.3445,737.17,740.9714,744.7728,748.5742,752.3756,754.3879,752.4951,750.6024,748.7096,746.817,744.9242,745.8639,747.3245,748.785,750.2455,751.7061,755.8613,764.5042,773.1469,781.7898,790.4326,799.0755,797.4576,794.771,792.0845,789.3979,786.7113,787.0808,791.4012,795.7216,800.0419,804.3623,808.6827,808.7298,808.6295,808.5291,808.4288,808.3284,809.3802,811.5973,813.8145,816.0316,818.2488,820.3257,817.4658,814.606,811.7462,808.8864,806.0265,804.2579,803.3533,802.4487,801.5442,800.6396,799.785,799.4446,799.1042,798.7639,798.4235,798.0831,796.4343,793.9803,791.5262,789.0723,786.6183,784.1447,781.5598,778.9749,776.39,773.805,771.2201,772.9235,776.6445,780.3656,784.0867,787.8077,791.0982,792.7742,794.4504,796.1265,797.8026,799.4786,804.4769,810.6362,816.7955,822.9548,829.1141,833.4514,832.8997,832.348,831.7963,831.2446,830.6929,829.1115,827.2757,825.4399,823.6042,821.7684,819.4752,816.2635,813.0518,809.8402,806.6285,803.4169,793.8055,783.1778,772.5502,761.9225,751.2949,745.9716,748.8252,751.6789,754.5326,757.3863,760.2399,758.1368,755.6257,753.1144,750.6033,748.0921,747.5294,749.3061,751.0827,752.8594,754.636,756.4127,765.6138,774.9287,784.2435,793.5583,802.8732,786.4601,745.8563,705.2526,664.6489,624.0451,585.2925,585.0321,584.7718,584.5115,584.2511,583.9907,584.7195,586.1753,587.6311,589.0869,590.5427,580.2802,508.139,0,0,0,0,0,0,0,0,0,0,0,0,0,0,0,0,0,0,0,0,0,0,0,0,0,0,0,0,0,0,0,0,0,0,0,0,0,0,0,0,0,0,0,0,0,0,0,0,0,0,0,0,0,0,0,0,0,0,0,0,0,0,0,0,0,0,0,0,0,0,0,0,0,0,0,0,0,0,0,0,0,0,0,0,0,0,0,0,0,0,0,0,0,0,0,0,0,0,0,0,0,0,0,0,0,0,0,0,0,0,0,0,0,0,0,0,0,0,0,0,0,0,0,0,0,0,0,0,0,0,0,0,0,0,0,0,0,0,0,0,0,0,0,0,0,0,0,0,0,0,0,0,0,0,0,0,0,0,0,0,0,0,0,0,0,0,0,0,0,0,0,0,0,0,0,0,0,0,0,0,0,0,0,0,0,0,0,0,0,0,0,0,0,0,0,0,0,0,0,0,0,0,0,0,0,0,0,0,0,0,0,0,0,0,0,0,0,0,0,0,0,0,0,0,0,0,0,0,0,0,0,0,0,0,0,0,0,0,0,0,0,0,0,0,
151,0,0,0,703.4865,703.9659,704.4454,704.9249,705.4044,703.2677,699.7939,696.3201,692.8463,689.3726,686.9174,688.7423,690.5671,692.3918,694.2167,696.0415,698.4124,700.9926,703.5729,706.1533,708.7336,711.6371,715.4938,719.3505,723.2072,727.064,730.9207,734.4286,737.8403,741.2521,744.6638,748.0756,750.5377,750.9274,751.3172,751.7069,752.0967,752.4864,753.3104,754.2142,755.118,756.0219,756.9257,762.028,774.1224,786.2167,798.3111,810.4055,822.4999,817.1237,809.9278,802.732,795.5361,788.3403,786.7986,792.5665,798.3342,804.102,809.8698,815.6376,818.1008,820.4499,822.799,825.1482,827.4973,828.0372,826.7472,825.4572,824.1671,822.8771,821.4883,816.6243,811.7604,806.8964,802.0325,797.1686,795.9124,797.513,799.1136,800.7141,802.3147,803.4819,800.191,796.9001,793.6093,790.3184,787.0275,783.6,780.0883,776.5765,773.0648,769.553,766.6213,766.9868,767.3524,767.718,768.0836,768.4492,769.5444,770.983,772.4215,773.8602,775.2987,776.4592,776.5765,776.6938,776.8111,776.9285,777.0458,784.7756,795.1658,805.556,815.9462,826.3364,833.5291,832.1424,830.7557,829.369,827.9822,826.5955,823.286,819.5018,815.7176,811.9333,808.1492,805.0921,803.4948,801.8976,800.3004,798.7031,797.1058,782.4312,765.6798,748.9285,732.1772,715.4259,710.3089,723.1275,735.9461,748.7647,761.5833,774.4019,767.0901,758.1213,749.1524,740.1835,731.2147,729.6839,737.0832,744.4825,751.8818,759.2811,766.6805,773.4991,780.3087,787.1184,793.9282,800.7378,776.1385,722.007,667.8755,613.744,559.6124,509.2172,536.5134,563.8096,591.1059,618.4021,645.6983,646.0364,626.5603,607.0842,587.6082,568.132,539.9775,0,0,0,0,0,0,0,0,0,0,0,0,0,0,0,0,0,0,0,0,0,0,0,0,0,0,0,0,0,0,0,0,0,0,0,0,0,0,0,0,0,0,0,0,0,0,0,0,0,0,0,0,0,0,0,0,0,0,0,0,0,0,0,0,0,0,0,0,0,0,0,0,0,0,0,0,0,0,0,0,0,0,0,0,0,0,0,0,0,0,0,0,0,0,0,0,0,0,0,0,0,0,0,0,0,0,0,0,0,0,0,0,0,0,0,0,0,0,0,0,0,0,0,0,0,0,0,0,0,0,0,0,0,0,0,0,0,0,0,0,0,0,0,0,0,0,0,0,0,0,0,0,0,0,0,0,0,0,0,0,0,0,0,0,0,0,0,0,0,0,0,0,0,0,0,0,0,0,0,0,0,0,0,0,0,0,0,0,0,0,0,0,0,0,0,0,0,0,0,0,0,0,0,0,0,0,0,0,0,0,0,0,0,0,0,0,0,0,0,0,0,0,0,0,0,0,0,0,0,0,0,0,0,0,0,0,0,0,0,0,0,0,0,0,0,
152,0,0,0,683.2227,683.118,683.0134,682.9087,682.8041,681.1054,678.5922,676.0789,673.5655,671.0522,669.3019,670.7566,672.2113,673.6661,675.1208,676.5756,678.871,681.489,684.1068,686.7248,689.3427,692.523,697.3613,702.1998,707.0381,711.8765,716.7149,725.6701,735.7614,745.8527,755.944,766.0352,772.9261,772.8322,772.7381,772.6441,772.55,772.4561,772.9618,773.5779,774.194,774.81,775.4261,779.467,789.2115,798.9561,808.7005,818.445,828.1896,822.4398,815.076,807.7124,800.3488,792.9851,791.3768,797.2089,803.041,808.8731,814.7052,820.5373,823.9962,827.3733,830.7504,834.1274,837.5045,837.9066,835.2993,832.6919,830.0846,827.4773,824.765,818.358,811.951,805.5439,799.1369,792.7299,790.6677,792.0455,793.4234,794.8013,796.1793,797.1918,794.4467,791.7015,788.9564,786.2111,783.466,779.6628,775.2086,770.7545,766.3002,761.8461,758.0024,757.6302,757.2579,756.8857,756.5135,756.1412,756.8591,758.09,759.3207,760.5515,761.7823,763.5262,767.1947,770.8631,774.5315,778.1999,781.8683,789.781,799.1771,808.5731,817.9691,827.3652,833.6799,831.7271,829.7742,827.8214,825.8685,823.9157,820.3797,816.4528,812.5258,808.5989,804.672,800.8046,797.0566,793.3087,789.5607,785.8127,782.0648,769.337,755.1833,741.0296,726.8759,712.7222,709.005,721.3767,733.7484,746.1202,758.4919,770.8636,765.4673,758.6084,751.7494,744.8904,738.0314,737.7278,745.2941,752.8604,760.4268,767.9932,775.5596,775.1076,774.5328,773.9581,773.3833,772.8085,749.6384,705.2231,660.8079,616.3926,571.9772,530.6501,553.5376,576.425,599.3126,622.2001,645.0876,644.2928,626.0915,607.8902,589.689,571.4877,544.3839,0,0,0,0,0,0,0,0,0,0,0,0,0,0,0,0,0,0,0,0,0,0,0,0,0,0,0,0,0,0,0,0,0,0,0,0,0,0,0,0,0,0,0,0,0,0,0,0,0,0,0,0,0,0,0,0,0,0,0,0,0,0,0,0,0,0,0,0,0,0,0,0,0,0,0,0,0,0,0,0,0,0,0,0,0,0,0,0,0,0,0,0,0,0,0,0,0,0,0,0,0,0,0,0,0,0,0,0,0,0,0,0,0,0,0,0,0,0,0,0,0,0,0,0,0,0,0,0,0,0,0,0,0,0,0,0,0,0,0,0,0,0,0,0,0,0,0,0,0,0,0,0,0,0,0,0,0,0,0,0,0,0,0,0,0,0,0,0,0,0,0,0,0,0,0,0,0,0,0,0,0,0,0,0,0,0,0,0,0,0,0,0,0,0,0,0,0,0,0,0,0,0,0,0,0,0,0,0,0,0,0,0,0,0,0,0,0,0,0,0,0,0,0,0,0,0,0,0,0,0,0,0,0,0,0,0,0,0,0,0,0,0,0,0,0,
153,0,0,0,662.3604,661.3094,660.2583,659.2073,658.1562,657.0585,655.937,654.8154,653.6938,652.5723,651.6891,651.8079,651.9265,652.0452,652.1638,652.2825,653.8856,656.0582,658.2308,660.4034,662.576,665.7902,672.076,678.3618,684.6476,690.9333,697.2192,714.2099,734.1548,754.0996,774.0444,793.9893,807.0954,805.2756,803.4558,801.636,799.8162,797.9965,798.0932,798.5422,798.9913,799.4403,799.8894,801.9671,806.757,811.5469,816.3367,821.1266,825.9165,821.3127,815.7305,810.1483,804.5661,798.9839,798.1373,803.4126,808.688,813.9634,819.2388,824.5142,828.3312,832.098,835.8648,839.6315,843.3983,843.8303,840.8889,837.9476,835.0062,832.0649,828.991,821.2478,813.5048,805.7617,798.0185,790.2754,786.8149,786.7454,786.6759,786.6064,786.5369,786.4177,785.788,785.1583,784.5286,783.8988,783.2691,779.7203,774.3754,769.0306,763.6857,758.3407,753.3815,750.6155,747.8495,745.0834,742.3174,739.5515,739.9955,741.95,743.9045,745.859,747.8135,751.3594,760.8732,770.387,779.9008,789.4145,798.9282,805.8796,811.9354,817.9913,824.0471,830.103,833.8635,831.4653,829.0671,826.6689,824.2707,821.8725,818.784,815.5251,812.2662,809.0074,805.7485,801.0499,793.4608,785.8715,778.2823,770.6932,763.104,755.4707,747.8303,740.19,732.5497,724.9094,723.1277,730.3778,737.6279,744.878,752.1281,759.3781,759.0959,758.1937,757.2914,756.3891,755.4868,757.3956,762.6795,767.9634,773.2474,778.5313,783.8151,773.898,763.748,753.598,743.4481,733.298,715.8744,691.6116,667.3488,643.0859,618.8231,595.8629,599.9897,604.1165,608.2432,612.37,616.4968,614.2358,607.2798,600.3239,593.3679,586.4119,568.864,0,0,0,0,0,0,0,0,0,0,0,0,0,0,0,0,0,0,0,0,0,0,0,0,0,0,0,0,0,0,0,0,0,0,0,0,0,0,0,0,0,0,0,0,0,0,0,0,0,0,0,0,0,0,0,0,0,0,0,0,0,0,0,0,0,0,0,0,0,0,0,0,0,0,0,0,0,0,0,0,0,0,0,0,0,0,0,0,0,0,0,0,0,0,0,0,0,0,0,0,0,0,0,0,0,0,0,0,0,0,0,0,0,0,0,0,0,0,0,0,0,0,0,0,0,0,0,0,0,0,0,0,0,0,0,0,0,0,0,0,0,0,0,0,0,0,0,0,0,0,0,0,0,0,0,0,0,0,0,0,0,0,0,0,0,0,0,0,0,0,0,0,0,0,0,0,0,0,0,0,0,0,0,0,0,0,0,0,0,0,0,0,0,0,0,0,0,0,0,0,0,0,0,0,0,0,0,0,0,0,0,0,0,0,0,0,0,0,0,0,0,0,0,0,0,0,0,0,0,0,0,0,0,0,0,0,0,0,0,0,0,0,0,0,0,
154,0,0,0,641.4981,639.5007,637.5032,635.5058,633.5084,633.0116,633.2818,633.552,633.8222,634.0924,634.0765,632.8591,631.6417,630.4243,629.2068,627.9894,628.9003,630.6275,632.3547,634.082,635.8092,639.0574,646.7906,654.5238,662.257,669.9902,677.7234,702.7497,732.5481,762.3465,792.1449,821.9434,841.2646,837.7191,834.1736,830.6281,827.0825,823.5369,823.2245,823.5066,823.7886,824.0707,824.3527,824.4671,824.3024,824.1377,823.973,823.8082,823.6436,820.1857,816.3849,812.5842,808.7834,804.9826,804.8976,809.6163,814.335,819.0536,823.7724,828.491,832.6662,836.8227,840.9792,845.1356,849.2921,849.754,846.4786,843.2032,839.9279,836.6525,833.2169,824.1377,815.0585,805.9793,796.9001,787.8209,782.9623,781.4453,779.9284,778.4114,776.8945,775.6436,777.1293,778.6151,780.1008,781.5865,783.0722,779.7779,773.5423,767.3067,761.071,754.8354,748.7607,743.6008,738.441,733.2812,728.1214,722.9615,723.132,725.8101,728.4883,731.1666,733.8447,739.1927,754.5518,769.9109,785.2699,800.629,815.9881,821.9781,824.6938,827.4094,830.1251,832.8408,834.047,831.2035,828.36,825.5164,822.6729,819.8293,817.1884,814.5975,812.0067,809.4158,806.825,801.2952,789.8648,778.4344,767.004,755.5735,744.1432,741.6043,740.4774,739.3504,738.2234,737.0965,737.2504,739.3788,741.5073,743.6358,745.7643,747.8928,752.7246,757.7789,762.8333,767.8877,772.9421,777.0635,780.065,783.0664,786.0679,789.0693,792.0707,772.6885,752.9633,733.238,713.5128,693.7877,682.1103,678,673.8896,669.7793,665.669,661.0758,646.4418,631.8079,617.1739,602.5399,587.9059,584.1788,588.4681,592.7575,597.0469,601.3362,473.8807,0,0,0,0,0,0,0,0,0,0,0,0,0,0,0,0,0,0,0,0,0,0,0,0,0,0,0,0,0,0,0,0,0,0,0,0,0,0,0,0,0,0,0,0,0,0,0,0,0,0,0,0,0,0,0,0,0,0,0,0,0,0,0,0,0,0,0,0,0,0,0,0,0,0,0,0,0,0,0,0,0,0,0,0,0,0,0,0,0,0,0,0,0,0,0,0,0,0,0,0,0,0,0,0,0,0,0,0,0,0,0,0,0,0,0,0,0,0,0,0,0,0,0,0,0,0,0,0,0,0,0,0,0,0,0,0,0,0,0,0,0,0,0,0,0,0,0,0,0,0,0,0,0,0,0,0,0,0,0,0,0,0,0,0,0,0,0,0,0,0,0,0,0,0,0,0,0,0,0,0,0,0,0,0,0,0,0,0,0,0,0,0,0,0,0,0,0,0,0,0,0,0,0,0,0,0,0,0,0,0,0,0,0,0,0,0,0,0,0,0,0,0,0,0,0,0,0,0,0,0,0,0,0,0,0,0,0,0,0,0,0,0,0,0,0,
155,0,0,0,624.352,622.2895,620.227,618.1645,616.102,616.0257,616.9645,617.9033,618.8421,619.7809,620.2003,618.4377,616.6752,614.9127,613.1501,611.3875,611.8743,613.2239,614.5736,615.9233,617.2729,620.0392,626.9826,633.926,640.8695,647.813,654.7563,681.3304,713.3218,745.3131,777.3044,809.2957,831.3112,831.5538,831.7963,832.0389,832.2814,832.524,833.5178,834.6497,835.7817,836.9136,838.0455,837.3069,833.453,829.5991,825.7453,821.8914,818.0376,813.7167,809.3472,804.9777,800.6082,796.2386,795.7873,800.4012,805.0151,809.6291,814.243,818.8569,822.9248,826.9738,831.0228,835.0718,839.1208,840.0928,837.9523,835.8117,833.6712,831.5307,829.2159,820.7667,812.3174,803.8682,795.419,786.9697,782.0609,779.9552,777.8495,775.7439,773.6382,771.9141,774.1142,776.3143,778.5145,780.7146,782.9147,778.5156,770.0561,761.5964,753.1368,744.6772,736.5323,730.1763,723.8203,717.4644,711.1085,704.7525,705.1707,708.7759,712.3812,715.9865,719.5918,726.4883,745.7267,764.9651,784.2036,803.442,822.6804,828.7406,830.1951,831.6495,833.1039,834.5584,833.8906,827.5284,821.1661,814.804,808.4418,802.0795,800.2563,799.5538,798.8513,798.1487,797.4462,793.1395,781.5965,770.0535,758.5106,746.9675,735.4246,735.4489,737.3101,739.1712,741.0323,742.8935,744.5874,746.0234,747.4595,748.8954,750.3315,751.7675,756.7888,762.1052,767.4216,772.7379,778.0544,781.8361,783.7753,785.7146,787.6539,789.5931,791.5324,766.0864,740.2208,714.3553,688.4897,662.6242,654.2347,662.2773,670.3199,678.3624,686.405,693.2667,675.5775,657.8883,640.199,622.5098,604.8206,591.6408,581.7756,578.0295,553.4931,517.3508,467.8616,0,0,0,0,0,0,0,0,0,0,0,0,0,0,0,0,0,0,0,0,0,0,0,0,0,0,0,0,0,0,0,0,0,0,0,0,0,0,0,0,0,0,0,0,0,0,0,0,0,0,0,0,0,0,0,0,0,0,0,0,0,0,0,0,0,0,0,0,0,0,0,0,0,0,0,0,0,0,0,0,0,0,0,0,0,0,0,0,0,0,0,0,0,0,0,0,0,0,0,0,0,0,0,0,0,0,0,0,0,0,0,0,0,0,0,0,0,0,0,0,0,0,0,0,0,0,0,0,0,0,0,0,0,0,0,0,0,0,0,0,0,0,0,0,0,0,0,0,0,0,0,0,0,0,0,0,0,0,0,0,0,0,0,0,0,0,0,0,0,0,0,0,0,0,0,0,0,0,0,0,0,0,0,0,0,0,0,0,0,0,0,0,0,0,0,0,0,0,0,0,0,0,0,0,0,0,0,0,0,0,0,0,0,0,0,0,0,0,0,0,0,0,0,0,0,0,0,0,0,0,0,0,0,0,0,0,0,0,0,0,0,0,0,0,0,
156,0,0,0,612.6445,611.8068,610.9691,610.1313,609.2935,609.3736,609.9227,610.4719,611.0209,611.5701,611.7924,610.6423,609.4921,608.3418,607.1917,606.0414,606.4968,607.5681,608.6394,609.7108,610.7821,612.3113,615.1909,618.0704,620.95,623.8295,626.709,645.3362,668.309,691.2817,714.2546,737.2274,756.7839,768.8841,780.9843,793.0845,805.1848,817.285,822.0954,825.5654,829.0355,832.5056,835.9756,836.0087,830.3177,824.6268,818.9357,813.2448,807.5538,799.4296,791.0518,782.674,774.2963,765.9185,763.45,768.6206,773.7913,778.9619,784.1326,789.3032,792.5824,795.7963,799.0103,802.2242,805.4382,807.6231,808.7671,809.9111,811.0551,812.199,813.175,808.2329,803.2909,798.3488,793.4068,788.4647,785.4785,784.041,782.6033,781.1657,779.7281,778.4944,779.3585,780.2225,781.0865,781.9506,782.8147,775.3219,762.6871,750.0522,737.4174,724.7825,713.17,707.3707,701.5715,695.7722,689.973,684.1737,685.6029,690.4329,695.2629,700.093,704.923,712.9974,733.2379,753.4783,773.7188,793.9593,814.1998,821.8395,825.0754,828.3113,831.5472,834.7831,833.2365,818.8578,804.4791,790.1005,775.7218,761.3431,760.8793,763.851,766.8227,769.7944,772.7661,772.6887,766.4901,760.2914,754.0928,747.8941,741.6954,740.5785,740.2686,739.9586,739.6486,739.3386,741.9936,749.2192,756.4449,763.6706,770.8963,778.122,776.1254,773.3698,770.614,767.8583,765.1025,764.8092,767.4722,770.1352,772.7981,775.4611,778.124,751.5923,724.6133,697.6345,670.6555,643.6765,634.9771,643.465,651.9529,660.4408,668.9288,677.13,679.3705,681.6111,683.8517,686.0923,688.3329,654.0122,611.6026,577.7222,541.5372,500.4813,452.6064,0,0,0,0,0,0,0,0,0,0,0,0,0,0,0,0,0,0,0,0,0,0,0,0,0,0,0,0,0,0,0,0,0,0,0,0,0,0,0,0,0,0,0,0,0,0,0,0,0,0,0,0,0,0,0,0,0,0,0,0,0,0,0,0,0,0,0,0,0,0,0,0,0,0,0,0,0,0,0,0,0,0,0,0,0,0,0,0,0,0,0,0,0,0,0,0,0,0,0,0,0,0,0,0,0,0,0,0,0,0,0,0,0,0,0,0,0,0,0,0,0,0,0,0,0,0,0,0,0,0,0,0,0,0,0,0,0,0,0,0,0,0,0,0,0,0,0,0,0,0,0,0,0,0,0,0,0,0,0,0,0,0,0,0,0,0,0,0,0,0,0,0,0,0,0,0,0,0,0,0,0,0,0,0,0,0,0,0,0,0,0,0,0,0,0,0,0,0,0,0,0,0,0,0,0,0,0,0,0,0,0,0,0,0,0,0,0,0,0,0,0,0,0,0,0,0,0,0,0,0,0,0,0,0,0,0,0,0,0,0,0,0,0,0,0,
157,0,0,0,600.9371,601.3242,601.7111,602.0981,602.485,602.7214,602.8809,603.0403,603.1998,603.3592,603.3846,602.8467,602.3089,601.7711,601.2332,600.6954,601.1194,601.9123,602.7053,603.4983,604.2912,604.5834,603.3991,602.2148,601.0304,599.8461,598.6617,609.3419,623.2961,637.2504,651.2047,665.159,682.2565,706.2144,730.1724,754.1302,778.0881,802.0461,810.673,816.4812,822.2894,828.0976,833.9058,834.7104,827.1824,819.6543,812.1262,804.5981,797.0701,785.1423,772.7563,760.3704,747.9844,735.5984,731.1127,736.84,742.5674,748.2947,754.022,759.7493,762.2399,764.6188,766.9977,769.3766,771.7555,775.1533,779.5818,784.0104,788.4388,792.8674,797.134,795.6992,794.2643,792.8295,791.3947,789.9598,788.8962,788.1267,787.3571,786.5875,785.818,785.0748,784.6028,784.1307,783.6588,783.1866,782.7147,772.1282,755.3181,738.508,721.6979,704.8878,689.8078,684.5652,679.3226,674.0801,668.8375,663.595,666.0351,672.0899,678.1447,684.1995,690.2542,699.5065,720.749,741.9916,763.2341,784.4766,805.7191,814.9385,819.9557,824.9731,829.9904,835.0078,832.5824,810.1873,787.7922,765.397,743.0019,720.6068,721.5023,728.1482,734.7941,741.44,748.0859,752.2381,751.3837,750.5294,749.675,748.8206,747.9663,745.7081,743.227,740.7459,738.2648,735.7838,739.3997,752.4151,765.4304,778.4458,791.4611,804.4765,795.4622,784.6343,773.8065,762.9786,752.1507,747.7823,751.1689,754.5557,757.9423,761.329,764.7157,737.0983,709.006,680.9136,652.8212,624.7289,615.7195,624.6528,633.586,642.5192,651.4525,660.9932,683.1635,705.3339,727.5043,749.6747,771.845,716.3836,626.4472,578.6568,523.5814,468.7189,0,0,0,0,0,0,0,0,0,0,0,0,0,0,0,0,0,0,0,0,0,0,0,0,0,0,0,0,0,0,0,0,0,0,0,0,0,0,0,0,0,0,0,0,0,0,0,0,0,0,0,0,0,0,0,0,0,0,0,0,0,0,0,0,0,0,0,0,0,0,0,0,0,0,0,0,0,0,0,0,0,0,0,0,0,0,0,0,0,0,0,0,0,0,0,0,0,0,0,0,0,0,0,0,0,0,0,0,0,0,0,0,0,0,0,0,0,0,0,0,0,0,0,0,0,0,0,0,0,0,0,0,0,0,0,0,0,0,0,0,0,0,0,0,0,0,0,0,0,0,0,0,0,0,0,0,0,0,0,0,0,0,0,0,0,0,0,0,0,0,0,0,0,0,0,0,0,0,0,0,0,0,0,0,0,0,0,0,0,0,0,0,0,0,0,0,0,0,0,0,0,0,0,0,0,0,0,0,0,0,0,0,0,0,0,0,0,0,0,0,0,0,0,0,0,0,0,0,0,0,0,0,0,0,0,0,0,0,0,0,0,0,0,0,0,0,
158,0,0,0,590.8145,592.189,593.5636,594.9382,596.3127,596.6835,596.5414,596.3992,596.257,596.1149,596.0026,596.0162,596.0297,596.0433,596.0568,596.0704,596.4559,596.984,597.5122,598.0403,598.5685,597.7814,593.1159,588.4504,583.7848,579.1193,574.4538,577.8918,583.5662,589.2405,594.9148,600.5892,614.8975,648.0502,681.2029,714.3556,747.5083,780.661,792.3532,800.0998,807.8464,815.5929,823.3395,824.8745,816.0649,807.2553,798.4457,789.6362,780.8266,766.2341,751.0391,735.8442,720.6494,705.4545,699.808,706.5054,713.2028,719.9001,726.5975,733.2949,735.6328,737.8203,740.0079,742.1954,744.383,748.9199,755.8334,762.7469,769.6604,776.5739,783.3491,785.252,787.155,789.0579,790.9609,792.8638,793.5422,793.251,792.9598,792.6685,792.3773,791.8982,789.4871,787.0759,784.6647,782.2536,779.8425,766.6456,746.8122,726.9787,707.1453,687.3119,669.75,665.1048,660.4596,655.8143,651.1691,646.5239,649.6517,656.4366,663.2215,670.0063,676.7912,686.6982,708.3126,729.9271,751.5416,773.156,794.7704,805.1199,811.5324,817.945,824.3575,830.7701,827.7604,799.4697,771.1789,742.8881,714.5974,686.3065,688.4543,698.1172,707.78,717.4429,727.1057,734.9113,738.9879,743.0645,747.1411,751.2178,755.2944,752.0956,747.7415,743.3875,739.0333,734.6793,738.6561,755.4758,772.2955,789.1152,805.9349,822.7546,807.4667,789.5357,771.6047,753.6736,735.7426,727.9323,732.2731,736.6139,740.9547,745.2954,749.6362,721.2903,692.4437,663.597,634.7504,605.9037,596.9713,606.7633,616.5552,626.3472,636.1391,647.2919,686.7428,726.1937,765.6445,805.0954,844.5463,770.5004,643.6508,585.178,510.0101,432.2419,0,0,0,0,0,0,0,0,0,0,0,0,0,0,0,0,0,0,0,0,0,0,0,0,0,0,0,0,0,0,0,0,0,0,0,0,0,0,0,0,0,0,0,0,0,0,0,0,0,0,0,0,0,0,0,0,0,0,0,0,0,0,0,0,0,0,0,0,0,0,0,0,0,0,0,0,0,0,0,0,0,0,0,0,0,0,0,0,0,0,0,0,0,0,0,0,0,0,0,0,0,0,0,0,0,0,0,0,0,0,0,0,0,0,0,0,0,0,0,0,0,0,0,0,0,0,0,0,0,0,0,0,0,0,0,0,0,0,0,0,0,0,0,0,0,0,0,0,0,0,0,0,0,0,0,0,0,0,0,0,0,0,0,0,0,0,0,0,0,0,0,0,0,0,0,0,0,0,0,0,0,0,0,0,0,0,0,0,0,0,0,0,0,0,0,0,0,0,0,0,0,0,0,0,0,0,0,0,0,0,0,0,0,0,0,0,0,0,0,0,0,0,0,0,0,0,0,0,0,0,0,0,0,0,0,0,0,0,0,0,0,0,0,0,0,0,
159,0,0,0,592.1271,592.778,593.4288,594.0797,594.7306,595.0777,595.2695,595.4614,595.6533,595.845,596.024,596.1489,596.2738,596.3987,596.5236,596.6484,596.9442,597.3053,597.6664,598.0276,598.3887,597.6602,593.7184,589.7766,585.8347,581.8929,577.951,579.2333,581.9571,584.681,587.4048,590.1286,599.2649,622.3971,645.5292,668.6613,691.7935,714.9256,724.2622,731.0624,737.8625,744.6627,751.4629,753.4299,747.3482,741.2665,735.1848,729.103,723.0212,713.98,704.6304,695.2808,685.9313,676.5817,675.9551,686.605,697.2549,707.9048,718.5547,729.2047,735.9795,742.6207,749.2617,755.9029,762.544,767.6877,771.3167,774.9457,778.5746,782.2036,785.8434,789.8618,793.8802,797.8986,801.917,805.9354,807.0515,805.8696,804.6876,803.5057,802.3237,800.4755,791.7737,783.0719,774.37,765.6682,756.9664,744.6473,730.1024,715.5576,701.0129,686.4681,673.537,669.7826,666.0281,662.2736,658.5191,654.7646,656.2466,660.1923,664.138,668.0837,672.0294,678.816,696.2551,713.6944,731.1336,748.5728,766.012,774.2489,779.2697,784.2904,789.3112,794.332,792.8629,773.9804,755.0978,736.2152,717.3326,698.4501,701.0767,709.0137,716.9508,724.8879,732.825,740.1264,746.1515,752.1765,758.2016,764.2267,770.2518,767.5602,763.4844,759.4087,755.333,751.2573,751.2631,757.5612,763.8593,770.1574,776.4555,782.7536,766.5626,748.5202,730.4778,712.4354,694.3931,687.7111,694.6683,701.6256,708.5828,715.54,722.4973,696.0003,668.9908,641.9813,614.9717,587.9622,581.8998,595.533,609.1661,622.7993,636.4325,651.166,688.7797,726.3934,764.0072,801.621,839.2347,765.0524,660.4074,605.9991,532.429,458.8589,0,0,0,0,0,0,0,0,0,0,0,0,0,0,0,0,0,0,0,0,0,0,0,0,0,0,0,0,0,0,0,0,0,0,0,0,0,0,0,0,0,0,0,0,0,0,0,0,0,0,0,0,0,0,0,0,0,0,0,0,0,0,0,0,0,0,0,0,0,0,0,0,0,0,0,0,0,0,0,0,0,0,0,0,0,0,0,0,0,0,0,0,0,0,0,0,0,0,0,0,0,0,0,0,0,0,0,0,0,0,0,0,0,0,0,0,0,0,0,0,0,0,0,0,0,0,0,0,0,0,0,0,0,0,0,0,0,0,0,0,0,0,0,0,0,0,0,0,0,0,0,0,0,0,0,0,0,0,0,0,0,0,0,0,0,0,0,0,0,0,0,0,0,0,0,0,0,0,0,0,0,0,0,0,0,0,0,0,0,0,0,0,0,0,0,0,0,0,0,0,0,0,0,0,0,0,0,0,0,0,0,0,0,0,0,0,0,0,0,0,0,0,0,0,0,0,0,0,0,0,0,0,0,0,0,0,0,0,0,0,0,0,0,0,0,0,
160,0,0,0,0,593.367,593.2941,593.2213,593.1485,593.4718,593.9977,594.5236,595.0494,595.5753,596.0454,596.2817,596.5179,596.7542,596.9904,597.2266,597.4324,597.6265,597.8207,598.0148,598.209,597.539,594.3209,591.1028,587.8846,584.6666,581.4484,580.5748,580.3481,580.1214,579.8947,579.668,583.6324,596.744,609.8555,622.967,636.0786,649.1901,656.1711,662.0248,667.8787,673.7325,679.5862,681.9854,678.6315,675.2776,671.9237,668.5698,665.2158,661.7258,658.2216,654.7174,651.2132,647.7089,652.1021,666.7045,681.307,695.9095,710.512,725.1144,736.3262,747.4209,758.5157,769.6104,780.7051,786.4555,786.8,787.1444,787.4889,787.8333,788.3376,794.4716,800.6054,806.7393,812.8732,819.007,820.5608,818.4881,816.4154,814.3428,812.2701,809.0529,794.0604,779.0678,764.0753,749.0828,734.0901,722.6489,713.3928,704.1365,694.8804,685.6243,677.3241,674.4603,671.5966,668.7328,665.869,663.0052,662.8414,663.948,665.0546,666.1611,667.2677,670.9337,684.1978,697.4617,710.7256,723.9896,737.2535,743.3778,747.0069,750.6359,754.265,757.894,757.9654,748.491,739.0167,729.5423,720.068,710.5936,713.699,719.9104,726.1216,732.333,738.5444,745.3416,753.3151,761.2886,769.2621,777.2356,785.2091,783.0247,779.2274,775.43,771.6326,767.8352,763.8702,759.6467,755.4232,751.1996,746.9761,742.7526,725.6584,707.5048,689.351,671.1973,653.0436,647.4899,657.0636,666.6373,676.2111,685.7847,695.3585,670.7103,645.5379,620.3655,595.1931,570.0207,566.8283,584.3027,601.7771,619.2515,636.7258,655.04,690.8167,726.5933,762.37,798.1466,833.9233,759.6044,662.729,605.2734,527.5376,449.8018,0,0,0,0,0,0,0,0,0,0,0,0,0,0,0,0,0,0,0,0,0,0,0,0,0,0,0,0,0,0,0,0,0,0,0,0,0,0,0,0,0,0,0,0,0,0,0,0,0,0,0,0,0,0,0,0,0,0,0,0,0,0,0,0,0,0,0,0,0,0,0,0,0,0,0,0,0,0,0,0,0,0,0,0,0,0,0,0,0,0,0,0,0,0,0,0,0,0,0,0,0,0,0,0,0,0,0,0,0,0,0,0,0,0,0,0,0,0,0,0,0,0,0,0,0,0,0,0,0,0,0,0,0,0,0,0,0,0,0,0,0,0,0,0,0,0,0,0,0,0,0,0,0,0,0,0,0,0,0,0,0,0,0,0,0,0,0,0,0,0,0,0,0,0,0,0,0,0,0,0,0,0,0,0,0,0,0,0,0,0,0,0,0,0,0,0,0,0,0,0,0,0,0,0,0,0,0,0,0,0,0,0,0,0,0,0,0,0,0,0,0,0,0,0,0,0,0,0,0,0,0,0,0,0,0,0,0,0,0,0,0,0,0,0,0,0,
161,0,0,0,0,593.956,593.1594,592.3629,591.5663,591.866,592.7258,593.5858,594.4456,595.3054,596.0668,596.4144,596.762,597.1096,597.4571,597.8047,597.9207,597.9478,597.9749,598.0021,598.0292,597.4178,594.9234,592.429,589.9345,587.4401,584.9457,581.9162,578.7391,575.5618,572.3846,569.2075,567.9998,571.0908,574.1818,577.2728,580.3638,583.4547,588.0801,592.9874,597.8948,602.8022,607.7097,610.541,609.9149,609.2888,608.6627,608.0366,607.4105,609.4717,611.8128,614.1539,616.4951,618.8362,628.2491,646.8041,665.3592,683.9142,702.4692,721.0243,736.6729,752.2213,767.7695,783.3179,798.8661,805.2233,802.2833,799.3432,796.4031,793.4631,790.832,799.0813,807.3307,815.58,823.8293,832.0786,834.0701,831.1068,828.1433,825.1799,822.2165,817.6302,796.347,775.0637,753.7805,732.4973,711.214,700.6505,696.683,692.7155,688.7479,684.7803,681.1111,679.1381,677.165,675.192,673.2189,671.2458,669.4363,667.7037,665.9711,664.2385,662.5059,663.0515,672.1403,681.2289,690.3176,699.4064,708.4951,712.5068,714.7441,716.9813,719.2187,721.456,723.0679,723.0017,722.9355,722.8694,722.8033,722.7371,726.3214,730.8069,735.2925,739.7781,744.2637,750.5567,760.4786,770.4006,780.3226,790.2445,800.1664,798.4893,794.9703,791.4512,787.9322,784.4131,776.4772,761.7321,746.987,732.2419,717.4968,702.7516,684.7543,666.4893,648.2242,629.9591,611.694,607.2686,619.4589,631.649,643.8392,656.0294,668.2196,645.4203,622.085,598.7498,575.4144,552.0792,551.7568,573.0724,594.388,615.7036,637.0192,658.914,692.8536,726.7932,760.7327,794.6722,828.6118,754.1564,660.2866,602.9301,525.4952,448.0603,0,0,0,0,0,0,0,0,0,0,0,0,0,0,0,0,0,0,0,0,0,0,0,0,0,0,0,0,0,0,0,0,0,0,0,0,0,0,0,0,0,0,0,0,0,0,0,0,0,0,0,0,0,0,0,0,0,0,0,0,0,0,0,0,0,0,0,0,0,0,0,0,0,0,0,0,0,0,0,0,0,0,0,0,0,0,0,0,0,0,0,0,0,0,0,0,0,0,0,0,0,0,0,0,0,0,0,0,0,0,0,0,0,0,0,0,0,0,0,0,0,0,0,0,0,0,0,0,0,0,0,0,0,0,0,0,0,0,0,0,0,0,0,0,0,0,0,0,0,0,0,0,0,0,0,0,0,0,0,0,0,0,0,0,0,0,0,0,0,0,0,0,0,0,0,0,0,0,0,0,0,0,0,0,0,0,0,0,0,0,0,0,0,0,0,0,0,0,0,0,0,0,0,0,0,0,0,0,0,0,0,0,0,0,0,0,0,0,0,0,0,0,0,0,0,0,0,0,0,0,0,0,0,0,0,0,0,0,0,0,0,0,0,0,0,0,
162,0,0,0,0,586.4972,584.7905,583.0837,581.3769,581.2813,582.0089,582.7366,583.4642,584.1918,584.9396,585.7715,586.6033,587.4352,588.2672,589.0991,590.2732,591.5787,592.8841,594.1896,595.4951,595.9979,594.134,592.27,590.4061,588.5421,586.6782,584.1766,581.499,578.8215,576.144,573.4664,572.4414,575.023,577.6047,580.1862,582.7679,585.3495,592.6407,600.7979,608.955,617.1122,625.2693,632.3091,637.488,642.6669,647.8458,653.0246,658.2036,659.5191,660.4322,661.3454,662.2585,663.1717,670.6362,686.5699,702.5035,718.4372,734.3708,750.3045,763.2302,776.0521,788.8739,801.6957,814.5176,818.3345,813.0424,807.7503,802.4582,797.1661,792.229,799.7964,807.3638,814.9311,822.4985,830.0659,829.3073,821.9564,814.6055,807.2546,799.9037,791.3189,770.0392,748.7595,727.4797,706.2,684.9202,674.7457,671.4045,668.0632,664.722,661.3807,658.5377,658.5276,658.5177,658.5077,658.4977,658.4877,660.2583,662.8665,665.4748,668.0831,670.6913,673.8732,679.2063,684.5394,689.8725,695.2056,700.5387,703.652,705.9895,708.327,710.6646,713.0021,715.4944,718.4025,721.3104,724.2184,727.1264,730.0344,735.9645,742.6406,749.3168,755.993,762.6692,767.7705,769.7101,771.6497,773.5892,775.5288,777.4683,776.225,774.4763,772.7276,770.9789,769.2301,760.6496,741.5372,722.4249,703.3124,684.2001,665.0876,656.1754,648.1028,640.0302,631.9576,623.885,623.1372,631.1835,639.2298,647.2761,655.3223,663.3686,644.1989,624.6122,605.0256,585.439,565.8524,566.2266,585.369,604.5113,623.6536,642.796,662.5887,695.9034,729.218,762.5327,795.8473,829.162,754.4118,659.0069,601.6703,524.3972,447.1241,0,0,0,0,0,0,0,0,0,0,0,0,0,0,0,0,0,0,0,0,0,0,0,0,0,0,0,0,0,0,0,0,0,0,0,0,0,0,0,0,0,0,0,0,0,0,0,0,0,0,0,0,0,0,0,0,0,0,0,0,0,0,0,0,0,0,0,0,0,0,0,0,0,0,0,0,0,0,0,0,0,0,0,0,0,0,0,0,0,0,0,0,0,0,0,0,0,0,0,0,0,0,0,0,0,0,0,0,0,0,0,0,0,0,0,0,0,0,0,0,0,0,0,0,0,0,0,0,0,0,0,0,0,0,0,0,0,0,0,0,0,0,0,0,0,0,0,0,0,0,0,0,0,0,0,0,0,0,0,0,0,0,0,0,0,0,0,0,0,0,0,0,0,0,0,0,0,0,0,0,0,0,0,0,0,0,0,0,0,0,0,0,0,0,0,0,0,0,0,0,0,0,0,0,0,0,0,0,0,0,0,0,0,0,0,0,0,0,0,0,0,0,0,0,0,0,0,0,0,0,0,0,0,0,0,0,0,0,0,0,0,0,0,0,0,0,
163,0,0,0,0,577.477,574.8239,572.1707,569.5176,568.9543,569.4594,569.9644,570.4693,570.9743,571.6492,573.0377,574.4263,575.8149,577.2036,578.5922,581.0472,583.9115,586.7757,589.6399,592.5042,594.326,593.0745,591.8229,590.5714,589.3197,588.0681,586.6152,585.1068,583.5983,582.0898,580.5814,580.7779,584.6956,588.6133,592.5309,596.4487,600.3663,611.2979,623.5189,635.74,647.961,660.1821,672.163,683.7438,695.3248,706.9057,718.4866,730.0676,729.4156,727.4896,725.5637,723.6376,721.7116,725.8756,737.9124,749.9492,761.986,774.0227,786.0595,794.873,803.5753,812.2776,820.9799,829.6822,830.3481,822.8849,815.4216,807.9584,800.4951,793.4131,799.7557,806.0984,812.441,818.7836,825.1263,820.9992,808.5823,796.1655,783.7487,771.3318,758.2383,738.1833,718.1283,698.0733,678.0183,657.9633,648.083,644.4635,640.8439,637.2242,633.6047,630.8496,633.0107,635.1719,637.3329,639.4941,641.6553,648.0198,656.3621,664.7044,673.0466,681.3889,688.324,689.9829,691.6418,693.3007,694.9596,696.6184,699.069,701.7962,704.5234,707.2506,709.9778,713.2226,717.8564,722.4901,727.1239,731.7576,736.3914,745.0294,754.6561,764.2828,773.9095,783.5362,787.3124,779.3428,771.3731,763.4034,755.4337,747.4641,746.6404,746.9515,747.2625,747.5735,747.8846,739.3049,717.0194,694.7339,672.4483,650.1627,627.8771,629.9879,634.1069,638.2261,642.3452,646.4643,649.8888,652.4795,655.0701,657.6606,660.2513,662.8419,647.6473,632.1803,616.7132,601.2461,585.7791,586.4281,602.2303,618.0325,633.8347,649.6368,666.2247,699.1497,732.0746,764.9996,797.9245,830.8495,755.7738,658.5827,601.2544,524.0347,0,0,0,0,0,0,0,0,0,0,0,0,0,0,0,0,0,0,0,0,0,0,0,0,0,0,0,0,0,0,0,0,0,0,0,0,0,0,0,0,0,0,0,0,0,0,0,0,0,0,0,0,0,0,0,0,0,0,0,0,0,0,0,0,0,0,0,0,0,0,0,0,0,0,0,0,0,0,0,0,0,0,0,0,0,0,0,0,0,0,0,0,0,0,0,0,0,0,0,0,0,0,0,0,0,0,0,0,0,0,0,0,0,0,0,0,0,0,0,0,0,0,0,0,0,0,0,0,0,0,0,0,0,0,0,0,0,0,0,0,0,0,0,0,0,0,0,0,0,0,0,0,0,0,0,0,0,0,0,0,0,0,0,0,0,0,0,0,0,0,0,0,0,0,0,0,0,0,0,0,0,0,0,0,0,0,0,0,0,0,0,0,0,0,0,0,0,0,0,0,0,0,0,0,0,0,0,0,0,0,0,0,0,0,0,0,0,0,0,0,0,0,0,0,0,0,0,0,0,0,0,0,0,0,0,0,0,0,0,0,0,0,0,0,0,0,0,
164,0,0,0,0,568.4568,564.8572,561.2577,557.6581,556.6275,556.9098,557.1921,557.4744,557.7567,558.3588,560.304,562.2494,564.1947,566.14,568.0853,571.8214,576.2443,580.6672,585.0902,589.5132,592.6542,592.015,591.3758,590.7366,590.0974,589.4581,589.0539,588.7145,588.3751,588.0357,587.6963,589.1144,594.3682,599.6219,604.8757,610.1295,615.3832,629.955,646.2399,662.5249,678.8098,695.0948,712.0168,729.9998,747.9827,765.9657,783.9487,801.9316,799.3123,794.5471,789.7819,785.0167,780.2516,781.115,789.2549,797.3948,805.5347,813.6746,821.8145,826.5159,831.0986,835.6813,840.264,844.8467,842.3618,832.7274,823.093,813.4586,803.8242,794.5973,799.7151,804.8331,809.9509,815.0688,820.1867,812.6911,795.2083,777.7255,760.2427,742.7599,725.1577,706.3275,687.4972,668.6669,649.8367,631.0064,621.4204,617.5224,613.6245,609.7265,605.8286,603.1615,607.4938,611.826,616.1583,620.4905,624.8228,635.7815,649.8577,663.934,678.0102,692.0864,702.7748,700.7595,698.7442,696.7288,694.7136,692.6982,694.486,697.6028,700.7197,703.8366,706.9536,710.9508,717.3103,723.6698,730.0294,736.3889,742.7484,754.0944,766.6716,779.2488,791.826,804.4032,806.8544,788.9754,771.0966,753.2177,735.3387,717.4598,717.0557,719.4266,721.7974,724.1682,726.5391,717.9603,692.5015,667.0428,641.5841,616.1254,590.6666,603.8003,620.1111,636.4219,652.7327,669.0435,676.6404,673.7754,670.9103,668.0453,665.1802,662.3152,651.0958,639.7483,628.4008,617.0533,605.7058,606.6297,619.0916,631.5536,644.0156,656.4776,669.8607,702.3959,734.9312,767.4665,800.0018,832.537,757.1358,658.7661,601.4886,0,0,0,0,0,0,0,0,0,0,0,0,0,0,0,0,0,0,0,0,0,0,0,0,0,0,0,0,0,0,0,0,0,0,0,0,0,0,0,0,0,0,0,0,0,0,0,0,0,0,0,0,0,0,0,0,0,0,0,0,0,0,0,0,0,0,0,0,0,0,0,0,0,0,0,0,0,0,0,0,0,0,0,0,0,0,0,0,0,0,0,0,0,0,0,0,0,0,0,0,0,0,0,0,0,0,0,0,0,0,0,0,0,0,0,0,0,0,0,0,0,0,0,0,0,0,0,0,0,0,0,0,0,0,0,0,0,0,0,0,0,0,0,0,0,0,0,0,0,0,0,0,0,0,0,0,0,0,0,0,0,0,0,0,0,0,0,0,0,0,0,0,0,0,0,0,0,0,0,0,0,0,0,0,0,0,0,0,0,0,0,0,0,0,0,0,0,0,0,0,0,0,0,0,0,0,0,0,0,0,0,0,0,0,0,0,0,0,0,0,0,0,0,0,0,0,0,0,0,0,0,0,0,0,0,0,0,0,0,0,0,0,0,0,0,0,0,0,
165,0,0,0,0,550.1841,546.593,543.002,539.4109,538.623,539.2679,539.9128,540.5576,541.2025,542.1215,544.1923,546.2631,548.3338,550.4045,552.4753,556.5269,561.3381,566.1494,570.9606,575.7719,579.6934,580.991,582.2886,583.5862,584.8839,586.1815,588.9229,592.0626,595.2025,598.3422,601.4821,605.822,612.7815,619.741,626.7004,633.6599,640.6193,653.6852,667.8737,682.0622,696.2507,710.4393,725.5873,742.3336,759.0798,775.826,792.5721,809.3184,806.4938,801.6307,796.7678,791.9047,787.0418,786.8759,792.7822,798.6885,804.5947,810.501,816.4073,818.0941,819.6353,821.1765,822.7177,824.259,820.8188,812.34,803.861,795.3821,786.9032,778.7379,781.6146,784.4913,787.368,790.2447,793.1213,784.3522,766.3621,748.372,730.3819,712.3918,694.6431,679.3785,664.1139,648.8493,633.5847,618.3201,610.492,607.2397,603.9875,600.7352,597.483,595.8049,603.0784,610.3518,617.6252,624.8987,632.1721,643.5933,656.966,670.3387,683.7114,697.0841,706.9883,703.8861,700.7839,697.6816,694.5795,691.4773,695.3037,701.5516,707.7996,714.0475,720.2954,726.0805,730.6235,735.1667,739.7097,744.2529,748.7959,757.134,766.4089,775.6839,784.9589,794.2338,793.1626,771.3191,749.4756,727.6322,705.7888,683.9454,684.9351,689.5505,694.1659,698.7814,703.3968,698.506,678.9606,659.4152,639.8697,620.3243,600.7788,616.0076,634.0992,652.1907,670.2823,688.3738,696.1287,691.4734,686.8182,682.1629,677.5076,672.8524,662.1744,651.4044,640.6342,629.8641,619.094,618.1475,626.4377,634.7278,643.018,651.3082,660.7862,694.9647,729.1431,763.3217,797.5001,831.6786,756.9906,658.5832,601.4655,0,0,0,0,0,0,0,0,0,0,0,0,0,0,0,0,0,0,0,0,0,0,0,0,0,0,0,0,0,0,0,0,0,0,0,0,0,0,0,0,0,0,0,0,0,0,0,0,0,0,0,0,0,0,0,0,0,0,0,0,0,0,0,0,0,0,0,0,0,0,0,0,0,0,0,0,0,0,0,0,0,0,0,0,0,0,0,0,0,0,0,0,0,0,0,0,0,0,0,0,0,0,0,0,0,0,0,0,0,0,0,0,0,0,0,0,0,0,0,0,0,0,0,0,0,0,0,0,0,0,0,0,0,0,0,0,0,0,0,0,0,0,0,0,0,0,0,0,0,0,0,0,0,0,0,0,0,0,0,0,0,0,0,0,0,0,0,0,0,0,0,0,0,0,0,0,0,0,0,0,0,0,0,0,0,0,0,0,0,0,0,0,0,0,0,0,0,0,0,0,0,0,0,0,0,0,0,0,0,0,0,0,0,0,0,0,0,0,0,0,0,0,0,0,0,0,0,0,0,0,0,0,0,0,0,0,0,0,0,0,0,0,0,0,0,0,0,0,
166,0,0,0,0,524.4413,521.6296,518.8179,516.0062,516.0347,517.5145,518.9944,520.4744,521.9542,523.5049,525.353,527.2011,529.0492,530.8973,532.7454,536.3328,540.5873,544.8419,549.0965,553.3511,557.6182,561.9219,566.2257,570.5295,574.8333,579.1371,586.717,595.2012,603.6852,612.1694,620.6535,629.2883,638.2518,647.2155,656.179,665.1426,674.1062,681.5112,688.6296,695.7481,702.8665,709.985,717.9377,727.2798,736.6218,745.964,755.3061,764.6482,763.0411,760.2935,757.546,754.7985,752.051,752.6893,757.7049,762.7205,767.736,772.7516,777.7672,777.3256,776.6957,776.0657,775.4358,774.8059,772.1836,767.5459,762.9082,758.2705,753.6329,749.1181,748.933,748.7477,748.5626,748.3775,748.1924,739.8412,725.0242,710.2073,695.3903,680.5734,666.2001,656.3911,646.5823,636.7733,626.9644,617.1554,612.2671,610.4066,608.546,606.6855,604.825,604.8635,615.6998,626.5361,637.3724,648.2087,659.045,667.5932,675.0649,682.5366,690.0082,697.48,702.9364,700.8363,698.7361,696.636,694.5358,692.4357,700.4819,712.0742,723.6664,735.2587,746.8508,755.2596,755.1263,754.9932,754.86,754.7268,754.5937,755.3088,756.2332,757.1577,758.0822,759.0067,752.6389,731.6306,710.6221,689.6138,668.6054,647.597,650.7668,657.7761,664.7853,671.7946,678.8038,680.5781,674.2821,667.986,661.69,655.394,649.0979,659.2137,670.6806,682.1475,693.6143,705.0811,709.7529,706.2667,702.7805,699.2943,695.808,692.3218,679.4136,666.361,653.3085,640.2559,627.2034,622.6545,626.1014,629.5483,632.9952,636.4421,641.4498,678.9128,716.3758,753.8388,791.3018,828.7648,755.6287,647.4299,0,0,0,0,0,0,0,0,0,0,0,0,0,0,0,0,0,0,0,0,0,0,0,0,0,0,0,0,0,0,0,0,0,0,0,0,0,0,0,0,0,0,0,0,0,0,0,0,0,0,0,0,0,0,0,0,0,0,0,0,0,0,0,0,0,0,0,0,0,0,0,0,0,0,0,0,0,0,0,0,0,0,0,0,0,0,0,0,0,0,0,0,0,0,0,0,0,0,0,0,0,0,0,0,0,0,0,0,0,0,0,0,0,0,0,0,0,0,0,0,0,0,0,0,0,0,0,0,0,0,0,0,0,0,0,0,0,0,0,0,0,0,0,0,0,0,0,0,0,0,0,0,0,0,0,0,0,0,0,0,0,0,0,0,0,0,0,0,0,0,0,0,0,0,0,0,0,0,0,0,0,0,0,0,0,0,0,0,0,0,0,0,0,0,0,0,0,0,0,0,0,0,0,0,0,0,0,0,0,0,0,0,0,0,0,0,0,0,0,0,0,0,0,0,0,0,0,0,0,0,0,0,0,0,0,0,0,0,0,0,0,0,0,0,0,0,0,0,0,
167,0,0,0,0,498.6986,496.6663,494.6339,492.6016,493.4462,495.7612,498.0761,500.3911,502.7061,504.8884,506.5138,508.1393,509.7647,511.3901,513.0155,516.1388,519.8367,523.5345,527.2324,530.9303,535.5429,542.8528,550.1628,557.4728,564.7827,572.0927,584.5114,598.3397,612.1682,625.9965,639.825,652.7545,663.7222,674.6899,685.6576,696.6253,707.593,709.3372,709.3855,709.4339,709.4822,709.5306,710.288,712.226,714.164,716.102,718.04,719.978,719.5884,718.9563,718.3242,717.6921,717.0601,718.5027,722.6276,726.7524,730.8773,735.0021,739.127,736.557,733.7559,730.955,728.1539,725.3528,723.5483,722.7518,721.9554,721.1589,720.3624,719.4983,716.2513,713.0043,709.7573,706.5103,703.2634,695.3301,683.6863,672.0425,660.3989,648.7551,637.7572,633.4038,629.0505,624.6972,620.3439,615.9907,614.0422,613.5734,613.1046,612.6359,612.1671,613.9219,628.3211,642.7203,657.1194,671.5186,685.9178,691.593,693.1637,694.7344,696.3051,697.8757,698.8846,697.7865,696.6884,695.5903,694.4922,693.3942,705.6601,722.5966,739.5332,756.4697,773.4063,784.4386,779.6292,774.8197,770.0103,765.2009,760.3914,753.4835,746.0575,738.6315,731.2055,723.7795,712.1153,691.942,671.7686,651.5953,631.4219,611.2486,616.5987,626.0017,635.4048,644.8078,654.2109,662.6501,669.6035,676.5569,683.5103,690.4637,697.4171,702.4198,707.2619,712.1041,716.9462,721.7883,723.3772,721.06,718.7429,716.4257,714.1085,711.7914,696.6528,681.3177,665.9827,650.6476,635.3126,627.1615,625.7651,624.3687,622.9723,621.5759,622.1132,662.8608,703.6083,744.3558,785.1034,825.8509,624.1061,0,0,0,0,0,0,0,0,0,0,0,0,0,0,0,0,0,0,0,0,0,0,0,0,0,0,0,0,0,0,0,0,0,0,0,0,0,0,0,0,0,0,0,0,0,0,0,0,0,0,0,0,0,0,0,0,0,0,0,0,0,0,0,0,0,0,0,0,0,0,0,0,0,0,0,0,0,0,0,0,0,0,0,0,0,0,0,0,0,0,0,0,0,0,0,0,0,0,0,0,0,0,0,0,0,0,0,0,0,0,0,0,0,0,0,0,0,0,0,0,0,0,0,0,0,0,0,0,0,0,0,0,0,0,0,0,0,0,0,0,0,0,0,0,0,0,0,0,0,0,0,0,0,0,0,0,0,0,0,0,0,0,0,0,0,0,0,0,0,0,0,0,0,0,0,0,0,0,0,0,0,0,0,0,0,0,0,0,0,0,0,0,0,0,0,0,0,0,0,0,0,0,0,0,0,0,0,0,0,0,0,0,0,0,0,0,0,0,0,0,0,0,0,0,0,0,0,0,0,0,0,0,0,0,0,0,0,0,0,0,0,0,0,0,0,0,0,0,0,0,
168,0,0,0,0,478.9507,477.7426,476.5346,475.3266,476.6656,479.3063,481.947,484.5877,487.2284,489.608,490.8909,492.1738,493.4567,494.7396,496.0225,498.93,502.4607,505.9913,509.5219,513.0526,518.3433,528.8242,539.3051,549.786,560.267,570.7479,585.5872,601.6291,617.6711,633.713,649.755,664.3993,675.993,687.5867,699.1804,710.774,722.3677,719.4771,713.9234,708.3697,702.816,697.2623,692.6294,689.5302,686.4308,683.3315,680.2322,677.1329,677.6821,678.6111,679.5403,680.4695,681.3986,683.3918,686.7608,690.1298,693.4987,696.8676,700.2366,696.8458,693.2219,689.5978,685.9738,682.3498,681.7134,684.099,686.4847,688.8703,691.256,693.4313,688.201,682.9707,677.7404,672.5101,667.2798,660.1241,651.4438,642.7635,634.0831,625.4029,617.4619,617.1261,616.7904,616.4547,616.119,615.7833,616.2547,617.2226,618.1906,619.1584,620.1263,623.4007,639.7899,656.1791,672.5682,688.9574,705.3466,709.1634,707.0651,704.9667,702.8683,700.77,699.3265,700.339,701.3514,702.3639,703.3763,704.3889,717.6651,735.2274,752.7896,770.3519,787.9142,797.9781,787.9232,777.8683,767.8134,757.7584,747.7035,736.6039,725.2465,713.8889,702.5314,691.1739,677.8154,660.4395,643.0635,625.6876,608.3116,590.9356,598.0238,608.9968,619.9697,630.9427,641.9156,654.7579,670.4819,686.2058,701.9297,717.6536,733.3776,734.6843,734.8041,734.924,735.0438,735.1636,733.0123,728.1343,723.2563,718.3783,713.5003,708.6223,694.8707,680.9831,667.0955,653.2079,639.3203,631.2891,628.7644,626.2397,623.7149,621.1901,620.0751,648.2737,670.2169,686.3753,690.9109,668.8754,608.3307,0,0,0,0,0,0,0,0,0,0,0,0,0,0,0,0,0,0,0,0,0,0,0,0,0,0,0,0,0,0,0,0,0,0,0,0,0,0,0,0,0,0,0,0,0,0,0,0,0,0,0,0,0,0,0,0,0,0,0,0,0,0,0,0,0,0,0,0,0,0,0,0,0,0,0,0,0,0,0,0,0,0,0,0,0,0,0,0,0,0,0,0,0,0,0,0,0,0,0,0,0,0,0,0,0,0,0,0,0,0,0,0,0,0,0,0,0,0,0,0,0,0,0,0,0,0,0,0,0,0,0,0,0,0,0,0,0,0,0,0,0,0,0,0,0,0,0,0,0,0,0,0,0,0,0,0,0,0,0,0,0,0,0,0,0,0,0,0,0,0,0,0,0,0,0,0,0,0,0,0,0,0,0,0,0,0,0,0,0,0,0,0,0,0,0,0,0,0,0,0,0,0,0,0,0,0,0,0,0,0,0,0,0,0,0,0,0,0,0,0,0,0,0,0,0,0,0,0,0,0,0,0,0,0,0,0,0,0,0,0,0,0,0,0,0,0,0,0,0,0,
169,0,0,0,0,475.4869,475.2253,474.9637,474.7021,475.6612,477.2441,478.8271,480.41,481.993,483.3899,484.0047,484.6196,485.2344,485.8493,486.4642,489.8302,494.2516,498.6729,503.0943,507.5156,514.3878,528.4872,542.5867,556.6862,570.7856,584.8851,595.5768,605.3281,615.0793,624.8307,634.5819,643.9325,652.4087,660.8849,669.3611,677.8373,686.3135,681.575,674.4068,667.2387,660.0706,652.9024,647.783,646.0754,644.3679,642.6603,640.9528,639.2452,639.976,640.9609,641.9457,642.9304,643.9153,645.77,648.7492,651.7285,654.7077,657.687,660.6663,660.007,659.2221,658.4373,657.6525,656.8676,658.3508,662.1282,665.9056,669.683,673.4604,677.0151,672.7312,668.4473,664.1634,659.8795,655.5955,650.194,643.9075,637.621,631.3345,625.0481,619.2986,619.0743,618.8499,618.6255,618.4012,618.1768,619.6556,622.1823,624.7089,627.2356,629.7622,634.0209,648.1276,662.2343,676.341,690.4477,704.5544,709.2688,709.5643,709.8597,710.1552,710.4506,711.9753,718.1094,724.2435,730.3776,736.5117,742.6458,748.2141,753.5846,758.9553,764.3258,769.6964,769.0348,752.1882,735.3415,718.4948,701.6482,684.8015,678.8309,675.5456,672.2602,668.9748,665.6895,660.4216,651.1734,641.9253,632.6771,623.429,614.1808,621.8063,632.1112,642.4161,652.7211,663.0261,674.127,686.455,698.7831,711.1111,723.4392,735.7673,737.2271,737.7924,738.3575,738.9227,739.488,731.8117,714.241,696.6702,679.0995,661.5287,643.958,641.4196,639.1113,636.803,634.4948,632.1865,634.3861,640.8242,647.2623,653.7004,660.1385,665.0259,649.9534,651.5457,653.973,655.3643,643.118,582.8627,0,0,0,0,0,0,0,0,0,0,0,0,0,0,0,0,0,0,0,0,0,0,0,0,0,0,0,0,0,0,0,0,0,0,0,0,0,0,0,0,0,0,0,0,0,0,0,0,0,0,0,0,0,0,0,0,0,0,0,0,0,0,0,0,0,0,0,0,0,0,0,0,0,0,0,0,0,0,0,0,0,0,0,0,0,0,0,0,0,0,0,0,0,0,0,0,0,0,0,0,0,0,0,0,0,0,0,0,0,0,0,0,0,0,0,0,0,0,0,0,0,0,0,0,0,0,0,0,0,0,0,0,0,0,0,0,0,0,0,0,0,0,0,0,0,0,0,0,0,0,0,0,0,0,0,0,0,0,0,0,0,0,0,0,0,0,0,0,0,0,0,0,0,0,0,0,0,0,0,0,0,0,0,0,0,0,0,0,0,0,0,0,0,0,0,0,0,0,0,0,0,0,0,0,0,0,0,0,0,0,0,0,0,0,0,0,0,0,0,0,0,0,0,0,0,0,0,0,0,0,0,0,0,0,0,0,0,0,0,0,0,0,0,0,0,0,0,0,0,0,
170,0,0,0,0,472.0232,472.7079,473.3927,474.0775,474.6567,475.1819,475.7072,476.2324,476.7577,477.1717,477.1185,477.0653,477.0121,476.959,476.9058,480.7303,486.0424,491.3545,496.6666,501.9786,510.4324,528.1504,545.8684,563.5864,581.3044,599.0224,605.5665,609.0271,612.4877,615.9482,619.4089,623.4658,628.8245,634.1832,639.5418,644.9005,650.2592,643.6728,634.8903,626.1077,617.3251,608.5425,602.9366,602.6208,602.305,601.9891,601.6733,601.3575,602.2701,603.3106,604.3511,605.3915,606.4319,608.1481,610.7377,613.3272,615.9168,618.5063,621.0959,623.1681,625.2225,627.2768,629.3311,631.3854,634.9882,640.1573,645.3264,650.4956,655.6647,660.5989,657.2614,653.924,650.5864,647.2488,643.9114,640.264,636.3713,632.4786,628.5859,624.6933,621.1354,621.0224,620.9094,620.7964,620.6833,620.5703,623.0565,627.1419,631.2273,635.3127,639.3981,644.6411,656.4653,668.2896,680.1138,691.938,703.7623,709.3743,712.0635,714.7528,717.4421,720.1313,724.6241,735.8798,747.1355,758.3912,769.647,780.9027,778.7631,771.942,765.1208,758.2997,751.4786,740.0914,716.4531,692.8147,669.1763,645.5379,621.8995,621.0579,625.8447,630.6315,635.4182,640.205,643.0278,641.9074,640.787,639.6667,638.5463,637.426,645.5887,655.2256,664.8625,674.4995,684.1364,693.496,702.4282,711.3604,720.2925,729.2247,738.157,739.7701,740.7806,741.7911,742.8017,743.8123,730.6111,700.3477,670.0842,639.8207,609.5573,579.2938,587.9684,597.2394,606.5105,615.7816,625.0527,637.4831,652.8841,668.285,683.686,699.087,615.6592,610.8294,603.0974,591.8202,589.3804,0,0,0,0,0,0,0,0,0,0,0,0,0,0,0,0,0,0,0,0,0,0,0,0,0,0,0,0,0,0,0,0,0,0,0,0,0,0,0,0,0,0,0,0,0,0,0,0,0,0,0,0,0,0,0,0,0,0,0,0,0,0,0,0,0,0,0,0,0,0,0,0,0,0,0,0,0,0,0,0,0,0,0,0,0,0,0,0,0,0,0,0,0,0,0,0,0,0,0,0,0,0,0,0,0,0,0,0,0,0,0,0,0,0,0,0,0,0,0,0,0,0,0,0,0,0,0,0,0,0,0,0,0,0,0,0,0,0,0,0,0,0,0,0,0,0,0,0,0,0,0,0,0,0,0,0,0,0,0,0,0,0,0,0,0,0,0,0,0,0,0,0,0,0,0,0,0,0,0,0,0,0,0,0,0,0,0,0,0,0,0,0,0,0,0,0,0,0,0,0,0,0,0,0,0,0,0,0,0,0,0,0,0,0,0,0,0,0,0,0,0,0,0,0,0,0,0,0,0,0,0,0,0,0,0,0,0,0,0,0,0,0,0,0,0,0,0,0,0,0,0,0,
171,0,0,0,0,468.5594,470.1906,471.8217,473.4529,473.6522,473.1198,472.5872,472.0547,471.5222,470.9535,470.2322,469.511,468.7899,468.0686,467.3474,471.6306,477.8333,484.0361,490.2389,496.4417,506.4769,527.8135,549.15,570.4866,591.8231,613.1597,615.5562,612.7261,609.8959,607.0659,604.2358,602.9991,605.2402,607.4814,609.7225,611.9637,614.2049,605.7706,595.3737,584.9767,574.5797,564.1827,558.0902,559.1661,560.2421,561.318,562.394,563.4699,564.5641,565.6602,566.7564,567.8525,568.9487,570.5262,572.7261,574.926,577.1259,579.3257,581.5256,586.3292,591.2227,596.1162,601.0097,605.9032,611.6256,618.1865,624.7473,631.3082,637.8691,644.1828,641.7916,639.4005,637.0094,634.6182,632.2271,630.334,628.8351,627.3362,625.8373,624.3384,622.9722,622.9705,622.9689,622.9672,622.9655,622.9638,626.4573,632.1016,637.7457,643.3899,649.0341,655.2612,664.803,674.3448,683.8865,693.4283,702.9701,709.4797,714.5628,719.6459,724.7289,729.812,737.2729,753.6503,770.0276,786.4049,802.7823,819.1596,809.3121,790.2993,771.2864,752.2736,733.2608,711.1481,680.718,650.2878,619.8578,589.4277,558.9976,563.2849,576.1439,589.0027,601.8616,614.7205,625.634,632.6414,639.6489,646.6563,653.6637,660.6711,669.3712,678.3401,687.3089,696.2778,705.2467,712.865,718.4013,723.9376,729.474,735.0103,740.5466,742.3129,743.7688,745.2248,746.6807,748.1366,729.4105,686.4543,643.4982,600.5419,557.5858,514.6296,534.5172,555.3677,576.2181,597.0685,617.9189,640.5801,664.9439,632.0098,639.7911,633.2023,610.0878,598.092,0,0,0,0,0,0,0,0,0,0,0,0,0,0,0,0,0,0,0,0,0,0,0,0,0,0,0,0,0,0,0,0,0,0,0,0,0,0,0,0,0,0,0,0,0,0,0,0,0,0,0,0,0,0,0,0,0,0,0,0,0,0,0,0,0,0,0,0,0,0,0,0,0,0,0,0,0,0,0,0,0,0,0,0,0,0,0,0,0,0,0,0,0,0,0,0,0,0,0,0,0,0,0,0,0,0,0,0,0,0,0,0,0,0,0,0,0,0,0,0,0,0,0,0,0,0,0,0,0,0,0,0,0,0,0,0,0,0,0,0,0,0,0,0,0,0,0,0,0,0,0,0,0,0,0,0,0,0,0,0,0,0,0,0,0,0,0,0,0,0,0,0,0,0,0,0,0,0,0,0,0,0,0,0,0,0,0,0,0,0,0,0,0,0,0,0,0,0,0,0,0,0,0,0,0,0,0,0,0,0,0,0,0,0,0,0,0,0,0,0,0,0,0,0,0,0,0,0,0,0,0,0,0,0,0,0,0,0,0,0,0,0,0,0,0,0,0,0,0,0,0,0,0,0,0,
172,0,0,0,0,470.6682,471.2171,471.766,472.3149,472.1013,471.498,470.8947,470.2914,469.688,469.4712,470.8781,472.2851,473.692,475.099,476.506,483.6872,493.0834,502.4797,511.876,521.2722,531.9428,546.371,560.7993,575.2274,589.6556,604.0839,602.8062,597.1943,591.5825,585.9706,580.3588,577.2341,579.5377,581.8414,584.145,586.4486,588.7523,588.0413,586.7761,585.5109,584.2456,582.9804,582.5603,583.5477,584.535,585.5223,586.5096,587.497,588.8319,590.2031,591.5742,592.9453,594.3164,596.4052,599.4215,602.4379,605.4543,608.4707,611.4871,614.3986,617.3063,620.2142,623.122,626.0298,631.6091,639.8907,648.1724,656.454,664.7355,672.744,671.1348,669.5255,667.9163,666.3071,664.6978,663.1398,661.6224,660.1049,658.5874,657.0699,655.6237,654.911,654.1982,653.4855,652.7727,652.06,654.6523,659.2784,663.9044,668.5305,673.1566,678.2584,686.066,693.8736,701.6812,709.4888,717.2964,722.903,727.474,732.045,736.616,741.187,746.2053,752.9009,759.5964,766.292,772.9875,779.6831,766.5009,746.3715,726.2421,706.1127,685.9833,667.1676,651.8768,636.5859,621.295,606.0042,590.7133,598.4481,611.8678,625.2875,638.7072,652.1268,662.8903,668.3211,673.7519,679.1827,684.6135,690.0443,694.1193,697.9791,701.8389,705.6987,709.5585,712.5908,714.3475,716.1042,717.8609,719.6176,721.3742,725.2401,729.2797,733.3192,737.3588,741.3983,721.9764,674.3871,626.7979,579.2086,531.6193,484.03,508.7724,534.6228,560.4733,586.3237,612.1741,616.1066,598.8597,604.6654,612.6422,611.7167,598.3279,0,0,0,0,0,0,0,0,0,0,0,0,0,0,0,0,0,0,0,0,0,0,0,0,0,0,0,0,0,0,0,0,0,0,0,0,0,0,0,0,0,0,0,0,0,0,0,0,0,0,0,0,0,0,0,0,0,0,0,0,0,0,0,0,0,0,0,0,0,0,0,0,0,0,0,0,0,0,0,0,0,0,0,0,0,0,0,0,0,0,0,0,0,0,0,0,0,0,0,0,0,0,0,0,0,0,0,0,0,0,0,0,0,0,0,0,0,0,0,0,0,0,0,0,0,0,0,0,0,0,0,0,0,0,0,0,0,0,0,0,0,0,0,0,0,0,0,0,0,0,0,0,0,0,0,0,0,0,0,0,0,0,0,0,0,0,0,0,0,0,0,0,0,0,0,0,0,0,0,0,0,0,0,0,0,0,0,0,0,0,0,0,0,0,0,0,0,0,0,0,0,0,0,0,0,0,0,0,0,0,0,0,0,0,0,0,0,0,0,0,0,0,0,0,0,0,0,0,0,0,0,0,0,0,0,0,0,0,0,0,0,0,0,0,0,0,0,0,0,0,0,0,0,0,0,0,
173,0,0,0,0,472.8625,472.298,471.7336,471.1691,470.5421,469.8831,469.2241,468.5651,467.9061,468.0617,471.6398,475.2179,478.796,482.374,485.9521,496.0689,508.6941,521.3192,533.9443,546.5694,557.8607,565.2189,572.577,579.9351,587.2933,594.6514,589.7068,581.3671,573.0274,564.6878,556.3481,551.3877,553.8027,556.2176,558.6326,561.0475,563.4626,570.6219,578.6535,586.6852,594.7169,602.7485,608.0954,608.9714,609.8474,610.7234,611.5994,612.4754,614.0519,615.7014,617.3509,619.0004,620.6499,623.2597,627.1112,630.9626,634.814,638.6655,642.5169,643.4651,644.3132,645.1613,646.0093,646.8573,652.2587,662.2661,672.2734,682.2808,692.2881,701.9963,701.1664,700.3365,699.5067,698.6769,697.847,696.6024,695.0292,693.4561,691.8829,690.3098,688.7487,687.3123,685.8758,684.4393,683.0028,681.5663,683.2283,686.7966,690.3649,693.9332,697.5016,701.4458,707.5276,713.6094,719.6913,725.7731,731.8549,736.5308,740.5451,744.5594,748.5737,752.588,755.0806,751.8669,748.6533,745.4396,742.2259,739.0123,722.5624,701.4866,680.4108,659.3351,638.2593,622.9561,623.1414,623.3268,623.5121,623.6975,623.8829,635.0392,648.9042,662.7693,676.6344,690.4994,700.9864,704.6914,708.3964,712.1014,715.8065,719.5115,718.8823,717.5648,716.2473,714.9297,713.6122,712.0148,709.986,707.9571,705.9282,703.8994,701.8705,707.866,714.522,721.178,727.834,734.4901,714.4465,662.348,610.2495,558.1509,506.0524,453.9538,483.4532,514.2025,544.9519,575.7014,606.4507,540.6688,546.8307,547.8538,552.4578,0,0,0,0,0,0,0,0,0,0,0,0,0,0,0,0,0,0,0,0,0,0,0,0,0,0,0,0,0,0,0,0,0,0,0,0,0,0,0,0,0,0,0,0,0,0,0,0,0,0,0,0,0,0,0,0,0,0,0,0,0,0,0,0,0,0,0,0,0,0,0,0,0,0,0,0,0,0,0,0,0,0,0,0,0,0,0,0,0,0,0,0,0,0,0,0,0,0,0,0,0,0,0,0,0,0,0,0,0,0,0,0,0,0,0,0,0,0,0,0,0,0,0,0,0,0,0,0,0,0,0,0,0,0,0,0,0,0,0,0,0,0,0,0,0,0,0,0,0,0,0,0,0,0,0,0,0,0,0,0,0,0,0,0,0,0,0,0,0,0,0,0,0,0,0,0,0,0,0,0,0,0,0,0,0,0,0,0,0,0,0,0,0,0,0,0,0,0,0,0,0,0,0,0,0,0,0,0,0,0,0,0,0,0,0,0,0,0,0,0,0,0,0,0,0,0,0,0,0,0,0,0,0,0,0,0,0,0,0,0,0,0,0,0,0,0,0,0,0,0,0,0,0,0,0,0,0,0,
174,0,0,0,0,475.0568,473.3789,471.7011,470.0232,468.9828,468.2681,467.5535,466.8388,466.1241,466.6523,472.4014,478.1506,483.8998,489.649,495.3982,508.4506,524.3046,540.1586,556.0126,571.8666,583.7786,584.0667,584.3547,584.6428,584.9309,585.219,576.6074,565.5399,554.4725,543.4049,532.3374,525.5413,528.0676,530.5939,533.1202,535.6465,538.1729,553.2025,570.531,587.8595,605.188,622.5166,633.6306,634.3953,635.1599,635.9245,636.6892,637.4539,639.272,641.1998,643.1276,645.0555,646.9833,650.1143,654.8008,659.4873,664.1738,668.8602,673.5468,672.5318,671.32,670.1083,668.8965,667.6848,672.9084,684.6415,696.3746,708.1077,719.8408,731.2485,731.1981,731.1476,731.0972,731.0467,730.9962,730.0649,728.436,726.8072,725.1783,723.5496,721.8737,719.7135,717.5533,715.3931,713.233,711.0728,711.8042,714.3148,716.8254,719.3361,721.8466,724.6332,728.9893,733.3453,737.7014,742.0574,746.4135,750.1586,753.6162,757.0738,760.5314,763.989,763.9559,750.8329,737.7101,724.5872,711.4642,698.3414,678.6239,656.6017,634.5796,612.5574,590.5353,578.7445,594.4061,610.0677,625.7292,641.3909,657.0524,671.6304,685.9408,700.2512,714.5616,728.8719,739.0825,741.0618,743.041,745.0202,746.9995,748.9788,743.6452,737.1504,730.6556,724.1608,717.666,711.4388,705.6245,699.8101,693.9956,688.1812,682.3668,690.4918,699.7643,709.0367,718.3093,727.5818,706.9166,650.3088,590.2953,535.1562,495.5579,474.0954,469.2149,481.8232,511.9206,532.344,533.4855,515.3451,511.9914,497.3345,0,0,0,0,0,0,0,0,0,0,0,0,0,0,0,0,0,0,0,0,0,0,0,0,0,0,0,0,0,0,0,0,0,0,0,0,0,0,0,0,0,0,0,0,0,0,0,0,0,0,0,0,0,0,0,0,0,0,0,0,0,0,0,0,0,0,0,0,0,0,0,0,0,0,0,0,0,0,0,0,0,0,0,0,0,0,0,0,0,0,0,0,0,0,0,0,0,0,0,0,0,0,0,0,0,0,0,0,0,0,0,0,0,0,0,0,0,0,0,0,0,0,0,0,0,0,0,0,0,0,0,0,0,0,0,0,0,0,0,0,0,0,0,0,0,0,0,0,0,0,0,0,0,0,0,0,0,0,0,0,0,0,0,0,0,0,0,0,0,0,0,0,0,0,0,0,0,0,0,0,0,0,0,0,0,0,0,0,0,0,0,0,0,0,0,0,0,0,0,0,0,0,0,0,0,0,0,0,0,0,0,0,0,0,0,0,0,0,0,0,0,0,0,0,0,0,0,0,0,0,0,0,0,0,0,0,0,0,0,0,0,0,0,0,0,0,0,0,0,0,0,0,0,0,0,0,0,0,0,
175,0,0,0,0,474.3394,472.4843,470.6292,468.7741,468.6952,469.5241,470.353,471.1819,472.0107,473.8731,480.0772,486.2813,492.4854,498.6894,504.8935,518.1786,534.18,550.1814,566.1828,582.1842,593.1172,589.1047,585.092,581.0794,577.0668,573.0542,566.9994,560.381,553.7628,547.1444,540.5261,535.6518,534.5839,533.5161,532.4482,531.3804,530.3125,544.8284,562.2095,579.5906,596.9717,614.3528,625.2676,625.4139,625.5601,625.7064,625.8527,625.9988,628.7526,631.7779,634.8032,637.8285,640.8538,644.8657,650.1532,655.4407,660.7282,666.0157,671.3033,674.0483,676.7056,679.3629,682.0202,684.6775,691.6575,703.0101,714.3627,725.7153,737.0679,748.1303,748.9763,749.8221,750.6681,751.514,752.3599,752.0113,750.7169,749.4224,748.128,746.8336,745.502,743.7883,742.0745,740.3608,738.6471,736.9334,737.494,739.4539,741.4138,743.3738,745.3337,746.7231,744.8677,743.0125,741.157,739.3018,737.4464,735.616,733.7972,731.9785,730.1598,728.341,724.7004,714.228,703.7556,693.2832,682.8108,672.3384,660.4679,648.1088,635.7498,623.3907,611.0317,604.4141,613.2017,621.9895,630.7772,639.5649,648.3525,660.1749,672.7462,685.3177,697.8892,710.4606,719.5331,721.5808,723.6286,725.6763,727.724,729.7718,722.033,712.7402,703.4475,694.1547,684.8619,679.0395,678.5668,678.0941,677.6213,677.1487,676.676,683.9128,691.7842,699.6556,707.527,715.3985,686.9568,617.1727,572.1598,516.5015,475.7787,456.2437,450.9853,464.1495,495.7364,515.812,513.0134,487.3408,477.2757,0,0,0,0,0,0,0,0,0,0,0,0,0,0,0,0,0,0,0,0,0,0,0,0,0,0,0,0,0,0,0,0,0,0,0,0,0,0,0,0,0,0,0,0,0,0,0,0,0,0,0,0,0,0,0,0,0,0,0,0,0,0,0,0,0,0,0,0,0,0,0,0,0,0,0,0,0,0,0,0,0,0,0,0,0,0,0,0,0,0,0,0,0,0,0,0,0,0,0,0,0,0,0,0,0,0,0,0,0,0,0,0,0,0,0,0,0,0,0,0,0,0,0,0,0,0,0,0,0,0,0,0,0,0,0,0,0,0,0,0,0,0,0,0,0,0,0,0,0,0,0,0,0,0,0,0,0,0,0,0,0,0,0,0,0,0,0,0,0,0,0,0,0,0,0,0,0,0,0,0,0,0,0,0,0,0,0,0,0,0,0,0,0,0,0,0,0,0,0,0,0,0,0,0,0,0,0,0,0,0,0,0,0,0,0,0,0,0,0,0,0,0,0,0,0,0,0,0,0,0,0,0,0,0,0,0,0,0,0,0,0,0,0,0,0,0,0,0,0,0,0,0,0,0,0,0,0,0,0,0,
176,0,0,0,0,472.3782,470.7457,469.1133,467.4808,468.9509,472.0066,475.0623,478.118,481.1736,484.7811,490.7068,496.6326,502.5583,508.4841,514.4098,526.7728,541.6051,556.4374,571.2698,586.1021,595.3727,588.2426,581.1124,573.9823,566.8522,559.722,558.883,559.7802,560.6772,561.5743,562.4714,561.1244,554.8793,548.634,542.3889,536.1438,529.8986,540.3188,553.803,567.2872,580.7714,594.2556,602.4223,601.7335,601.0447,600.3558,599.6671,598.9783,602.9641,607.4368,611.9095,616.3823,620.855,625.9016,631.6901,637.4786,643.2672,649.0557,654.8442,663.7944,672.8538,681.9131,690.9725,700.0318,709.5947,719.6668,729.7391,739.8112,749.8834,759.7269,761.5192,763.3116,765.1039,766.8962,768.6885,769.0377,768.2443,767.4509,766.6575,765.8641,765.073,764.3057,763.5383,762.771,762.0037,761.2364,761.9506,763.5765,765.2025,766.8284,768.4543,768.344,758.3608,748.3777,738.3946,728.4115,718.4283,709.038,699.9265,690.8149,681.7035,672.592,664.8817,662.4258,659.9698,657.5139,655.058,652.602,653.327,655.1638,657.0005,658.8373,660.674,659.9391,652.3043,644.6694,637.0345,629.3995,621.7646,628.1921,638.0913,647.9906,657.8899,667.7892,675.3556,678.2384,681.1212,684.004,686.8867,689.7695,680.6079,669.5338,658.4595,647.3853,636.3111,633.0441,641.8126,650.5811,659.3495,668.118,676.8865,681.9458,686.6998,691.4536,696.2076,700.9615,661.6865,582.3273,540.4161,486.4832,446.3643,432.7843,426.2166,438.998,471.1286,490.4663,0,0,0,0,0,0,0,0,0,0,0,0,0,0,0,0,0,0,0,0,0,0,0,0,0,0,0,0,0,0,0,0,0,0,0,0,0,0,0,0,0,0,0,0,0,0,0,0,0,0,0,0,0,0,0,0,0,0,0,0,0,0,0,0,0,0,0,0,0,0,0,0,0,0,0,0,0,0,0,0,0,0,0,0,0,0,0,0,0,0,0,0,0,0,0,0,0,0,0,0,0,0,0,0,0,0,0,0,0,0,0,0,0,0,0,0,0,0,0,0,0,0,0,0,0,0,0,0,0,0,0,0,0,0,0,0,0,0,0,0,0,0,0,0,0,0,0,0,0,0,0,0,0,0,0,0,0,0,0,0,0,0,0,0,0,0,0,0,0,0,0,0,0,0,0,0,0,0,0,0,0,0,0,0,0,0,0,0,0,0,0,0,0,0,0,0,0,0,0,0,0,0,0,0,0,0,0,0,0,0,0,0,0,0,0,0,0,0,0,0,0,0,0,0,0,0,0,0,0,0,0,0,0,0,0,0,0,0,0,0,0,0,0,0,0,0,0,0,0,0,0,0,0,0,0,0,0,0,0,0,0,0,0,
177,0,0,0,0,470.4168,469.0071,467.5973,466.1876,469.2066,474.4891,479.7715,485.054,490.3365,495.6891,501.3365,506.9839,512.6313,518.2787,523.926,535.3669,549.0302,562.6934,576.3567,590.02,597.6281,587.3804,577.1328,566.8851,556.6375,546.3898,550.7667,559.1792,567.5917,576.0043,584.4168,586.597,575.1745,563.7521,552.3296,540.9072,529.4847,535.8091,545.3964,554.9838,564.5711,574.1584,579.577,578.0531,576.5292,575.0054,573.4816,571.9577,577.1757,583.0958,589.0159,594.936,600.8561,606.9374,613.2269,619.5165,625.8061,632.0956,638.3853,653.5406,669.002,684.4634,699.9247,715.3862,727.5319,736.3237,745.1154,753.9072,762.699,771.3236,774.0623,776.801,779.5397,782.2784,785.0171,786.0641,785.7718,785.4794,785.187,784.8947,784.644,784.8231,785.0021,785.1812,785.3602,785.5393,786.4073,787.6992,788.9911,790.283,791.5749,789.9649,771.854,753.743,735.6321,717.5212,699.4103,682.46,666.0557,649.6515,633.2473,616.843,605.0631,610.6236,616.1841,621.7446,627.3052,632.8657,646.1862,662.2188,678.2513,694.2839,710.3164,715.4643,691.4068,667.3493,643.2917,619.2342,595.1767,596.2093,603.4364,610.6635,617.8907,625.1178,631.1782,634.8959,638.6138,642.3316,646.0494,649.7673,639.1827,626.3271,613.4715,600.6158,587.7602,587.0486,605.0583,623.0681,641.0777,659.0874,677.0972,679.9789,681.6153,683.2517,684.8881,686.5245,537.0482,515.7333,479.3271,430.2979,391.3335,386.8941,375.2912,383.9353,412.8266,0,0,0,0,0,0,0,0,0,0,0,0,0,0,0,0,0,0,0,0,0,0,0,0,0,0,0,0,0,0,0,0,0,0,0,0,0,0,0,0,0,0,0,0,0,0,0,0,0,0,0,0,0,0,0,0,0,0,0,0,0,0,0,0,0,0,0,0,0,0,0,0,0,0,0,0,0,0,0,0,0,0,0,0,0,0,0,0,0,0,0,0,0,0,0,0,0,0,0,0,0,0,0,0,0,0,0,0,0,0,0,0,0,0,0,0,0,0,0,0,0,0,0,0,0,0,0,0,0,0,0,0,0,0,0,0,0,0,0,0,0,0,0,0,0,0,0,0,0,0,0,0,0,0,0,0,0,0,0,0,0,0,0,0,0,0,0,0,0,0,0,0,0,0,0,0,0,0,0,0,0,0,0,0,0,0,0,0,0,0,0,0,0,0,0,0,0,0,0,0,0,0,0,0,0,0,0,0,0,0,0,0,0,0,0,0,0,0,0,0,0,0,0,0,0,0,0,0,0,0,0,0,0,0,0,0,0,0,0,0,0,0,0,0,0,0,0,0,0,0,0,0,0,0,0,0,0,0,0,0,0,0,0,0,
178,0,0,0,0,0,470.3523,469.9071,469.4619,473.1761,479.0162,484.8563,490.6963,496.5364,502.6291,509.7833,516.9374,524.0916,531.2457,538.3999,548.2239,559.0721,569.9202,580.7684,591.6166,596.6794,584.6821,572.6847,560.6874,548.69,536.6927,543.02,554.4039,565.788,577.172,588.556,591.2784,575.0959,558.9135,542.731,526.5486,510.3661,516.4391,526.6039,536.7687,546.9335,557.0984,561.86,557.6232,553.3865,549.1497,544.913,540.6762,548.5869,557.7627,566.9385,576.1144,585.2902,592.9302,598.5848,604.2394,609.894,615.5486,621.2032,639.03,657.2768,675.5236,693.7704,712.0172,724.7657,731.9526,739.1394,746.3262,753.513,760.6133,764.6694,768.7254,772.7814,776.8374,780.8934,782.634,782.5413,782.4486,782.3558,782.2631,782.1674,782.041,781.9145,781.788,781.6616,781.5351,782.1373,783.188,784.2386,785.2892,786.3398,784.0059,762.4271,740.8483,719.2693,697.6905,676.1116,658.5788,642.9496,627.3205,611.6913,596.0621,585.5471,594.2092,602.8713,611.5334,620.1955,628.8576,647.3849,669.36,691.3351,713.3102,735.2852,743.2617,713.6777,684.0938,654.5099,624.926,595.3421,592.4866,596.2301,599.9737,603.7172,607.4608,606.1626,594.7421,592.8682,579.8784,570.1713,564.3066,552.2684,540.7202,529.6617,520.7258,517.0144,518.5274,525.2648,537.2265,552.3571,564.9748,574.8727,582.0508,586.5092,588.2477,580.9355,554.1617,507.9261,487.4629,452.8468,404.9585,357.0702,379.8499,0,0,0,0,0,0,0,0,0,0,0,0,0,0,0,0,0,0,0,0,0,0,0,0,0,0,0,0,0,0,0,0,0,0,0,0,0,0,0,0,0,0,0,0,0,0,0,0,0,0,0,0,0,0,0,0,0,0,0,0,0,0,0,0,0,0,0,0,0,0,0,0,0,0,0,0,0,0,0,0,0,0,0,0,0,0,0,0,0,0,0,0,0,0,0,0,0,0,0,0,0,0,0,0,0,0,0,0,0,0,0,0,0,0,0,0,0,0,0,0,0,0,0,0,0,0,0,0,0,0,0,0,0,0,0,0,0,0,0,0,0,0,0,0,0,0,0,0,0,0,0,0,0,0,0,0,0,0,0,0,0,0,0,0,0,0,0,0,0,0,0,0,0,0,0,0,0,0,0,0,0,0,0,0,0,0,0,0,0,0,0,0,0,0,0,0,0,0,0,0,0,0,0,0,0,0,0,0,0,0,0,0,0,0,0,0,0,0,0,0,0,0,0,0,0,0,0,0,0,0,0,0,0,0,0,0,0,0,0,0,0,0,0,0,0,0,0,0,0,0,0,0,0,0,0,0,0,0,0,0,0,0,0,0,0,0,0,
179,0,0,0,0,0,476.0188,477.5777,479.1366,482.3498,486.4084,490.467,494.5256,498.5843,504.0087,515.1711,526.3335,537.4958,548.6583,559.8207,567.0543,572.7808,578.5074,584.2339,589.9604,591.2409,579.4105,567.5803,555.7499,543.9196,532.0893,535.7912,543.7794,551.7675,559.7557,567.7438,566.8254,546.4677,526.11,505.7523,485.3947,465.037,476.2455,493.2577,510.2699,527.2822,544.2944,551.3292,541.7482,532.1671,522.5861,513.005,503.4239,516.074,531.0395,546.005,560.9705,575.936,585.8693,589.2971,592.7249,596.1527,599.5805,603.0083,618.5544,634.5188,650.4832,666.4475,682.4119,692.9886,698.1157,703.2427,708.3697,713.4967,718.6448,724.538,730.4311,736.3243,742.2173,748.1105,750.5386,750.2232,749.9078,749.5923,749.2769,748.7958,746.6096,744.4233,742.2371,740.0508,737.8646,737.6133,738.5526,739.4919,740.4312,741.3704,739.3998,720.8828,702.3658,683.8488,665.3317,646.8147,638.4767,634.9279,631.3792,627.8303,624.2816,622.5065,627.3831,632.2596,637.1362,642.0127,646.8893,660.2697,676.6221,692.9745,709.327,725.6794,732.2048,712.3632,692.5214,672.6798,652.8381,632.9964,628.3642,627.4872,626.6101,625.7331,624.856,607.9984,572.1696,554.6712,535.1699,524.0915,525.022,510.6741,497.9098,486.729,477.9856,474.8851,477.4276,485.6131,499.4417,516.693,530.841,0,549.0609,553.1326,0,0,0,0,0,0,0,0,0,0,0,0,0,0,0,0,0,0,0,0,0,0,0,0,0,0,0,0,0,0,0,0,0,0,0,0,0,0,0,0,0,0,0,0,0,0,0,0,0,0,0,0,0,0,0,0,0,0,0,0,0,0,0,0,0,0,0,0,0,0,0,0,0,0,0,0,0,0,0,0,0,0,0,0,0,0,0,0,0,0,0,0,0,0,0,0,0,0,0,0,0,0,0,0,0,0,0,0,0,0,0,0,0,0,0,0,0,0,0,0,0,0,0,0,0,0,0,0,0,0,0,0,0,0,0,0,0,0,0,0,0,0,0,0,0,0,0,0,0,0,0,0,0,0,0,0,0,0,0,0,0,0,0,0,0,0,0,0,0,0,0,0,0,0,0,0,0,0,0,0,0,0,0,0,0,0,0,0,0,0,0,0,0,0,0,0,0,0,0,0,0,0,0,0,0,0,0,0,0,0,0,0,0,0,0,0,0,0,0,0,0,0,0,0,0,0,0,0,0,0,0,0,0,0,0,0,0,0,0,0,0,0,0,0,0,0,0,0,0,0,0,0,0,0,0,0,0,0,0,0,0,0,0,0,0,0,0,0,0,0,0,0,0,0,0,0,
180,0,0,0,0,0,481.6853,485.2483,488.8113,491.5234,493.8006,496.0778,498.355,500.6322,505.3884,520.559,535.7296,550.9002,566.0708,581.2415,585.8846,586.4896,587.0945,587.6994,588.3043,585.8024,574.1391,562.4758,550.8125,539.1492,527.4858,528.5625,533.1548,537.7471,542.3394,546.9316,542.3724,517.8395,493.3066,468.7737,444.2408,419.7078,436.0519,459.9116,483.7712,507.6308,531.4904,540.7985,525.8731,510.9478,496.0224,481.097,466.1717,483.5611,504.3163,525.0715,545.8266,566.5818,578.8083,580.0093,581.2103,582.4114,583.6124,584.8134,598.0789,611.7608,625.4427,639.1246,652.8064,661.2114,664.2787,667.3459,670.4131,673.4803,676.6764,684.4066,692.1368,699.8671,707.5973,715.3275,718.4432,717.9051,717.367,716.8289,716.2908,715.4243,711.1782,706.9322,702.6862,698.4401,694.1941,693.0892,693.9172,694.7451,695.5731,696.401,694.7936,679.3384,663.8832,648.4281,632.9729,617.5178,618.3747,626.9062,635.4378,643.9693,652.5009,659.4659,660.5569,661.6479,662.7389,663.8299,664.9209,673.1545,683.8842,694.614,705.3438,716.0735,721.148,711.0485,700.9491,690.8496,680.7501,670.6506,664.2418,658.7442,653.2466,647.7489,642.2513,532.3007,517.5651,495.9457,470.2422,456.7898,467.1671,448.5314,433.9283,423.3578,415.456,412.9322,415.7863,424.0184,437.6285,454.5006,468.2306,0,0,0,0,0,0,0,0,0,0,0,0,0,0,0,0,0,0,0,0,0,0,0,0,0,0,0,0,0,0,0,0,0,0,0,0,0,0,0,0,0,0,0,0,0,0,0,0,0,0,0,0,0,0,0,0,0,0,0,0,0,0,0,0,0,0,0,0,0,0,0,0,0,0,0,0,0,0,0,0,0,0,0,0,0,0,0,0,0,0,0,0,0,0,0,0,0,0,0,0,0,0,0,0,0,0,0,0,0,0,0,0,0,0,0,0,0,0,0,0,0,0,0,0,0,0,0,0,0,0,0,0,0,0,0,0,0,0,0,0,0,0,0,0,0,0,0,0,0,0,0,0,0,0,0,0,0,0,0,0,0,0,0,0,0,0,0,0,0,0,0,0,0,0,0,0,0,0,0,0,0,0,0,0,0,0,0,0,0,0,0,0,0,0,0,0,0,0,0,0,0,0,0,0,0,0,0,0,0,0,0,0,0,0,0,0,0,0,0,0,0,0,0,0,0,0,0,0,0,0,0,0,0,0,0,0,0,0,0,0,0,0,0,0,0,0,0,0,0,0,0,0,0,0,0,0,0,0,0,0,0,0,0,0,0,0,0,0,0,0,0,0,0,0,0,0,0,0,0,
181,0,0,0,0,0,486.6778,492.0682,497.4587,500.1166,501.3779,502.6393,503.9006,505.162,509.6531,527.713,545.7729,563.8329,581.8928,599.9527,602.3976,598.8526,595.3076,591.7626,588.2175,582.5657,570.7014,558.837,546.9727,535.1083,523.2439,522.031,523.7574,525.4839,527.2103,528.9368,521.5074,494.0949,466.6823,439.2697,411.8571,384.4446,403.9243,432.0253,460.1264,488.2275,516.3286,526.8036,507.9253,489.047,470.1686,451.2902,432.4118,453.3519,478.4391,503.5265,528.6138,553.701,567.6815,567.3035,566.9255,566.5475,566.1696,565.7916,577.7943,590.2243,602.6544,615.0844,627.5143,634.4379,635.7913,637.1447,638.4981,639.8516,641.3916,649.5014,657.6111,665.7209,673.8307,681.9405,684.9106,683.8112,682.7119,681.6124,680.513,678.9928,673.1434,667.294,661.4446,655.5952,649.7458,648.6859,650.5729,652.46,654.347,656.2341,656.1791,645.0814,633.9836,622.8859,611.7882,600.6905,609.9404,628.7634,647.5865,666.4096,685.2327,699.6434,697.5083,695.3732,693.2382,691.103,688.968,692.5759,698.1909,703.806,709.421,715.0361,716.921,708.7975,685.3556,658.5992,637.1522,622.538,609.0337,599.2019,593.0425,582.5251,556.7128,515.6056,495.4614,464.7401,424.0336,392.06,385.6628,360.2198,0,0,0,0,0,0,0,0,0,0,0,0,0,0,0,0,0,0,0,0,0,0,0,0,0,0,0,0,0,0,0,0,0,0,0,0,0,0,0,0,0,0,0,0,0,0,0,0,0,0,0,0,0,0,0,0,0,0,0,0,0,0,0,0,0,0,0,0,0,0,0,0,0,0,0,0,0,0,0,0,0,0,0,0,0,0,0,0,0,0,0,0,0,0,0,0,0,0,0,0,0,0,0,0,0,0,0,0,0,0,0,0,0,0,0,0,0,0,0,0,0,0,0,0,0,0,0,0,0,0,0,0,0,0,0,0,0,0,0,0,0,0,0,0,0,0,0,0,0,0,0,0,0,0,0,0,0,0,0,0,0,0,0,0,0,0,0,0,0,0,0,0,0,0,0,0,0,0,0,0,0,0,0,0,0,0,0,0,0,0,0,0,0,0,0,0,0,0,0,0,0,0,0,0,0,0,0,0,0,0,0,0,0,0,0,0,0,0,0,0,0,0,0,0,0,0,0,0,0,0,0,0,0,0,0,0,0,0,0,0,0,0,0,0,0,0,0,0,0,0,0,0,0,0,0,0,0,0,0,0,0,0,0,0,0,0,0,0,0,0,0,0,0,0,0,0,0,0,0,0,0,0,0,0,0,0,0,0,
182,0,0,0,0,0,487.2472,493.3057,499.3641,504.9006,510.1701,515.4397,520.7093,525.9789,532.8513,546.4576,560.064,573.6703,587.2766,600.8829,603.7025,602.3843,601.0661,599.7479,598.4297,593.7781,579.2973,564.8164,550.3356,535.8547,521.3738,520.075,522.4139,524.7527,527.0914,529.4303,524.1876,502.3977,480.6078,458.8179,437.028,415.2381,424.7283,439.9697,455.211,470.4523,485.6937,490.0763,476.3752,462.6741,448.9731,435.272,421.5709,438.2599,458.1143,477.9686,497.8229,517.6772,529.8726,532.1668,534.4609,536.7551,539.0493,541.3434,558.7629,576.7042,594.6454,612.5868,630.5281,640.4998,642.41,644.3201,646.2302,648.1404,649.968,648.8923,647.8165,646.7408,645.665,644.5893,641.9469,638.064,634.1812,630.2983,626.4153,622.4815,618.0239,613.5662,609.1086,604.6509,600.1932,605.0742,615.7015,626.3287,636.9559,647.5832,656.8845,658.6465,660.4086,662.1705,663.9326,665.6945,678.0746,695.4503,712.8259,730.2016,747.5773,760.9391,759.2493,757.5596,755.8699,754.1801,752.4904,754.8936,758.7272,762.5609,766.3944,770.228,757.5142,711.5012,683.3999,649.3637,625.2537,615.7596,600.8253,589.5232,581.8534,569.1879,539.3335,492.2903,471.6371,439.5321,401.3018,0,0,0,0,0,0,0,0,0,0,0,0,0,0,0,0,0,0,0,0,0,0,0,0,0,0,0,0,0,0,0,0,0,0,0,0,0,0,0,0,0,0,0,0,0,0,0,0,0,0,0,0,0,0,0,0,0,0,0,0,0,0,0,0,0,0,0,0,0,0,0,0,0,0,0,0,0,0,0,0,0,0,0,0,0,0,0,0,0,0,0,0,0,0,0,0,0,0,0,0,0,0,0,0,0,0,0,0,0,0,0,0,0,0,0,0,0,0,0,0,0,0,0,0,0,0,0,0,0,0,0,0,0,0,0,0,0,0,0,0,0,0,0,0,0,0,0,0,0,0,0,0,0,0,0,0,0,0,0,0,0,0,0,0,0,0,0,0,0,0,0,0,0,0,0,0,0,0,0,0,0,0,0,0,0,0,0,0,0,0,0,0,0,0,0,0,0,0,0,0,0,0,0,0,0,0,0,0,0,0,0,0,0,0,0,0,0,0,0,0,0,0,0,0,0,0,0,0,0,0,0,0,0,0,0,0,0,0,0,0,0,0,0,0,0,0,0,0,0,0,0,0,0,0,0,0,0,0,0,0,0,0,0,0,0,0,0,0,0,0,0,0,0,0,0,0,0,0,0,0,0,0,0,0,0,0,0,0,0,0,0,
183,0,0,0,0,0,487.8165,494.5431,501.2696,509.6845,518.9623,528.2402,537.5179,546.7958,556.0495,565.2022,574.355,583.5077,592.6604,601.8132,605.0074,605.916,606.8246,607.7332,608.6417,604.9905,587.8932,570.7959,553.6985,536.6012,519.5038,518.119,521.0703,524.0214,526.9726,529.9238,526.8677,510.7005,494.5333,478.366,462.1987,446.0315,445.5324,447.914,450.2956,452.6772,455.0588,453.3489,444.8251,436.3013,427.7775,419.2538,410.73,423.1681,437.7894,452.4108,467.0321,481.6534,492.0637,497.0301,501.9964,506.9627,511.929,516.8953,539.7313,563.184,586.6366,610.0892,633.5419,646.5619,649.0287,651.4955,653.9624,656.4292,658.5446,648.2833,638.022,627.7607,617.4994,607.2382,598.9832,592.3168,585.6505,578.984,572.3177,565.9702,562.9043,559.8384,556.7725,553.7066,550.6406,561.4626,580.83,600.1974,619.5648,638.9323,657.5898,672.2117,686.8334,701.4551,716.0768,730.6986,746.2089,762.1371,778.0654,793.9936,809.9219,822.2347,820.9903,819.746,818.5016,817.2572,816.0129,817.2113,819.2634,821.3157,823.3679,825.42,706.6611,683.3256,650.7944,610.9617,585.1884,587.1157,568.4745,554.8215,546.1568,532.5993,501.3551,0,0,0,0,0,0,0,0,0,0,0,0,0,0,0,0,0,0,0,0,0,0,0,0,0,0,0,0,0,0,0,0,0,0,0,0,0,0,0,0,0,0,0,0,0,0,0,0,0,0,0,0,0,0,0,0,0,0,0,0,0,0,0,0,0,0,0,0,0,0,0,0,0,0,0,0,0,0,0,0,0,0,0,0,0,0,0,0,0,0,0,0,0,0,0,0,0,0,0,0,0,0,0,0,0,0,0,0,0,0,0,0,0,0,0,0,0,0,0,0,0,0,0,0,0,0,0,0,0,0,0,0,0,0,0,0,0,0,0,0,0,0,0,0,0,0,0,0,0,0,0,0,0,0,0,0,0,0,0,0,0,0,0,0,0,0,0,0,0,0,0,0,0,0,0,0,0,0,0,0,0,0,0,0,0,0,0,0,0,0,0,0,0,0,0,0,0,0,0,0,0,0,0,0,0,0,0,0,0,0,0,0,0,0,0,0,0,0,0,0,0,0,0,0,0,0,0,0,0,0,0,0,0,0,0,0,0,0,0,0,0,0,0,0,0,0,0,0,0,0,0,0,0,0,0,0,0,0,0,0,0,0,0,0,0,0,0,0,0,0,0,0,0,0,0,0,0,0,0,0,0,0,0,0,0,0,0,0,0,0,0,0,0,0,0,
184,0,0,0,0,0,488.3859,495.7805,503.1751,514.4685,527.7545,541.0405,554.3266,567.6127,579.2477,583.9469,588.646,593.3452,598.0443,602.7435,606.3123,609.4477,612.5831,615.7185,618.8539,616.203,596.4891,576.7753,557.0615,537.3477,517.6339,516.163,519.7266,523.2902,526.8538,530.4173,529.5479,519.0034,508.4587,497.9141,487.3695,476.825,466.3365,455.8583,445.3802,434.902,424.4239,416.6215,413.275,409.9285,406.582,403.2355,399.889,408.0761,417.4645,426.8529,436.2413,445.6297,454.2548,461.8933,469.5318,477.1703,484.8088,492.4472,520.6998,549.6638,578.6277,607.5917,636.5557,652.6238,655.6474,658.6709,661.6945,664.718,667.121,647.6742,628.2274,608.7806,589.3338,569.887,556.0195,546.5696,537.1198,527.6699,518.22,509.459,507.7848,506.1106,504.4364,502.7623,501.0881,517.8511,545.9586,574.0662,602.1738,630.2813,658.2953,685.7767,713.2582,740.7397,768.2212,795.7027,814.3431,828.8239,843.3048,857.7856,872.2665,883.5304,882.7314,881.9324,881.1334,880.3343,879.5353,879.529,818.1123,806.8699,792.2117,760.5601,705.7839,676.4227,632.9802,573.8759,523.2647,498.4492,469.8513,451.4299,0,0,0,0,0,0,0,0,0,0,0,0,0,0,0,0,0,0,0,0,0,0,0,0,0,0,0,0,0,0,0,0,0,0,0,0,0,0,0,0,0,0,0,0,0,0,0,0,0,0,0,0,0,0,0,0,0,0,0,0,0,0,0,0,0,0,0,0,0,0,0,0,0,0,0,0,0,0,0,0,0,0,0,0,0,0,0,0,0,0,0,0,0,0,0,0,0,0,0,0,0,0,0,0,0,0,0,0,0,0,0,0,0,0,0,0,0,0,0,0,0,0,0,0,0,0,0,0,0,0,0,0,0,0,0,0,0,0,0,0,0,0,0,0,0,0,0,0,0,0,0,0,0,0,0,0,0,0,0,0,0,0,0,0,0,0,0,0,0,0,0,0,0,0,0,0,0,0,0,0,0,0,0,0,0,0,0,0,0,0,0,0,0,0,0,0,0,0,0,0,0,0,0,0,0,0,0,0,0,0,0,0,0,0,0,0,0,0,0,0,0,0,0,0,0,0,0,0,0,0,0,0,0,0,0,0,0,0,0,0,0,0,0,0,0,0,0,0,0,0,0,0,0,0,0,0,0,0,0,0,0,0,0,0,0,0,0,0,0,0,0,0,0,0,0,0,0,0,0,0,0,0,0,0,0,0,0,0,0,0,0,0,0,0,0,0,0,0,
185,0,0,0,0,0,488.0664,495.5153,502.9642,515.179,529.8296,544.4801,559.1307,573.7812,585.9526,587.7089,589.4651,591.2214,592.9777,594.7339,595.4796,595.8375,596.1955,596.5535,596.9116,594.2856,582.8607,571.4357,560.0107,548.5857,537.1607,530.4518,525.0442,519.6367,514.2291,508.8216,505.1093,505.0971,505.0849,505.0728,505.0606,505.0484,490.3975,473.0552,455.7129,438.3706,421.0283,409.179,406.4778,403.7765,401.0753,398.374,395.6727,404.8679,415.3021,425.7364,436.1706,446.6049,455.132,461.1938,467.2556,473.3174,479.3792,485.441,507.925,530.9756,554.0262,577.0769,600.1275,612.4897,614.0399,615.5901,617.1404,618.6906,619.8767,608.2396,596.6027,584.9656,573.3287,561.6917,555.5973,553.8916,552.1859,550.4802,548.7745,547.1405,546.2443,545.3481,544.4521,543.5559,542.6598,558.1449,583.7096,609.2744,634.8391,660.4038,686.3287,714.301,742.2734,770.2458,798.2183,826.1907,842.3986,853.0716,863.7446,874.4175,885.0905,893.4122,892.9169,892.4216,891.9263,891.431,890.9358,838.916,826.3864,809.2567,792.2802,763.6069,698.5234,670.1315,627.2535,562.939,499.9992,506.8358,492.856,0,0,0,0,0,0,0,0,0,0,0,0,0,0,0,0,0,0,0,0,0,0,0,0,0,0,0,0,0,0,0,0,0,0,0,0,0,0,0,0,0,0,0,0,0,0,0,0,0,0,0,0,0,0,0,0,0,0,0,0,0,0,0,0,0,0,0,0,0,0,0,0,0,0,0,0,0,0,0,0,0,0,0,0,0,0,0,0,0,0,0,0,0,0,0,0,0,0,0,0,0,0,0,0,0,0,0,0,0,0,0,0,0,0,0,0,0,0,0,0,0,0,0,0,0,0,0,0,0,0,0,0,0,0,0,0,0,0,0,0,0,0,0,0,0,0,0,0,0,0,0,0,0,0,0,0,0,0,0,0,0,0,0,0,0,0,0,0,0,0,0,0,0,0,0,0,0,0,0,0,0,0,0,0,0,0,0,0,0,0,0,0,0,0,0,0,0,0,0,0,0,0,0,0,0,0,0,0,0,0,0,0,0,0,0,0,0,0,0,0,0,0,0,0,0,0,0,0,0,0,0,0,0,0,0,0,0,0,0,0,0,0,0,0,0,0,0,0,0,0,0,0,0,0,0,0,0,0,0,0,0,0,0,0,0,0,0,0,0,0,0,0,0,0,0,0,0,0,0,0,0,0,0,0,0,0,0,0,0,0,0,0,0,0,0,0,0,0,0,
186,0,0,0,0,0,487.5876,494.9808,502.3741,515.1595,530.7007,546.2421,561.7833,577.3246,589.7017,588.7858,587.8699,586.954,586.038,585.1222,582.4714,579.1552,575.839,572.5228,569.2066,566.4308,565.2491,564.0674,562.8857,561.704,560.5223,547.6517,531.5556,515.4594,499.3633,483.2671,475.8106,487.2108,498.6109,510.011,521.4112,532.8113,515.0422,491.9103,468.7783,445.6463,422.5143,406.985,404.1167,401.2484,398.3801,395.5119,392.6436,403.7893,416.3947,429.0001,441.6054,454.2108,462.9424,466.666,470.3897,474.1134,477.837,481.5607,496.2714,511.3612,526.4511,541.5409,556.6308,564.0764,563.7896,563.5027,563.2158,562.9289,562.6284,561.847,561.0656,560.2842,559.5029,558.7215,562.7993,570.7244,578.6496,586.5748,594.4999,601.7028,601.4747,601.2466,601.0186,600.7905,600.5623,613.4758,634.4757,655.4755,676.4753,697.4751,719.2596,745.5063,771.7529,797.9996,824.2462,850.4929,863.2714,869.7134,876.1555,882.5976,889.0396,894.0798,893.8628,893.6459,893.4289,893.212,892.9951,812.6239,797.5693,776.0539,760.5557,749.3888,675.3049,642.5179,578.2268,0,0,0,0,0,0,0,0,0,0,0,0,0,0,0,0,0,0,0,0,0,0,0,0,0,0,0,0,0,0,0,0,0,0,0,0,0,0,0,0,0,0,0,0,0,0,0,0,0,0,0,0,0,0,0,0,0,0,0,0,0,0,0,0,0,0,0,0,0,0,0,0,0,0,0,0,0,0,0,0,0,0,0,0,0,0,0,0,0,0,0,0,0,0,0,0,0,0,0,0,0,0,0,0,0,0,0,0,0,0,0,0,0,0,0,0,0,0,0,0,0,0,0,0,0,0,0,0,0,0,0,0,0,0,0,0,0,0,0,0,0,0,0,0,0,0,0,0,0,0,0,0,0,0,0,0,0,0,0,0,0,0,0,0,0,0,0,0,0,0,0,0,0,0,0,0,0,0,0,0,0,0,0,0,0,0,0,0,0,0,0,0,0,0,0,0,0,0,0,0,0,0,0,0,0,0,0,0,0,0,0,0,0,0,0,0,0,0,0,0,0,0,0,0,0,0,0,0,0,0,0,0,0,0,0,0,0,0,0,0,0,0,0,0,0,0,0,0,0,0,0,0,0,0,0,0,0,0,0,0,0,0,0,0,0,0,0,0,0,0,0,0,0,0,0,0,0,0,0,0,0,0,0,0,0,0,0,0,0,0,0,0,0,0,0,0,0,0,0,0,0,0,0,
187,0,0,0,0,0,487.1088,494.4464,501.7839,515.14,531.572,548.004,564.436,580.8679,593.4508,589.8627,586.2746,582.6866,579.0985,575.5104,569.4633,562.4729,555.4825,548.4921,541.5016,538.5762,547.6377,556.6992,565.7607,574.8223,583.8839,564.8517,538.067,511.2822,484.4974,457.7126,446.5119,469.3243,492.1368,514.9493,537.7617,560.5742,539.687,510.7654,481.8437,452.9221,424.0004,404.7909,401.7556,398.7203,395.6851,392.6498,389.6145,402.7108,417.4873,432.2638,447.0403,461.8168,470.7527,472.1382,473.5238,474.9093,476.2948,477.6804,484.6178,491.7469,498.8759,506.005,513.134,515.6631,513.5391,511.4152,509.2912,507.1672,505.3801,515.4543,525.5286,535.6028,545.6771,555.7513,570.0012,587.5573,605.1133,622.6694,640.2254,656.2652,656.7051,657.1451,657.585,658.025,658.4649,668.8069,685.2418,701.6767,718.1115,734.5464,752.1906,776.7115,801.2324,825.7532,850.2741,874.795,884.1442,886.3553,888.5664,890.7776,892.9888,894.7473,894.8087,894.8702,894.9316,894.993,744.4685,726.6341,704.0877,672.4798,649.7396,666.1109,588.2538,552.1761,0,0,0,0,0,0,0,0,0,0,0,0,0,0,0,0,0,0,0,0,0,0,0,0,0,0,0,0,0,0,0,0,0,0,0,0,0,0,0,0,0,0,0,0,0,0,0,0,0,0,0,0,0,0,0,0,0,0,0,0,0,0,0,0,0,0,0,0,0,0,0,0,0,0,0,0,0,0,0,0,0,0,0,0,0,0,0,0,0,0,0,0,0,0,0,0,0,0,0,0,0,0,0,0,0,0,0,0,0,0,0,0,0,0,0,0,0,0,0,0,0,0,0,0,0,0,0,0,0,0,0,0,0,0,0,0,0,0,0,0,0,0,0,0,0,0,0,0,0,0,0,0,0,0,0,0,0,0,0,0,0,0,0,0,0,0,0,0,0,0,0,0,0,0,0,0,0,0,0,0,0,0,0,0,0,0,0,0,0,0,0,0,0,0,0,0,0,0,0,0,0,0,0,0,0,0,0,0,0,0,0,0,0,0,0,0,0,0,0,0,0,0,0,0,0,0,0,0,0,0,0,0,0,0,0,0,0,0,0,0,0,0,0,0,0,0,0,0,0,0,0,0,0,0,0,0,0,0,0,0,0,0,0,0,0,0,0,0,0,0,0,0,0,0,0,0,0,0,0,0,0,0,0,0,0,0,0,0,0,0,0,0,0,0,0,0,0,0,0,0,0,0,0,0,
188,0,0,0,0,0,432.7301,430.2871,435.0575,438.8206,0,459.0696,472.7133,486.1719,499.4454,505.5415,514.2607,525.2918,545.9939,558.4719,557.0818,550.3719,543.6621,536.9523,530.2424,523.8094,518.1927,508.2513,499.4861,491.5928,484.1825,468.1609,449.7349,428.9042,411.3127,405.6849,412.0209,430.8403,463.598,505.207,545.1902,589.9611,573.4263,545.6202,517.814,490.0079,462.2018,441.4952,432.6118,423.7284,414.845,405.9617,397.0783,410.4522,426.1443,441.8365,457.5286,473.2207,481.4889,480.1596,478.8304,477.5011,476.1719,474.8427,479.4252,484.2118,488.9984,493.7849,498.5715,500.5385,499.6534,498.7682,497.8831,496.9979,496.5661,512.0974,527.6287,543.16,558.6912,574.2225,594.7348,619.191,643.6473,668.1036,692.5598,714.881,715.2357,715.5903,715.9451,716.2997,716.6544,724.0796,735.8554,747.6312,759.407,771.1827,784.1982,804.2626,824.327,844.3914,864.4559,884.5203,891.1672,891.5015,891.8358,892.17,892.5043,886.9718,859.4398,821.5692,796.1751,761.9565,713.0397,689.0912,657.8751,608.4898,0,0,0,0,0,0,0,0,0,0,0,0,0,0,0,0,0,0,0,0,0,0,0,0,0,0,0,0,0,0,0,0,0,0,0,0,0,0,0,0,0,0,0,0,0,0,0,0,0,0,0,0,0,0,0,0,0,0,0,0,0,0,0,0,0,0,0,0,0,0,0,0,0,0,0,0,0,0,0,0,0,0,0,0,0,0,0,0,0,0,0,0,0,0,0,0,0,0,0,0,0,0,0,0,0,0,0,0,0,0,0,0,0,0,0,0,0,0,0,0,0,0,0,0,0,0,0,0,0,0,0,0,0,0,0,0,0,0,0,0,0,0,0,0,0,0,0,0,0,0,0,0,0,0,0,0,0,0,0,0,0,0,0,0,0,0,0,0,0,0,0,0,0,0,0,0,0,0,0,0,0,0,0,0,0,0,0,0,0,0,0,0,0,0,0,0,0,0,0,0,0,0,0,0,0,0,0,0,0,0,0,0,0,0,0,0,0,0,0,0,0,0,0,0,0,0,0,0,0,0,0,0,0,0,0,0,0,0,0,0,0,0,0,0,0,0,0,0,0,0,0,0,0,0,0,0,0,0,0,0,0,0,0,0,0,0,0,0,0,0,0,0,0,0,0,0,0,0,0,0,0,0,0,0,0,0,0,0,0,0,0,0,0,0,0,0,0,0,0,0,0,0,0,0,0,0,0,0,
189,0,0,0,0,0,0,0,0,0,0,430.0121,443.2343,457.3068,472.2296,468.5292,474.7572,487.9602,498.7079,535.6875,545.1851,541.8154,538.4457,535.0761,531.7064,519.1682,486.6002,476.3558,465.2962,459.7043,461.2887,443.0884,0,400.0525,381.3866,376.8392,386.4103,412.1904,455.7985,508.9721,545.5799,620.6042,614.2016,592.8532,571.5048,550.1564,528.8079,508.2931,489.1664,470.0398,450.9131,431.7865,412.6599,425.0172,440.6536,456.2901,471.9265,487.563,494.4886,490.1532,485.8177,481.4824,477.1469,472.8115,479.231,486.0217,492.8124,499.6031,506.3938,511.1675,513.9009,516.6343,519.3677,522.1011,525.2233,542.035,558.8467,575.6583,592.47,609.2817,633.0317,662.2756,691.5195,720.7634,750.0073,776.6328,776.3193,776.006,775.6926,775.3792,775.0659,779.3072,786.351,793.3949,800.4388,807.4826,815.4913,828.9867,842.4821,855.9775,869.4728,882.9682,887.4755,887.7542,888.0327,888.3114,888.59,872.6644,812.6289,785.1353,750.5685,713.4474,0,0,0,0,0,0,0,0,0,0,0,0,0,0,0,0,0,0,0,0,0,0,0,0,0,0,0,0,0,0,0,0,0,0,0,0,0,0,0,0,0,0,0,0,0,0,0,0,0,0,0,0,0,0,0,0,0,0,0,0,0,0,0,0,0,0,0,0,0,0,0,0,0,0,0,0,0,0,0,0,0,0,0,0,0,0,0,0,0,0,0,0,0,0,0,0,0,0,0,0,0,0,0,0,0,0,0,0,0,0,0,0,0,0,0,0,0,0,0,0,0,0,0,0,0,0,0,0,0,0,0,0,0,0,0,0,0,0,0,0,0,0,0,0,0,0,0,0,0,0,0,0,0,0,0,0,0,0,0,0,0,0,0,0,0,0,0,0,0,0,0,0,0,0,0,0,0,0,0,0,0,0,0,0,0,0,0,0,0,0,0,0,0,0,0,0,0,0,0,0,0,0,0,0,0,0,0,0,0,0,0,0,0,0,0,0,0,0,0,0,0,0,0,0,0,0,0,0,0,0,0,0,0,0,0,0,0,0,0,0,0,0,0,0,0,0,0,0,0,0,0,0,0,0,0,0,0,0,0,0,0,0,0,0,0,0,0,0,0,0,0,0,0,0,0,0,0,0,0,0,0,0,0,0,0,0,0,0,0,0,0,0,0,0,0,0,0,0,0,0,0,0,0,0,0,0,0,0,0,0,0,0,
190,0,0,0,0,0,0,0,0,0,0,0,0,0,416.8551,401.3977,407.5008,424.6198,437.7986,445.3345,533.2883,533.2589,533.2294,533.1999,533.1704,441.3333,432.9231,419.8197,403.5255,397.0261,0,0,0,0,0,0,0,386.287,444.3105,0,550.255,651.2474,654.9769,640.0862,625.1955,610.3047,595.4141,575.091,545.7211,516.3512,486.9813,457.6114,428.2415,439.5821,455.1629,470.7437,486.3245,501.9053,507.4884,500.1468,492.8051,485.4636,478.122,470.7804,479.0369,487.8317,496.6265,505.4213,514.2161,521.7964,528.1484,534.5004,540.8523,547.2043,553.8804,571.9725,590.0646,608.1567,626.2487,644.3408,671.3287,705.3602,739.3917,773.4232,807.4547,838.3844,837.403,836.4216,835.4402,834.4588,833.4774,834.5349,836.8467,839.1586,841.4705,843.7824,846.7845,853.7108,860.6371,867.5635,874.4898,881.4161,883.7838,884.0068,884.2297,884.4526,884.6756,858.3569,779.8824,740.634,687.3375,0,0,0,0,0,0,0,0,0,0,0,0,0,0,0,0,0,0,0,0,0,0,0,0,0,0,0,0,0,0,0,0,0,0,0,0,0,0,0,0,0,0,0,0,0,0,0,0,0,0,0,0,0,0,0,0,0,0,0,0,0,0,0,0,0,0,0,0,0,0,0,0,0,0,0,0,0,0,0,0,0,0,0,0,0,0,0,0,0,0,0,0,0,0,0,0,0,0,0,0,0,0,0,0,0,0,0,0,0,0,0,0,0,0,0,0,0,0,0,0,0,0,0,0,0,0,0,0,0,0,0,0,0,0,0,0,0,0,0,0,0,0,0,0,0,0,0,0,0,0,0,0,0,0,0,0,0,0,0,0,0,0,0,0,0,0,0,0,0,0,0,0,0,0,0,0,0,0,0,0,0,0,0,0,0,0,0,0,0,0,0,0,0,0,0,0,0,0,0,0,0,0,0,0,0,0,0,0,0,0,0,0,0,0,0,0,0,0,0,0,0,0,0,0,0,0,0,0,0,0,0,0,0,0,0,0,0,0,0,0,0,0,0,0,0,0,0,0,0,0,0,0,0,0,0,0,0,0,0,0,0,0,0,0,0,0,0,0,0,0,0,0,0,0,0,0,0,0,0,0,0,0,0,0,0,0,0,0,0,0,0,0,0,0,0,0,0,0,0,0,0,0,0,0,0,0,0,0,0,0,0,0,0,
191,0,0,0,0,0,0,0,0,0,0,0,0,0,0,0,0,0,406.7923,419.3963,449.3148,466.1201,469.8122,466.5411,450.1297,420.578,407.7957,386.6924,356.5101,0,0,0,0,0,0,0,0,0,0,0,549.9112,664.6376,678.8835,672.7541,666.6248,660.4954,654.3661,636.4742,598.9934,561.5127,524.032,486.5513,449.0706,460.6811,477.4048,494.1284,510.8521,527.5757,532.5938,522.4796,512.3652,502.2509,492.1367,482.0223,490.8297,500.29,509.7503,519.2106,528.6709,539.2748,551.0352,562.7957,574.5562,586.3167,598.244,616.0444,633.8447,651.6451,669.4456,687.246,714.249,748.5387,782.8282,817.1179,851.4075,882.5092,880.813,879.1169,877.4208,875.7247,874.0286,872.8768,872.06,871.2432,870.4263,869.6096,869.2267,871.3117,873.3967,875.4818,877.5668,879.6518,880.5068,880.783,881.0592,881.3354,881.6117,847.8862,753.296,704.0966,0,0,0,0,0,0,0,0,0,0,0,0,0,0,0,0,0,0,0,0,0,0,0,0,0,0,0,0,0,0,0,0,0,0,0,0,0,0,0,0,0,0,0,0,0,0,0,0,0,0,0,0,0,0,0,0,0,0,0,0,0,0,0,0,0,0,0,0,0,0,0,0,0,0,0,0,0,0,0,0,0,0,0,0,0,0,0,0,0,0,0,0,0,0,0,0,0,0,0,0,0,0,0,0,0,0,0,0,0,0,0,0,0,0,0,0,0,0,0,0,0,0,0,0,0,0,0,0,0,0,0,0,0,0,0,0,0,0,0,0,0,0,0,0,0,0,0,0,0,0,0,0,0,0,0,0,0,0,0,0,0,0,0,0,0,0,0,0,0,0,0,0,0,0,0,0,0,0,0,0,0,0,0,0,0,0,0,0,0,0,0,0,0,0,0,0,0,0,0,0,0,0,0,0,0,0,0,0,0,0,0,0,0,0,0,0,0,0,0,0,0,0,0,0,0,0,0,0,0,0,0,0,0,0,0,0,0,0,0,0,0,0,0,0,0,0,0,0,0,0,0,0,0,0,0,0,0,0,0,0,0,0,0,0,0,0,0,0,0,0,0,0,0,0,0,0,0,0,0,0,0,0,0,0,0,0,0,0,0,0,0,0,0,0,0,0,0,0,0,0,0,0,0,0,0,0,0,0,0,0,0,0,0,0,
192,0,0,0,0,0,0,0,0,0,0,0,0,0,0,0,0,0,0,0,0,0,0,0,0,0,0,0,0,0,0,0,0,0,0,0,0,0,0,0,0,633.5742,659.3267,667.8942,676.4617,685.0292,693.5967,683.9059,643.8087,603.7115,563.6143,523.5172,483.4199,498.6155,519.57,540.5246,561.4791,582.4337,588.8904,576.605,564.3196,552.0342,539.7487,527.4633,533.5076,540.1844,546.8613,553.5381,560.2149,574.4005,596.1815,617.9626,639.7437,661.5247,683.0759,696.5341,709.9922,723.4504,736.9086,750.3667,769.0817,791.959,814.8362,837.7136,860.5909,881.2173,878.6862,876.155,873.6237,871.0925,868.5614,867.7119,867.8971,868.0823,868.2676,868.4528,868.864,870.5593,872.2546,873.95,875.6453,877.3406,878.298,878.9083,879.5185,880.1287,880.739,847.3006,741.7402,695.2612,0,0,0,0,0,0,0,0,0,0,0,0,0,0,0,0,0,0,0,0,0,0,0,0,0,0,0,0,0,0,0,0,0,0,0,0,0,0,0,0,0,0,0,0,0,0,0,0,0,0,0,0,0,0,0,0,0,0,0,0,0,0,0,0,0,0,0,0,0,0,0,0,0,0,0,0,0,0,0,0,0,0,0,0,0,0,0,0,0,0,0,0,0,0,0,0,0,0,0,0,0,0,0,0,0,0,0,0,0,0,0,0,0,0,0,0,0,0,0,0,0,0,0,0,0,0,0,0,0,0,0,0,0,0,0,0,0,0,0,0,0,0,0,0,0,0,0,0,0,0,0,0,0,0,0,0,0,0,0,0,0,0,0,0,0,0,0,0,0,0,0,0,0,0,0,0,0,0,0,0,0,0,0,0,0,0,0,0,0,0,0,0,0,0,0,0,0,0,0,0,0,0,0,0,0,0,0,0,0,0,0,0,0,0,0,0,0,0,0,0,0,0,0,0,0,0,0,0,0,0,0,0,0,0,0,0,0,0,0,0,0,0,0,0,0,0,0,0,0,0,0,0,0,0,0,0,0,0,0,0,0,0,0,0,0,0,0,0,0,0,0,0,0,0,0,0,0,0,0,0,0,0,0,0,0,0,0,0,0,0,0,0,0,0,0,0,0,0,0,0,0,0,0,0,0,0,0,0,0,0,0,0,0,0,
193,0,0,0,0,0,0,0,0,0,0,0,0,0,0,0,0,0,0,0,0,0,0,0,0,0,0,0,0,0,0,0,0,0,0,0,0,0,0,0,0,602.5109,639.77,663.0343,686.2986,709.5629,732.8273,731.3377,688.624,645.9103,603.1967,560.483,517.7693,536.5498,561.7353,586.9207,612.1062,637.2917,645.187,630.7305,616.2739,601.8174,587.3608,572.9044,576.1856,580.0789,583.9722,587.8655,591.7589,609.5262,641.3279,673.1295,704.9312,736.7328,767.9079,777.0238,786.1397,795.2556,804.3715,813.4874,823.9144,835.3793,846.8443,858.3093,869.7743,879.9254,876.5591,873.1929,869.8267,866.4604,863.0942,862.547,863.7343,864.9216,866.1088,867.2961,868.5011,869.8068,871.1125,872.4181,873.7238,875.0294,876.0893,877.0335,877.9778,878.9221,879.8663,720.8549,691.3265,644.2693,0,0,0,0,0,0,0,0,0,0,0,0,0,0,0,0,0,0,0,0,0,0,0,0,0,0,0,0,0,0,0,0,0,0,0,0,0,0,0,0,0,0,0,0,0,0,0,0,0,0,0,0,0,0,0,0,0,0,0,0,0,0,0,0,0,0,0,0,0,0,0,0,0,0,0,0,0,0,0,0,0,0,0,0,0,0,0,0,0,0,0,0,0,0,0,0,0,0,0,0,0,0,0,0,0,0,0,0,0,0,0,0,0,0,0,0,0,0,0,0,0,0,0,0,0,0,0,0,0,0,0,0,0,0,0,0,0,0,0,0,0,0,0,0,0,0,0,0,0,0,0,0,0,0,0,0,0,0,0,0,0,0,0,0,0,0,0,0,0,0,0,0,0,0,0,0,0,0,0,0,0,0,0,0,0,0,0,0,0,0,0,0,0,0,0,0,0,0,0,0,0,0,0,0,0,0,0,0,0,0,0,0,0,0,0,0,0,0,0,0,0,0,0,0,0,0,0,0,0,0,0,0,0,0,0,0,0,0,0,0,0,0,0,0,0,0,0,0,0,0,0,0,0,0,0,0,0,0,0,0,0,0,0,0,0,0,0,0,0,0,0,0,0,0,0,0,0,0,0,0,0,0,0,0,0,0,0,0,0,0,0,0,0,0,0,0,0,0,0,0,0,0,0,0,0,0,0,0,0,0,0,0,0,0,
194,0,0,0,0,0,0,0,0,0,0,0,0,0,0,0,0,0,0,0,0,0,0,0,0,0,0,0,0,0,0,0,0,0,0,0,0,0,0,0,510.2233,0,620.2132,658.1744,696.1355,734.0967,772.0579,778.7695,733.4393,688.1091,642.779,597.4489,552.1187,574.4842,603.9006,633.317,662.7333,692.1497,701.4836,684.856,668.2283,651.6006,634.973,618.3453,618.8635,619.9733,621.0831,622.193,623.3028,644.652,686.4742,728.2964,770.1186,811.9408,852.7399,857.5135,862.2872,867.0609,871.8345,876.6082,878.7471,878.7997,878.8524,878.905,878.9576,878.6334,874.4321,870.2309,866.0296,861.8283,857.6271,857.3821,859.5714,861.7608,863.9501,866.1395,868.1384,869.0543,869.9703,870.8863,871.8022,872.7182,873.8806,875.1589,808.2344,800.7222,769.1542,709.9223,680.3087,0,0,0,0,0,0,0,0,0,0,0,0,0,0,0,0,0,0,0,0,0,0,0,0,0,0,0,0,0,0,0,0,0,0,0,0,0,0,0,0,0,0,0,0,0,0,0,0,0,0,0,0,0,0,0,0,0,0,0,0,0,0,0,0,0,0,0,0,0,0,0,0,0,0,0,0,0,0,0,0,0,0,0,0,0,0,0,0,0,0,0,0,0,0,0,0,0,0,0,0,0,0,0,0,0,0,0,0,0,0,0,0,0,0,0,0,0,0,0,0,0,0,0,0,0,0,0,0,0,0,0,0,0,0,0,0,0,0,0,0,0,0,0,0,0,0,0,0,0,0,0,0,0,0,0,0,0,0,0,0,0,0,0,0,0,0,0,0,0,0,0,0,0,0,0,0,0,0,0,0,0,0,0,0,0,0,0,0,0,0,0,0,0,0,0,0,0,0,0,0,0,0,0,0,0,0,0,0,0,0,0,0,0,0,0,0,0,0,0,0,0,0,0,0,0,0,0,0,0,0,0,0,0,0,0,0,0,0,0,0,0,0,0,0,0,0,0,0,0,0,0,0,0,0,0,0,0,0,0,0,0,0,0,0,0,0,0,0,0,0,0,0,0,0,0,0,0,0,0,0,0,0,0,0,0,0,0,0,0,0,0,0,0,0,0,0,0,0,0,0,0,0,0,0,0,0,0,0,0,0,0,0,0,0,0,
195,0,0,0,0,0,0,0,0,0,0,0,0,0,0,0,0,0,0,0,0,0,0,0,0,0,0,0,0,0,0,0,0,0,0,0,0,0,0,0,0,558.3472,605.0555,641.0342,677.0129,712.9915,748.9703,760.1144,729.8999,699.6854,669.4709,639.2564,609.0419,631.7971,660.0693,688.3416,716.6138,744.886,755.7698,744.1747,732.5796,720.9845,709.3895,697.7943,697.9859,698.5842,699.1824,699.7807,700.379,714.1387,741.2119,768.285,795.3582,822.4313,848.8009,850.396,851.991,853.5861,855.1812,856.7763,858.5327,860.4167,862.3008,864.1848,866.0688,867.5214,864.5354,861.5494,858.5633,855.5773,852.5912,848.2151,842.9838,837.7524,832.521,827.2896,822.4139,819.5599,816.7061,813.8521,810.9982,808.1443,783.1174,749.7273,746.0131,743.3158,727.0931,691.9348,0,0,0,0,0,0,0,0,0,0,0,0,0,0,0,0,0,0,0,0,0,0,0,0,0,0,0,0,0,0,0,0,0,0,0,0,0,0,0,0,0,0,0,0,0,0,0,0,0,0,0,0,0,0,0,0,0,0,0,0,0,0,0,0,0,0,0,0,0,0,0,0,0,0,0,0,0,0,0,0,0,0,0,0,0,0,0,0,0,0,0,0,0,0,0,0,0,0,0,0,0,0,0,0,0,0,0,0,0,0,0,0,0,0,0,0,0,0,0,0,0,0,0,0,0,0,0,0,0,0,0,0,0,0,0,0,0,0,0,0,0,0,0,0,0,0,0,0,0,0,0,0,0,0,0,0,0,0,0,0,0,0,0,0,0,0,0,0,0,0,0,0,0,0,0,0,0,0,0,0,0,0,0,0,0,0,0,0,0,0,0,0,0,0,0,0,0,0,0,0,0,0,0,0,0,0,0,0,0,0,0,0,0,0,0,0,0,0,0,0,0,0,0,0,0,0,0,0,0,0,0,0,0,0,0,0,0,0,0,0,0,0,0,0,0,0,0,0,0,0,0,0,0,0,0,0,0,0,0,0,0,0,0,0,0,0,0,0,0,0,0,0,0,0,0,0,0,0,0,0,0,0,0,0,0,0,0,0,0,0,0,0,0,0,0,0,0,0,0,0,0,0,0,0,0,0,0,0,0,0,0,0,0,0,0,0,
196,0,0,0,0,0,0,0,0,0,0,0,0,0,0,0,0,0,0,0,0,0,0,0,0,0,0,0,0,0,0,0,0,0,0,0,0,0,392.5336,443.9903,480.6599,545.3302,589.9182,623.837,657.756,691.6749,725.5938,741.1529,726.1363,711.1196,696.103,681.0864,666.0699,689.1999,716.303,743.4061,770.5093,797.6124,810.0466,803.5175,796.9883,790.4592,783.9301,777.401,777.2772,777.3745,777.4717,777.5688,777.6661,783.7846,795.994,808.2033,820.4126,832.6219,844.4504,842.8723,841.2943,839.7161,838.1381,836.5599,837.9705,841.7473,845.524,849.3008,853.0777,856.3639,854.6027,852.8413,851.08,849.3187,847.5574,839.0297,826.3386,813.6475,800.9563,788.2652,776.4791,769.8397,763.2001,756.5607,749.9213,743.2818,691.9437,677.3409,667.8513,663.208,659.1772,0,0,0,0,0,0,0,0,0,0,0,0,0,0,0,0,0,0,0,0,0,0,0,0,0,0,0,0,0,0,0,0,0,0,0,0,0,0,0,0,0,0,0,0,0,0,0,0,0,0,0,0,0,0,0,0,0,0,0,0,0,0,0,0,0,0,0,0,0,0,0,0,0,0,0,0,0,0,0,0,0,0,0,0,0,0,0,0,0,0,0,0,0,0,0,0,0,0,0,0,0,0,0,0,0,0,0,0,0,0,0,0,0,0,0,0,0,0,0,0,0,0,0,0,0,0,0,0,0,0,0,0,0,0,0,0,0,0,0,0,0,0,0,0,0,0,0,0,0,0,0,0,0,0,0,0,0,0,0,0,0,0,0,0,0,0,0,0,0,0,0,0,0,0,0,0,0,0,0,0,0,0,0,0,0,0,0,0,0,0,0,0,0,0,0,0,0,0,0,0,0,0,0,0,0,0,0,0,0,0,0,0,0,0,0,0,0,0,0,0,0,0,0,0,0,0,0,0,0,0,0,0,0,0,0,0,0,0,0,0,0,0,0,0,0,0,0,0,0,0,0,0,0,0,0,0,0,0,0,0,0,0,0,0,0,0,0,0,0,0,0,0,0,0,0,0,0,0,0,0,0,0,0,0,0,0,0,0,0,0,0,0,0,0,0,0,0,0,0,0,0,0,0,0,0,0,0,0,0,0,0,0,0,0,0,0,0,
197,0,0,0,0,0,0,0,0,0,0,0,0,0,0,0,0,0,0,0,0,0,0,0,0,0,0,0,0,0,0,0,0,0,0,0,0,0,385.8676,436.4505,471.6686,532.3132,574.7808,606.64,638.4991,670.3582,702.2173,722.1914,722.3727,722.554,722.7352,722.9165,723.0977,746.6026,772.5366,798.4708,824.4048,850.3389,864.3235,862.8604,861.3972,859.934,858.4708,857.0076,856.5685,856.1647,855.7609,855.3571,854.9534,853.4306,850.7761,848.1215,845.467,842.8124,840.1,835.3488,830.5974,825.8461,821.0948,816.3436,817.4082,823.0778,828.7474,834.417,840.0866,845.2064,844.6698,844.1332,843.5967,843.0601,842.5236,829.8442,809.6934,789.5424,769.3916,749.2407,730.5444,720.1194,709.6943,699.2693,688.8443,678.4193,600.7701,589.9882,552.7023,511.0057,0,0,0,0,0,0,0,0,0,0,0,0,0,0,0,0,0,0,0,0,0,0,0,0,0,0,0,0,0,0,0,0,0,0,0,0,0,0,0,0,0,0,0,0,0,0,0,0,0,0,0,0,0,0,0,0,0,0,0,0,0,0,0,0,0,0,0,0,0,0,0,0,0,0,0,0,0,0,0,0,0,0,0,0,0,0,0,0,0,0,0,0,0,0,0,0,0,0,0,0,0,0,0,0,0,0,0,0,0,0,0,0,0,0,0,0,0,0,0,0,0,0,0,0,0,0,0,0,0,0,0,0,0,0,0,0,0,0,0,0,0,0,0,0,0,0,0,0,0,0,0,0,0,0,0,0,0,0,0,0,0,0,0,0,0,0,0,0,0,0,0,0,0,0,0,0,0,0,0,0,0,0,0,0,0,0,0,0,0,0,0,0,0,0,0,0,0,0,0,0,0,0,0,0,0,0,0,0,0,0,0,0,0,0,0,0,0,0,0,0,0,0,0,0,0,0,0,0,0,0,0,0,0,0,0,0,0,0,0,0,0,0,0,0,0,0,0,0,0,0,0,0,0,0,0,0,0,0,0,0,0,0,0,0,0,0,0,0,0,0,0,0,0,0,0,0,0,0,0,0,0,0,0,0,0,0,0,0,0,0,0,0,0,0,0,0,0,0,0,0,0,0,0,0,0,0,0,0,0,0,0,0,0,0,0,0,0,0,
198,0,0,0,0,0,0,0,0,0,0,0,0,0,0,0,0,0,0,0,0,0,0,0,0,0,0,0,0,0,0,0,0,0,0,0,0,0,380.7849,430.7014,464.2837,527.0807,563.375,588.1067,612.8384,637.57,662.3017,682.7075,695.9091,709.1108,722.3124,735.514,748.7157,766.9756,785.7625,804.5491,823.3359,842.1227,853.6479,855.7859,857.9238,860.0617,862.1996,864.3376,864.5675,864.7317,864.8958,865.06,865.2241,861.9118,855.083,848.2542,841.4254,834.5965,827.9222,826.6887,825.455,824.2214,822.9879,821.7543,823.176,826.7001,830.2242,833.7482,837.2723,839.7385,831.3207,822.903,814.4852,806.0674,797.6497,781.0021,759.2905,737.5789,715.8673,694.1556,674.3653,665.4995,656.6337,647.7679,638.9021,630.0364,563.9446,537.8392,496.8154,450.4634,0,0,0,0,0,0,0,0,0,0,0,0,0,0,0,0,0,0,0,0,0,0,0,0,0,0,0,0,0,0,0,0,0,0,0,0,0,0,0,0,0,0,0,0,0,0,0,0,0,0,0,0,0,0,0,0,0,0,0,0,0,0,0,0,0,0,0,0,0,0,0,0,0,0,0,0,0,0,0,0,0,0,0,0,0,0,0,0,0,0,0,0,0,0,0,0,0,0,0,0,0,0,0,0,0,0,0,0,0,0,0,0,0,0,0,0,0,0,0,0,0,0,0,0,0,0,0,0,0,0,0,0,0,0,0,0,0,0,0,0,0,0,0,0,0,0,0,0,0,0,0,0,0,0,0,0,0,0,0,0,0,0,0,0,0,0,0,0,0,0,0,0,0,0,0,0,0,0,0,0,0,0,0,0,0,0,0,0,0,0,0,0,0,0,0,0,0,0,0,0,0,0,0,0,0,0,0,0,0,0,0,0,0,0,0,0,0,0,0,0,0,0,0,0,0,0,0,0,0,0,0,0,0,0,0,0,0,0,0,0,0,0,0,0,0,0,0,0,0,0,0,0,0,0,0,0,0,0,0,0,0,0,0,0,0,0,0,0,0,0,0,0,0,0,0,0,0,0,0,0,0,0,0,0,0,0,0,0,0,0,0,0,0,0,0,0,0,0,0,0,0,0,0,0,0,0,0,0,0,0,0,0,0,0,0,0,0,0,
199,0,0,0,0,0,0,0,0,0,0,0,0,0,0,0,0,0,0,0,0,0,0,0,0,0,0,0,0,0,0,0,0,0,0,0,0,0,0,0,447.5884,525.0099,553.4846,569.0308,584.5769,600.123,615.6692,634.889,660.2266,685.5643,710.902,736.2397,761.5773,772.3101,781.5216,790.7332,799.9447,809.1563,816.5938,821.7379,826.882,832.026,837.1701,842.3142,843.6131,844.7793,845.9455,847.1117,848.2779,845.5526,838.8907,832.2289,825.5671,818.9053,812.5656,817.567,822.5684,827.5699,832.5714,837.5728,839.637,839.3755,839.114,838.8526,838.5911,836.5813,816.5842,796.5871,776.59,756.593,736.5958,716.0543,695.1777,674.3011,653.4246,632.5481,614.0257,608.8898,603.7539,598.618,593.4821,588.3462,549.1914,516.6873,488.2544,458.5181,0,0,0,0,0,0,0,0,0,0,0,0,0,0,0,0,0,0,0,0,0,0,0,0,0,0,0,0,0,0,0,0,0,0,0,0,0,0,0,0,0,0,0,0,0,0,0,0,0,0,0,0,0,0,0,0,0,0,0,0,0,0,0,0,0,0,0,0,0,0,0,0,0,0,0,0,0,0,0,0,0,0,0,0,0,0,0,0,0,0,0,0,0,0,0,0,0,0,0,0,0,0,0,0,0,0,0,0,0,0,0,0,0,0,0,0,0,0,0,0,0,0,0,0,0,0,0,0,0,0,0,0,0,0,0,0,0,0,0,0,0,0,0,0,0,0,0,0,0,0,0,0,0,0,0,0,0,0,0,0,0,0,0,0,0,0,0,0,0,0,0,0,0,0,0,0,0,0,0,0,0,0,0,0,0,0,0,0,0,0,0,0,0,0,0,0,0,0,0,0,0,0,0,0,0,0,0,0,0,0,0,0,0,0,0,0,0,0,0,0,0,0,0,0,0,0,0,0,0,0,0,0,0,0,0,0,0,0,0,0,0,0,0,0,0,0,0,0,0,0,0,0,0,0,0,0,0,0,0,0,0,0,0,0,0,0,0,0,0,0,0,0,0,0,0,0,0,0,0,0,0,0,0,0,0,0,0,0,0,0,0,0,0,0,0,0,0,0,0,0,0,0,0,0,0,0,0,0,0,0,0,0,0,0,0,0,0,0,
200,0,0,0,0,0,0,0,0,0,0,0,0,0,0,0,0,0,0,0,0,0,0,0,0,0,0,0,0,0,0,0,0,0,0,0,0,0,0,0,0,428.8274,543.5942,549.9548,556.3154,562.6761,569.0367,587.0704,624.5441,662.0178,699.4916,736.9652,774.4389,777.6445,777.2808,776.9172,776.5535,776.1898,779.5396,787.6898,795.8401,803.9904,812.1406,820.2909,822.6586,824.827,826.9952,829.1635,831.3317,829.1933,822.6985,816.2037,809.7089,803.214,797.2089,808.4453,819.6818,830.9183,842.1547,853.3912,856.098,852.0509,848.0039,843.9569,839.9099,833.424,801.8477,770.2712,738.6948,707.1183,675.5419,651.1065,631.065,611.0235,590.982,570.9405,553.6862,552.2802,550.8741,549.468,548.062,546.656,534.4382,517.1335,497.7643,477.4263,446.7744,404.2615,0,0,0,0,0,0,0,0,0,0,0,0,0,0,0,0,0,0,0,0,0,0,0,0,0,0,0,0,0,0,0,0,0,0,0,0,0,0,0,0,0,0,0,0,0,0,0,0,0,0,0,0,0,0,0,0,0,0,0,0,0,0,0,0,0,0,0,0,0,0,0,0,0,0,0,0,0,0,0,0,0,0,0,0,0,0,0,0,0,0,0,0,0,0,0,0,0,0,0,0,0,0,0,0,0,0,0,0,0,0,0,0,0,0,0,0,0,0,0,0,0,0,0,0,0,0,0,0,0,0,0,0,0,0,0,0,0,0,0,0,0,0,0,0,0,0,0,0,0,0,0,0,0,0,0,0,0,0,0,0,0,0,0,0,0,0,0,0,0,0,0,0,0,0,0,0,0,0,0,0,0,0,0,0,0,0,0,0,0,0,0,0,0,0,0,0,0,0,0,0,0,0,0,0,0,0,0,0,0,0,0,0,0,0,0,0,0,0,0,0,0,0,0,0,0,0,0,0,0,0,0,0,0,0,0,0,0,0,0,0,0,0,0,0,0,0,0,0,0,0,0,0,0,0,0,0,0,0,0,0,0,0,0,0,0,0,0,0,0,0,0,0,0,0,0,0,0,0,0,0,0,0,0,0,0,0,0,0,0,0,0,0,0,0,0,0,0,0,0,0,0,0,0,0,0,0,0,0,0,0,0,0,0,0,0,0,
201,0,0,0,0,0,0,0,0,0,0,0,0,0,0,0,0,0,0,0,0,0,0,0,0,0,0,0,0,0,0,0,0,0,0,0,0,0,0,0,0,0,456.2564,485.8726,504.7369,519.2905,532.8425,555.8295,594.5292,633.2289,671.9287,710.6285,749.3282,751.1244,749.0768,747.0292,744.9816,742.934,746.2827,756.6072,766.9317,777.2562,787.5807,797.9053,798.8558,799.4828,800.1099,800.7368,801.3639,799.3488,794.6611,789.9733,785.2856,780.5978,776.3527,787.6918,799.0308,810.37,821.709,833.0482,833.8732,826.3734,818.8736,811.3738,803.874,794.0704,760.5648,727.0593,693.5538,660.0482,626.5426,603.5226,586.9545,570.3865,553.8184,537.2503,523.17,523.2358,523.3016,523.3674,523.4332,523.499,526.3101,530.4128,534.5155,538.6183,542.7209,416.9708,397.295,0,0,0,0,0,0,0,0,0,0,0,0,0,0,0,301.4792,302.4237,0,0,0,0,0,0,0,0,0,0,0,0,0,0,0,0,0,0,0,0,0,0,0,0,0,0,0,0,0,0,0,0,0,0,0,0,0,0,0,0,0,0,0,0,0,0,0,0,0,0,0,0,0,0,0,0,0,0,0,0,0,0,0,0,0,0,0,0,0,0,0,0,0,0,0,0,0,0,0,0,0,0,0,0,0,0,0,0,0,0,0,0,0,0,0,0,0,0,0,0,0,0,0,0,0,0,0,0,0,0,0,0,0,0,0,0,0,0,0,0,0,0,0,0,0,0,0,0,0,0,0,0,0,0,0,0,0,0,0,0,0,0,0,0,0,0,0,0,0,0,0,0,0,0,0,0,0,0,0,0,0,0,0,0,0,0,0,0,0,0,0,0,0,0,0,0,0,0,0,0,0,0,0,0,0,0,0,0,0,0,0,0,0,0,0,0,0,0,0,0,0,0,0,0,0,0,0,0,0,0,0,0,0,0,0,0,0,0,0,0,0,0,0,0,0,0,0,0,0,0,0,0,0,0,0,0,0,0,0,0,0,0,0,0,0,0,0,0,0,0,0,0,0,0,0,0,0,0,0,0,0,0,0,0,0,0,0,0,0,0,0,0,0,0,0,0,0,0,0,0,0,0,0,0,0,0,0,0,0,0,0,0,0,0,0,0,0,0,
202,0,0,0,0,0,0,0,0,0,0,0,0,0,0,0,0,0,0,0,0,0,0,0,0,0,0,0,0,0,0,0,0,0,0,0,0,0,0,0,0,0,0,0,464.5308,483.8187,510.6576,546.8375,572.1208,597.4041,622.6874,647.9708,673.2541,681.8516,688.7112,695.5708,702.4304,709.29,718.1223,729.5045,740.8867,752.269,763.6512,775.0334,771.2299,766.9023,762.5747,758.2471,753.9196,751.4055,750.726,750.0465,749.367,748.6874,748.1154,751.3267,754.538,757.7493,760.9606,764.1718,759.7275,749.2216,738.7156,728.2096,717.7036,706.1367,683.6537,661.1708,638.6879,616.205,593.722,579.2433,569.6896,560.136,550.5822,541.0286,532.6805,531.1875,529.6946,528.2016,526.7086,525.2156,527.0737,530.5084,533.9431,537.3777,540.8125,522.6025,433.6642,404.5537,357.0595,309.5653,0,307.8083,300.1709,299.6667,0,0,299.4604,282.6895,282.4384,282.2616,282.135,0,0,0,0,0,0,0,0,0,0,0,0,0,0,0,0,0,0,0,0,0,0,0,0,0,0,0,0,0,0,0,0,0,0,0,0,0,0,0,0,0,0,0,0,0,0,0,0,0,0,0,0,0,0,0,0,0,0,0,0,0,0,0,0,0,0,0,0,0,0,0,0,0,0,0,0,0,0,0,0,0,0,0,0,0,0,0,0,0,0,0,0,0,0,0,0,0,0,0,0,0,0,0,0,0,0,0,0,0,0,0,0,0,0,0,0,0,0,0,0,0,0,0,0,0,0,0,0,0,0,0,0,0,0,0,0,0,0,0,0,0,0,0,0,0,0,0,0,0,0,0,0,0,0,0,0,0,0,0,0,0,0,0,0,0,0,0,0,0,0,0,0,0,0,0,0,0,0,0,0,0,0,0,0,0,0,0,0,0,0,0,0,0,0,0,0,0,0,0,0,0,0,0,0,0,0,0,0,0,0,0,0,0,0,0,0,0,0,0,0,0,0,0,0,0,0,0,0,0,0,0,0,0,0,0,0,0,0,0,0,0,0,0,0,0,0,0,0,0,0,0,0,0,0,0,0,0,0,0,0,0,0,0,0,0,0,0,0,0,0,0,0,0,0,0,0,0,0,0,0,0,0,0,0,0,0,0,0,0,0,0,0,0,0,0,0,0,0,0,0,0,
203,0,0,0,0,0,0,0,0,0,0,0,0,0,0,0,0,0,0,0,0,0,0,0,0,0,0,0,0,0,0,0,0,0,0,0,0,0,0,0,0,0,0,0,405.3862,426.2372,442.8905,537.8455,549.7124,561.5793,573.4462,585.3131,597.1799,612.5789,628.3456,644.1124,659.8792,675.646,689.9618,702.4017,714.8417,727.2817,739.7217,752.1616,743.604,734.3218,725.0396,715.7574,706.4752,703.4622,706.791,710.1197,713.4484,716.7772,719.8781,714.9617,710.0451,705.1286,700.2121,695.2956,685.5818,672.0696,658.5576,645.0454,631.5333,618.2029,606.7426,595.2823,583.822,572.3618,560.9015,554.9639,552.4247,549.8854,547.3461,544.8068,542.1909,539.1392,536.0875,533.0358,529.9841,526.9323,527.8374,530.604,533.3707,536.1373,538.9039,435.7677,417.5906,388.9639,343.2999,297.6359,309.886,305.4793,301.4457,300.9531,300.7587,0,300.7389,0,0,0,0,0,0,0,0,0,0,0,0,0,0,0,0,0,0,0,0,0,0,0,0,0,0,0,0,0,0,0,0,0,0,0,0,0,0,0,0,0,0,0,0,0,0,0,0,0,0,0,0,0,0,0,0,0,0,0,0,0,0,0,0,0,0,0,0,0,0,0,0,0,0,0,0,0,0,0,0,0,0,0,0,0,0,0,0,0,0,0,0,0,0,0,0,0,0,0,0,0,0,0,0,0,0,0,0,0,0,0,0,0,0,0,0,0,0,0,0,0,0,0,0,0,0,0,0,0,0,0,0,0,0,0,0,0,0,0,0,0,0,0,0,0,0,0,0,0,0,0,0,0,0,0,0,0,0,0,0,0,0,0,0,0,0,0,0,0,0,0,0,0,0,0,0,0,0,0,0,0,0,0,0,0,0,0,0,0,0,0,0,0,0,0,0,0,0,0,0,0,0,0,0,0,0,0,0,0,0,0,0,0,0,0,0,0,0,0,0,0,0,0,0,0,0,0,0,0,0,0,0,0,0,0,0,0,0,0,0,0,0,0,0,0,0,0,0,0,0,0,0,0,0,0,0,0,0,0,0,0,0,0,0,0,0,0,0,0,0,0,0,0,0,0,0,0,0,0,0,0,0,0,0,0,0,0,0,0,0,0,0,0,0,0,0,0,0,0,0,0,0,0,0,0,
204,0,0,0,0,0,0,0,0,0,0,0,0,0,0,0,0,0,0,0,0,0,0,0,0,0,0,0,0,0,0,0,0,0,0,0,0,0,0,0,0,0,0,0,0,398.3136,418.2016,458.1826,486.5261,503.2321,512.6667,523.1216,534.7032,547.4115,561.2463,576.2078,590.949,604.9411,618.1842,630.6784,642.4236,653.7464,661.1706,664.5615,663.9193,659.2437,650.535,642.9073,637.7247,634.9875,634.6954,636.8484,640.1838,641.8014,641.7014,639.8839,636.3486,631.1432,626.1987,621.7219,617.7128,605.2742,597.0491,591.9384,552.8762,542.573,540.6969,538.8209,536.9449,535.0688,533.1927,534.4958,537.7551,541.0143,544.2736,547.5327,549.6863,545.5527,541.419,537.2853,533.1517,529.0181,526.188,523.9715,498.0065,488.4367,465.3991,426.8737,408.3571,379.9233,0,0,0,0,0,0,0,0,0,0,0,0,0,0,0,0,0,0,0,0,0,0,0,0,0,0,0,0,0,0,0,0,0,0,0,0,0,0,0,0,0,0,0,0,0,0,0,0,0,0,0,0,0,0,0,0,0,0,0,0,0,0,0,0,0,0,0,0,0,0,0,0,0,0,0,0,0,0,0,0,0,0,0,0,0,0,0,0,0,0,0,0,0,0,0,0,0,0,0,0,0,0,0,0,0,0,0,0,0,0,0,0,0,0,0,0,0,0,0,0,0,0,0,0,0,0,0,0,0,0,0,0,0,0,0,0,0,0,0,0,0,0,0,0,0,0,0,0,0,0,0,0,0,0,0,0,0,0,0,0,0,0,0,0,0,0,0,0,0,0,0,0,0,0,0,0,0,0,0,0,0,0,0,0,0,0,0,0,0,0,0,0,0,0,0,0,0,0,0,0,0,0,0,0,0,0,0,0,0,0,0,0,0,0,0,0,0,0,0,0,0,0,0,0,0,0,0,0,0,0,0,0,0,0,0,0,0,0,0,0,0,0,0,0,0,0,0,0,0,0,0,0,0,0,0,0,0,0,0,0,0,0,0,0,0,0,0,0,0,0,0,0,0,0,0,0,0,0,0,0,0,0,0,0,0,0,0,0,0,0,0,0,0,0,0,0,0,0,0,0,0,0,0,0,0,0,0,0,0,0,0,0,0,0,
205,0,0,0,0,0,0,0,0,0,0,0,0,0,0,0,0,0,0,0,0,0,0,0,0,0,0,0,0,0,0,0,0,0,0,0,0,0,0,0,0,0,0,0,0,0,0,0,0,0,0,0,0,0,0,0,0,569.5936,584.23,597.5663,609.6025,620.9056,628.0228,630.8096,629.2662,623.3925,613.1884,604.3397,598.5082,595.6936,595.8962,599.1158,603.7822,605.899,605.4663,602.484,596.9521,588.9412,581.7885,576.1739,572.0972,548.8068,539.6193,539.2001,538.3181,540.8299,539.9003,538.9706,538.041,537.1113,536.1816,536.9147,538.6708,540.4269,542.1831,543.9392,545.0809,542.7287,540.3765,538.0243,535.6721,533.3198,510.0486,485.5659,473.001,460.5885,441.3749,0,0,0,0,0,0,0,0,0,0,0,0,0,0,0,0,0,0,0,0,0,0,0,0,0,0,0,0,0,0,0,0,0,0,0,0,0,0,0,0,0,0,0,0,0,0,0,0,0,0,0,0,0,0,0,0,0,0,0,0,0,0,0,0,0,0,0,0,0,0,0,0,0,0,0,0,0,0,0,0,0,0,0,0,0,0,0,0,0,0,0,0,0,0,0,0,0,0,0,0,0,0,0,0,0,0,0,0,0,0,0,0,0,0,0,0,0,0,0,0,0,0,0,0,0,0,0,0,0,0,0,0,0,0,0,0,0,0,0,0,0,0,0,0,0,0,0,0,0,0,0,0,0,0,0,0,0,0,0,0,0,0,0,0,0,0,0,0,0,0,0,0,0,0,0,0,0,0,0,0,0,0,0,0,0,0,0,0,0,0,0,0,0,0,0,0,0,0,0,0,0,0,0,0,0,0,0,0,0,0,0,0,0,0,0,0,0,0,0,0,0,0,0,0,0,0,0,0,0,0,0,0,0,0,0,0,0,0,0,0,0,0,0,0,0,0,0,0,0,0,0,0,0,0,0,0,0,0,0,0,0,0,0,0,0,0,0,0,0,0,0,0,0,0,0,0,0,0,0,0,0,0,0,0,0,0,0,0,0,0,0,0,0,0,0,0,0,0,0,0,0,0,0,0,0,0,0,0,0,0,0,0,0,0,0,0,0,
206,0,0,0,0,0,0,0,0,0,0,0,0,0,0,0,0,0,0,0,0,0,0,0,0,0,0,0,0,0,0,0,0,0,0,0,0,0,0,0,0,0,0,0,0,0,0,0,0,0,0,0,0,0,0,0,0,0,0,545.3362,556.9829,567.7175,574.2731,576.5054,574.4144,568.0002,557.2628,548.004,542.0097,539.2799,539.8146,543.6138,548.9718,0,550.6884,547.0469,540.4056,530.8474,523.0565,518.432,516.9742,479.3216,471.7827,478.0543,481.9988,484.4541,539.1036,539.1202,539.137,539.1537,539.1705,539.3335,539.5865,539.8396,540.0927,540.3457,540.4756,539.9048,539.334,538.7632,538.1924,537.6217,454.5815,443.0649,426.3029,0,0,0,0,0,0,0,0,0,0,0,0,0,0,0,0,0,0,0,0,0,0,0,0,0,0,0,0,0,0,0,0,0,0,0,0,0,0,0,0,0,0,0,0,0,0,0,0,0,0,0,0,0,0,0,0,0,0,0,0,0,0,0,0,0,0,0,0,0,0,0,0,0,0,0,0,0,0,0,0,0,0,0,0,0,0,0,0,0,0,0,0,0,0,0,0,0,0,0,0,0,0,0,0,0,0,0,0,0,0,0,0,0,0,0,0,0,0,0,0,0,0,0,0,0,0,0,0,0,0,0,0,0,0,0,0,0,0,0,0,0,0,0,0,0,0,0,0,0,0,0,0,0,0,0,0,0,0,0,0,0,0,0,0,0,0,0,0,0,0,0,0,0,0,0,0,0,0,0,0,0,0,0,0,0,0,0,0,0,0,0,0,0,0,0,0,0,0,0,0,0,0,0,0,0,0,0,0,0,0,0,0,0,0,0,0,0,0,0,0,0,0,0,0,0,0,0,0,0,0,0,0,0,0,0,0,0,0,0,0,0,0,0,0,0,0,0,0,0,0,0,0,0,0,0,0,0,0,0,0,0,0,0,0,0,0,0,0,0,0,0,0,0,0,0,0,0,0,0,0,0,0,0,0,0,0,0,0,0,0,0,0,0,0,0,0,0,0,0,0,0,0,0,0,0,0,0,0,0,0,0,0,0,0,0,0,0,0,0,
207,0,0,0,0,0,0,0,0,0,0,0,0,0,0,0,0,0,0,0,0,0,0,0,0,0,0,0,0,0,0,0,0,0,0,0,0,0,0,0,0,0,0,0,0,0,0,0,0,0,0,0,0,0,0,0,0,0,0,0,0,0,0,0,0,0,0,0,0,437.2,0,440.7136,445.0573,0,446.449,443.4968,0,430.3637,426.1219,428.1642,436.4904,412.4821,424.8109,447.3014,460.5123,468.6194,492.4451,503.9184,504.1335,504.312,504.4315,504.4919,504.4931,504.4354,504.3528,504.2546,504.1409,504.0117,503.8669,503.7089,494.5496,472.1542,436.5226,419.2328,0,0,0,0,0,0,0,0,0,0,0,0,0,0,0,0,0,0,0,0,0,0,0,0,0,0,0,0,0,0,0,0,0,0,0,0,0,0,0,0,0,0,0,0,0,0,0,0,0,0,0,0,0,0,0,0,0,0,0,0,0,0,0,0,0,0,0,0,0,0,0,0,0,0,0,0,0,0,0,0,0,0,0,0,0,0,0,0,0,0,0,0,0,0,0,0,0,0,0,0,0,0,0,0,0,0,0,0,0,0,0,0,0,0,0,0,0,0,0,0,0,0,0,0,0,0,0,0,0,0,0,0,0,0,0,0,0,0,0,0,0,0,0,0,0,0,0,0,0,0,0,0,0,0,0,0,0,0,0,0,0,0,0,0,0,0,0,0,0,0,0,0,0,0,0,0,0,0,0,0,0,0,0,0,0,0,0,0,0,0,0,0,0,0,0,0,0,0,0,0,0,0,0,0,0,0,0,0,0,0,0,0,0,0,0,0,0,0,0,0,0,0,0,0,0,0,0,0,0,0,0,0,0,0,0,0,0,0,0,0,0,0,0,0,0,0,0,0,0,0,0,0,0,0,0,0,0,0,0,0,0,0,0,0,0,0,0,0,0,0,0,0,0,0,0,0,0,0,0,0,0,0,0,0,0,0,0,0,0,0,0,0,0,0,0,0,0,0,0,0,0,0,0,0,0,0,0,0,0,0,0,0,0,0,0,0,0,0,0,0,
208,0,0,0,0,0,0,0,0,0,0,0,0,0,0,0,0,0,0,0,0,0,0,0,0,0,0,0,0,0,0,0,0,0,0,0,0,0,0,0,0,0,0,0,0,0,0,0,0,0,0,0,0,0,0,0,0,0,0,0,0,0,0,0,0,0,0,0,0,0,0,0,0,0,0,0,0,0,0,0,0,0,0,0,0,449.1788,478.1215,492.2343,492.831,493.2681,493.4473,493.3688,493.0324,492.4382,491.7836,491.3822,491.234,491.3389,491.697,492.2704,482.2368,456.6056,0,0,0,0,0,0,0,0,0,0,0,0,0,0,0,0,0,0,0,0,0,0,0,0,0,0,0,0,0,0,0,0,0,0,0,0,0,0,0,0,0,0,0,0,0,0,0,0,0,0,0,0,0,0,0,0,0,0,0,0,0,0,0,0,0,0,0,0,0,0,0,0,0,0,0,0,0,0,0,0,0,0,0,0,0,0,0,0,0,0,0,0,0,0,0,0,0,0,0,0,0,0,0,0,0,0,0,0,0,0,0,0,0,0,0,0,0,0,0,0,0,0,0,0,0,0,0,0,0,0,0,0,0,0,0,0,0,0,0,0,0,0,0,0,0,0,0,0,0,0,0,0,0,0,0,0,0,0,0,0,0,0,0,0,0,0,0,0,0,0,0,0,0,0,0,0,0,0,0,0,0,0,0,0,0,0,0,0,0,0,0,0,0,0,0,0,0,0,0,0,0,0,0,0,0,0,0,0,0,0,0,0,0,0,0,0,0,0,0,0,0,0,0,0,0,0,0,0,0,0,0,0,0,0,0,0,0,0,0,0,0,0,0,0,0,0,0,0,0,0,0,0,0,0,0,0,0,0,0,0,0,0,0,0,0,0,0,0,0,0,0,0,0,0,0,0,0,0,0,0,0,0,0,0,0,0,0,0,0,0,0,0,0,0,0,0,0,0,0,0,0,0,0,0,0,0,0,0,0,0,0,0,0,0,0,0,0,0,0,0,0,0,
209,0,0,0,0,0,0,0,0,0,0,0,0,0,0,0,0,0,0,0,0,0,0,0,0,0,0,0,0,0,0,0,0,0,0,0,0,0,0,0,0,0,0,0,0,0,0,0,0,0,0,0,0,0,0,0,0,0,0,0,0,0,0,0,0,0,0,0,0,0,0,0,0,0,0,0,0,0,0,0,0,0,0,0,0,0,452.9575,468.7913,469.678,470.3106,470.5329,470.3448,469.7463,468.7374,467.6414,467.0075,466.8357,467.126,467.8785,469.024,0,0,0,0,0,0,0,0,0,0,0,0,0,0,0,0,0,0,0,0,0,0,0,0,0,0,0,0,0,0,0,0,0,0,0,0,0,0,0,0,0,0,0,0,0,0,0,0,0,0,0,0,0,0,0,0,0,0,0,0,0,0,0,0,0,0,0,0,0,0,0,0,0,0,0,0,0,0,0,0,0,0,0,0,0,0,0,0,0,0,0,0,0,0,0,0,0,0,0,0,0,0,0,0,0,0,0,0,0,0,0,0,0,0,0,0,0,0,0,0,0,0,0,0,0,0,0,0,0,0,0,0,0,0,0,0,0,0,0,0,0,0,0,0,0,0,0,0,0,0,0,0,0,0,0,0,0,0,0,0,0,0,0,0,0,0,0,0,0,0,0,0,0,0,0,0,0,0,0,0,0,0,0,0,0,0,0,0,0,0,0,0,0,0,0,0,0,0,0,0,0,0,0,0,0,0,0,0,0,0,0,0,0,0,0,0,0,0,0,0,0,0,0,0,0,0,0,0,0,0,0,0,0,0,0,0,0,0,0,0,0,0,0,0,0,0,0,0,0,0,0,0,0,0,0,0,0,0,0,0,0,0,0,0,0,0,0,0,0,0,0,0,0,0,0,0,0,0,0,0,0,0,0,0,0,0,0,0,0,0,0,0,0,0,0,0,0,0,0,0,0,0,0,0,0,0,0,0,0,0,0,0,0,0,0,0,0,0,0,0,0,0,0,0,
210,0,0,0,0,0,0,0,0,0,0,0,0,0,0,0,0,0,0,0,0,0,0,0,0,0,0,0,0,0,0,0,0,0,0,0,0,0,0,0,0,0,0,0,0,0,0,0,0,0,0,0,0,0,0,0,0,0,0,0,0,0,0,0,0,0,0,0,0,0,0,0,0,0,0,0,0,0,0,0,0,0,0,0,0,0,0,0,0,0,0,0,0,0,0,0,0,0,0,0,0,0,0,0,0,0,0,0,0,0,0,0,0,0,0,0,0,0,0,0,0,0,0,0,0,0,0,0,0,0,0,0,0,0,0,0,0,0,0,0,0,0,0,0,0,0,0,0,0,0,0,0,0,0,0,0,0,0,0,0,0,0,0,0,0,0,0,0,0,0,0,0,0,0,0,0,0,0,0,0,0,0,0,0,0,0,0,0,0,0,0,0,0,0,0,0,0,0,0,0,0,0,0,0,0,0,0,0,0,0,0,0,0,0,0,0,0,0,0,0,0,0,0,0,0,0,0,0,0,0,0,0,0,0,0,0,0,0,0,0,0,0,0,0,0,0,0,0,0,0,0,0,0,0,0,0,0,0,0,0,0,0,0,0,0,0,0,0,0,0,0,0,0,0,0,0,0,0,0,0,0,0,0,0,0,0,0,0,0,0,0,0,0,0,0,0,0,0,0,0,0,0,0,0,0,0,0,0,0,0,0,0,0,0,0,0,0,0,0,0,0,0,0,0,0,0,0,0,0,0,0,0,0,0,0,0,0,0,0,0,0,0,0,0,0,0,0,0,0,0,0,0,0,0,0,0,0,0,0,0,0,0,0,0,0,0,0,0,0,0,0,0,0,0,0,0,0,0,0,0,0,0,0,0,0,0,0,0,0,0,0,0,0,0,0,0,0,0,0,0,0,0,0,0,0,0,0,0,0,0,0,0,0,0,0,0,0,0,0,0,0,0,0,0,
211,0,0,0,0,0,0,0,0,0,0,0,0,0,0,0,0,0,0,0,0,0,0,0,0,0,0,0,0,0,0,0,0,0,0,0,0,0,0,0,0,0,0,0,0,0,0,0,0,0,0,0,0,0,0,0,0,0,0,0,0,0,0,0,0,0,0,0,0,0,0,0,0,0,0,0,0,0,0,0,0,0,0,0,0,0,0,0,0,0,0,0,0,0,0,0,0,0,0,0,0,0,0,0,0,0,0,0,0,0,0,0,0,0,0,0,0,0,0,0,0,0,0,0,0,0,0,0,0,0,0,0,0,0,0,0,0,0,0,0,0,0,0,0,0,0,0,0,0,0,0,0,0,0,0,0,0,0,0,0,0,0,0,0,0,0,0,0,0,0,0,0,0,0,0,0,0,0,0,0,0,0,0,0,0,0,0,0,0,0,0,0,0,0,0,0,0,0,0,0,0,0,0,0,0,0,0,0,0,0,0,0,0,0,0,0,0,0,0,0,0,0,0,0,0,0,0,0,0,0,0,0,0,0,0,0,0,0,0,0,0,0,0,0,0,0,0,0,0,0,0,0,0,0,0,0,0,0,0,0,0,0,0,0,0,0,0,0,0,0,0,0,0,0,0,0,0,0,0,0,0,0,0,0,0,0,0,0,0,0,0,0,0,0,0,0,0,0,0,0,0,0,0,0,0,0,0,0,0,0,0,0,0,0,0,0,0,0,0,0,0,0,0,0,0,0,0,0,0,0,0,0,0,0,0,0,0,0,0,0,0,0,0,0,0,0,0,0,0,0,0,0,0,0,0,0,0,0,0,0,0,0,0,0,0,0,0,0,0,0,0,0,0,0,0,0,0,0,0,0,0,0,0,0,0,0,0,0,0,0,0,0,0,0,0,0,0,0,0,0,0,0,0,0,0,0,0,0,0,0,0,0,0,0,0,0,0,0,0,0,0,0,0,0,
212,0,0,0,0,0,0,0,0,0,0,0,0,0,0,0,0,0,0,0,0,0,0,0,0,0,0,0,0,0,0,0,0,0,0,0,0,0,0,0,0,0,0,0,0,0,0,0,0,0,0,0,0,0,0,0,0,0,0,0,0,0,0,0,0,0,0,0,0,0,0,0,0,0,0,0,0,0,0,0,0,0,0,0,0,0,0,0,0,0,0,0,0,0,0,0,0,0,0,0,0,0,0,0,0,0,0,0,0,0,0,0,0,0,0,0,0,0,0,0,0,0,0,0,0,0,0,0,0,0,0,0,0,0,0,0,0,0,0,0,0,0,0,0,0,0,0,0,0,0,0,0,0,0,0,0,0,0,0,0,0,0,0,0,0,0,0,0,0,0,0,0,0,0,0,0,0,0,0,0,0,0,0,0,0,0,0,0,0,0,0,0,0,0,0,0,0,0,0,0,0,0,0,0,0,0,0,0,0,0,0,0,0,0,0,0,0,0,0,0,0,0,0,0,0,0,0,0,0,0,0,0,0,0,0,0,0,0,0,0,0,0,0,0,0,0,0,0,0,0,0,0,0,0,0,0,0,0,0,0,0,0,0,0,0,0,0,0,0,0,0,0,0,0,0,0,0,0,0,0,0,0,0,0,0,0,0,0,0,0,0,0,0,0,0,0,0,0,0,0,0,0,0,0,0,0,0,0,0,0,0,0,0,0,0,0,0,0,0,0,0,0,0,0,0,0,0,0,0,0,0,0,0,0,0,0,0,0,0,0,0,0,0,0,0,0,0,0,0,0,0,0,0,0,0,0,0,0,0,0,0,0,0,0,0,0,0,0,0,0,0,0,0,0,0,0,0,0,0,0,0,0,0,0,0,0,0,0,0,0,0,0,0,0,0,0,0,0,0,0,0,0,0,0,0,0,0,0,0,0,0,0,0,0,0,0,0,0,0,0,0,0,0,0,
