,1,2,3,4,5,6,7,8,9,10,11,12,13,14,15,16,17,18,19,20,21,22,23,24,25,26,27,28,29,30,31,32,33,34,35,36,37,38,39,40,41,42,43,44,45,46,47,48,49,50,51,52,53,54,55,56,57,58,59,60,61,62,63,64,65,66,67,68,69,70,71,72,73,74,75,76,77,78,79,80,81,82,83,84,85,86,87,88,89,90,91,92,93,94,95,96,97,98,99,100,101,102,103,104,105,106,107,108,109,110,111,112,113,114,115,116,117,118,119,120,121,122,123,124,125,126,127,128,129,130,131,132,133,134,135,136,137,138,139,140,141,142,143,144,145,146,147,148,149,150,151,152,153,154,155,156,157,158,159,160,161,162,163,164,165,166,167,168,169,170,171,172,173,174,175,176,177,178,179,180,181,182,183,184,185,186,187,188,189,190,191,192,193,194,195,196,197,198,199,200,201,202,203,204,205,206,207,208,209,210,211,212,213,214,215,216,217,218,219,220,221,222,223,224,225,226,227,228,229,230,231,232,233,234,235,236,237,238,239,240,241,242,243,244,245,246,247,248,249,250,251,252,253,254,255,256,257,258,259,260,261,262,263,264,265,266,267,268,269,270,271,272,273,274,275,276,277,278,279,280,281,282,283,284,285,286,287,288,289,290,291,292,293,294,295,296,297,298,299,300,301,302,303,304,305,306,307,308,309,310,311,312,313,314,315,316,317,318,319,320,321,322,323,324,325,326,327,328,329,330,331,332,333,334,335,336,337,338,339,340,341,342,343,344,345,346,347,348,349,350,351,352,353,354,355,356,357,358,359,360,361,362,363,364,365,366,367,368,369,370,371,372,373,374,375,376,377,378,379,380,381,382,383,384,385,386,387,388,389,390,391,392,393,394,395,396,397,398,399,400,401,402,403,404,405,406,407,408,409,410,411,412,413,414,415,416,417,418,419,420,421,422,423,
1,0,0,0,0,0,0,0,0,0,0,0,0,0,0,0,0,0,0,0,0,0,0,0,0,0,0,0,0,0,0,0,0,0,0,0,0,0,0,0,0,0,0,0,0,0,0,0,0,0,0,0,0,0,0,0,0,0,0,0,0,0,0,0,0,0,0,0,0,0,0,0,0,0,0,0,0,0,0,0,0,0,0,0,0,0,0,0,0,0,0,0,0,0,0,0,0,0,0,0,0,0,0,0,0,0,0,0,0,0,0,0,0,0,0,0,0,0,0,0,0,0,0,0,0,0,0,0,0,0,0,0,0,0,0,0,0,0,0,0,0,0,0,0,0,0,0,0,0,0,0,0,0,0,0,0,0,0,0,0,0,0,0,0,0,0,0,0,0,0,0,0,0,0,0,0,0,0,0,0,0,0,0,0,0,0,0,0,0,0,0,0,0,0,0,0,0,0,0,0,0,0,0,0,0,0,0,0,0,0,0,0,0,0,0,0,0,0,0,0,0,0,0,0,0,0,0,0,0,0,0,0,0,0,0,0,0,0,0,0,0,0,0,0,0,0,0,0,0,0,0,0,0,0,0,0,0,0,0,0,0,0,0,0,0,0,0,0,0,0,0,0,0,0,0,0,0,0,0,0,0,0,0,0,0,0,0,0,0,0,0,0,0,0,0,0,0,0,0,0,0,0,0,0,0,0,0,0,0,0,0,0,0,0,0,0,0,0,0,0,0,0,0,0,0,0,0,0,0,0,0,0,0,0,0,0,0,0,0,0,0,0,0,0,0,0,0,0,0,0,0,0,0,0,0,0,0,0,0,0,0,0,0,0,0,0,0,0,0,0,0,0,0,0,0,0,0,0,0,0,0,0,0,0,0,0,0,0,0,0,0,0,0,0,0,0,0,0,0,0,0,0,0,0,0,0,0,0,0,0,0,0,0,0,0,0,0,0,0,0,0,0,0,0,
2,0,0,0,0,0,0,0,0,0,0,0,0,0,0,0,0,0,0,0,0,0,0,0,0,0,0,0,0,0,0,0,0,0,0,0,0,0,0,0,0,0,0,0,0,0,0,0,0,0,0,0,0,0,0,0,0,0,0,0,0,0,0,0,0,0,0,0,0,0,0,0,0,0,0,0,0,0,0,0,0,0,0,0,0,0,0,0,0,0,0,0,0,0,0,0,0,0,0,0,0,0,0,0,0,0,0,0,1,1,1,1,4,5,6,5,8,8,9,10,11,11,10,10,11,11,12,13,13,15,16,17,18,23,44,61,61,23,19,18,19,19,18,18,18,18,17,17,18,17,15,14,18,25,14,14,15,16,16,16,15,17,17,17,16,17,19,19,21,21,21,20,19,18,18,17,25,25,25,24,25,26,24,23,23,23,23,26,40,56,23,24,23,22,22,22,22,22,22,22,23,24,22,23,25,33,33,26,23,24,25,29,28,29,31,32,32,32,32,33,32,27,27,21,20,22,25,27,28,27,25,26,29,29,28,27,27,26,28,28,29,29,28,29,29,29,29,29,26,30,30,29,28,30,30,30,30,30,30,30,30,30,31,31,31,30,31,30,29,28,29,28,30,30,30,29,28,28,28,29,28,29,28,28,28,28,29,30,25,30,27,26,30,26,26,24,22,27,26,27,28,27,26,24,27,25,26,26,26,28,29,28,25,27,27,25,26,29,27,26,25,25,22,23,26,26,25,26,23,26,26,25,24,24,24,24,21,25,25,24,25,25,25,24,25,24,23,24,25,24,23,23,24,23,23,23,20,19,21,21,20,19,17,16,17,17,17,17,17,17,17,16,17,13,12,11,7,6,5,5,5,4,7,8,8,11,9,12,12,10,10,11,9,9,8,8,6,5,4,2,2,2,4,3,2,0,0,-5,0,-2,0,0,0,0,0,0,0,0,0,0,0,0,0,0,
3,0,0,0,0,0,0,0,0,0,0,0,0,0,0,0,0,0,0,0,0,0,0,0,0,0,0,0,0,0,0,0,0,0,0,0,0,0,0,0,0,0,0,0,0,0,0,0,0,0,0,0,0,0,0,0,0,0,0,0,0,0,0,0,0,0,0,0,0,0,0,0,0,0,0,0,0,0,0,0,0,0,0,0,0,0,0,0,0,0,0,0,0,0,0,0,0,0,0,0,0,0,0,0,0,0,0,-2,-2,-2,1,2,2,5,4,6,8,8,9,9,10,11,11,11,12,12,12,13,13,14,16,17,19,37,63,72,61,19,18,18,18,18,17,17,17,17,17,16,16,18,15,15,16,30,25,13,13,15,16,16,14,15,16,18,16,16,19,20,22,22,21,20,18,18,18,18,22,25,23,23,26,26,26,25,23,22,22,24,25,43,21,23,24,22,22,22,22,22,22,22,23,24,28,26,24,33,36,29,23,24,25,20,22,26,24,28,31,32,32,34,35,29,27,26,22,23,24,24,26,28,27,25,26,29,28,29,26,28,28,27,28,28,28,29,29,30,30,30,29,28,29,30,30,30,29,30,30,30,30,30,30,30,30,30,30,30,30,30,30,29,29,26,29,27,28,28,28,27,27,26,26,28,26,27,28,27,28,24,27,29,28,26,27,25,24,22,21,25,24,26,27,27,27,27,25,26,26,25,26,27,25,26,26,24,25,26,30,29,26,26,26,23,23,26,26,26,27,24,25,25,25,25,24,24,24,24,25,26,25,25,26,26,26,26,26,24,23,25,26,25,24,24,23,22,22,20,19,21,21,19,19,20,19,18,18,17,17,16,16,16,14,12,11,11,8,8,5,5,5,4,3,2,4,4,6,6,7,8,8,6,7,8,6,6,5,3,3,2,2,1,1,0,4,3,2,-2,-4,0,0,0,0,0,0,0,0,0,0,0,0,0,0,0,0,0,
4,0,0,0,0,0,0,0,0,0,0,0,0,0,0,0,0,0,0,0,0,0,0,0,0,0,0,0,0,0,0,0,0,0,0,0,0,0,0,0,0,0,0,0,0,0,0,0,0,0,0,0,0,0,0,0,0,0,0,0,0,0,0,0,0,0,0,0,0,0,0,0,0,0,0,0,0,0,0,0,0,0,0,0,0,0,0,0,0,0,0,0,0,0,0,0,0,0,0,0,0,0,0,0,0,0,0,0,0,0,-4,3,4,3,4,8,9,9,9,9,8,8,9,10,11,11,12,13,14,15,15,14,16,39,72,73,48,17,16,17,17,17,16,16,16,16,16,17,16,15,16,15,14,13,19,20,14,14,15,16,17,15,15,16,17,17,18,20,22,24,23,22,21,20,19,19,22,22,26,26,26,25,23,23,25,24,22,22,22,26,25,22,24,23,23,24,24,25,26,26,26,26,27,27,20,15,27,29,27,27,29,26,24,19,19,19,22,21,23,29,37,37,36,28,28,27,22,22,25,26,26,27,28,29,28,27,29,28,29,28,27,29,28,28,29,29,30,30,29,27,27,28,30,29,29,30,30,28,28,29,30,28,28,29,29,28,29,28,27,28,28,28,25,27,26,27,25,26,26,26,25,27,25,28,27,27,26,28,26,26,30,25,25,26,23,24,23,25,25,26,26,26,26,26,24,25,25,24,23,25,26,25,25,25,26,26,26,25,28,26,24,23,24,27,28,28,25,25,26,26,26,26,25,25,23,23,26,25,25,27,27,26,27,27,26,26,26,23,23,21,22,23,22,22,21,20,19,20,20,19,18,17,17,15,15,14,13,12,11,10,8,7,6,7,4,4,4,5,5,0,-2,-2,0,-2,-2,0,0,-5,-2,-3,-4,0,0,-3,0,0,0,0,0,0,0,0,3,2,1,0,0,0,0,0,0,0,0,0,0,0,0,0,0,0,0,0,0,0,
5,0,0,0,0,0,0,0,0,0,0,0,0,0,0,0,0,0,0,0,0,0,0,0,0,0,0,0,0,0,0,0,0,0,0,0,0,0,0,0,0,0,0,0,0,0,0,0,0,0,0,0,0,0,0,0,0,0,0,0,0,0,0,0,0,0,0,0,0,0,0,0,0,0,0,0,0,0,0,0,0,0,0,0,0,0,0,0,0,0,0,0,0,0,0,0,0,0,0,0,0,0,0,0,0,0,0,0,0,0,0,0,4,2,3,10,11,11,9,8,8,8,8,9,10,11,12,12,13,14,14,14,13,54,69,69,45,16,16,16,16,16,15,15,16,16,16,15,15,15,14,14,13,12,11,25,19,16,14,14,16,18,18,17,16,15,13,16,21,22,23,20,20,21,21,21,21,22,30,26,26,24,23,23,23,23,24,25,23,25,25,23,23,25,26,28,26,26,27,27,26,26,28,29,29,26,23,22,23,26,27,29,30,32,32,19,23,25,27,24,17,28,37,37,28,28,28,28,27,26,27,27,29,29,29,29,29,30,30,30,29,28,28,29,29,28,30,29,30,29,27,27,27,28,28,29,29,30,29,29,27,27,27,27,28,29,29,28,27,27,27,27,27,27,26,26,25,25,27,26,27,27,25,26,28,26,26,26,26,26,24,26,24,26,23,25,25,19,21,23,26,26,27,25,23,24,26,25,23,24,25,25,25,25,24,27,27,27,27,27,25,25,24,28,28,26,26,27,27,27,25,27,25,23,23,25,27,28,27,26,26,24,24,23,24,24,23,23,23,23,22,22,22,22,22,22,21,17,13,14,12,11,11,9,9,8,7,5,1,0,0,-4,0,0,0,0,0,1,4,5,4,0,0,0,0,0,0,0,0,0,0,0,0,0,0,0,0,0,0,0,0,0,1,1,1,1,1,1,1,1,0,0,0,0,0,0,0,0,0,0,0,0,0,0,
6,0,0,0,0,0,0,0,0,0,0,0,0,0,0,0,0,0,0,0,0,0,0,0,0,0,0,0,0,0,0,0,0,0,0,0,0,0,0,0,0,0,0,0,0,0,0,0,0,0,0,0,0,0,0,0,0,0,0,0,0,0,0,0,0,0,0,0,0,0,0,0,0,0,0,0,0,0,0,0,0,0,0,0,0,0,0,0,0,0,0,0,0,0,0,0,0,0,0,0,0,0,0,0,0,0,0,0,0,0,0,0,0,5,5,10,10,10,9,9,9,10,9,9,10,11,12,12,13,14,14,14,18,28,67,70,46,19,16,15,15,15,14,14,15,15,15,15,15,15,14,14,13,13,12,13,29,19,15,14,15,17,19,19,18,16,15,17,20,21,22,20,18,20,21,21,21,21,30,33,26,23,23,23,23,23,24,25,26,27,24,24,23,25,25,26,26,25,25,26,26,26,28,29,29,28,26,23,21,21,27,28,26,32,33,32,19,21,30,30,21,17,29,36,32,31,28,28,29,26,26,28,29,29,28,29,29,29,30,29,29,30,29,28,29,30,30,30,28,29,28,27,29,29,28,29,29,29,29,28,26,27,27,28,27,28,28,28,27,26,25,28,26,26,25,25,24,24,27,28,28,28,28,26,28,27,28,30,27,26,25,27,23,25,25,25,26,19,19,25,26,26,27,25,23,24,25,25,25,27,26,26,28,25,24,26,27,27,27,28,25,27,25,28,26,26,28,27,26,26,25,26,23,23,26,26,27,27,26,25,25,24,24,23,24,23,22,20,21,21,22,22,22,20,17,14,13,12,10,8,9,7,6,6,1,3,-2,0,0,0,0,0,0,0,0,0,0,0,1,4,6,4,0,0,0,0,0,0,0,0,0,0,0,0,0,0,0,0,0,0,0,0,0,0,0,0,1,0,2,1,0,0,0,0,0,0,0,0,0,0,0,0,0,0,
7,0,0,0,0,0,0,0,0,0,0,0,0,0,0,0,0,0,0,0,0,0,0,0,0,0,0,0,0,0,0,0,0,0,0,0,0,0,0,0,0,0,0,0,0,0,0,0,0,0,0,0,0,0,0,0,0,0,0,0,0,0,0,0,0,0,0,0,0,0,0,0,0,0,0,0,0,0,0,0,0,0,0,0,0,0,0,0,0,0,0,0,0,0,0,0,0,0,0,0,0,0,0,0,0,0,0,0,0,0,0,0,0,0,5,8,10,10,9,10,11,12,11,10,12,13,14,13,10,13,14,16,23,28,30,37,36,19,15,16,16,16,15,15,17,16,18,16,15,14,15,15,15,16,16,15,18,16,17,16,12,13,16,18,18,18,18,17,18,21,22,22,21,17,18,19,22,23,23,28,28,26,25,24,23,25,25,25,25,25,26,26,27,29,27,26,26,26,27,25,24,24,25,29,29,29,28,27,25,23,21,33,31,29,28,29,33,27,22,27,32,28,24,22,29,30,29,29,28,28,28,26,30,30,29,29,30,30,30,31,31,31,27,28,29,29,29,28,30,29,30,29,27,27,28,26,27,29,29,28,26,26,26,26,27,28,27,28,27,27,26,25,26,25,24,22,25,24,26,28,27,27,27,26,26,26,29,27,28,24,25,26,24,26,24,25,25,25,25,25,24,25,26,26,24,25,24,25,25,26,27,24,24,26,26,27,27,26,28,25,26,26,29,26,25,27,27,26,26,26,26,25,23,24,26,26,24,25,26,28,27,23,22,22,19,19,21,21,20,20,18,16,13,11,9,8,5,3,0,0,-5,0,0,0,0,0,0,0,0,0,0,0,0,0,0,0,0,0,0,0,1,2,2,2,1,1,0,0,0,0,0,0,0,0,0,0,0,0,0,0,0,0,0,0,0,0,0,0,0,0,0,0,0,0,0,0,0,0,0,0,0,0,0,0,
8,0,0,0,0,0,0,0,0,0,0,0,0,0,0,0,0,0,0,0,0,0,0,0,0,0,0,0,0,0,0,0,0,0,0,0,0,0,0,0,0,0,0,0,0,0,0,0,0,0,0,0,0,0,0,0,0,0,0,0,0,0,0,0,0,0,0,0,0,0,0,0,0,0,0,0,0,0,0,0,0,0,0,0,0,0,0,0,0,0,0,0,0,0,0,0,0,0,0,0,0,0,0,0,0,0,0,0,0,0,0,0,0,0,0,3,8,9,10,10,11,12,12,11,12,13,14,13,13,12,14,19,21,22,23,26,29,28,24,19,18,18,17,17,18,20,21,21,20,19,19,17,16,18,17,19,21,22,19,19,21,16,16,17,18,20,20,21,18,22,23,24,24,28,20,19,22,24,25,26,28,28,24,24,25,25,27,27,27,26,26,28,31,26,18,27,28,29,29,26,25,25,23,22,24,30,30,29,28,28,25,18,21,16,26,27,28,37,30,22,28,31,31,27,24,24,27,28,29,29,29,30,30,28,30,31,30,31,31,31,31,30,30,25,27,29,26,29,29,30,30,29,28,25,25,26,27,29,26,27,25,26,25,25,26,28,27,26,28,29,29,28,28,25,23,22,23,25,25,28,27,26,22,23,28,27,27,28,28,25,25,24,24,25,25,26,25,26,24,24,21,25,25,24,25,25,25,25,24,25,26,27,26,26,26,28,26,26,26,29,28,27,27,25,25,25,25,26,25,24,24,23,25,24,25,23,23,23,22,23,21,22,22,21,21,20,19,18,18,16,8,6,4,3,2,2,2,-3,0,0,0,0,0,0,0,0,0,0,0,0,0,0,0,0,0,0,0,0,0,0,0,0,0,0,0,0,0,0,0,0,0,0,0,0,0,0,0,0,0,0,0,0,0,0,0,0,0,0,0,0,0,0,0,0,0,0,0,0,0,0,0,0,0,0,
9,0,0,0,0,0,0,0,0,0,0,0,0,0,0,0,0,0,0,0,0,0,0,0,0,0,0,0,0,0,0,0,0,0,0,0,0,0,0,0,0,0,0,0,0,0,0,0,0,0,0,0,0,0,0,0,0,0,0,0,0,0,0,0,0,0,0,0,0,0,0,0,0,0,0,0,0,0,0,0,0,0,0,0,0,0,0,0,0,0,0,0,0,0,0,0,0,0,0,0,0,0,0,0,0,0,0,0,0,0,0,0,0,0,0,1,7,7,10,11,11,12,12,11,12,12,13,13,13,13,14,18,20,20,22,25,28,25,23,18,17,17,17,17,12,19,20,21,21,20,22,19,22,20,20,19,19,22,24,19,22,22,20,17,18,20,21,21,21,23,23,24,25,30,25,22,21,23,29,30,31,29,26,24,24,24,27,27,27,28,27,27,31,32,21,17,27,29,30,28,26,27,26,22,23,27,28,30,31,28,28,30,25,14,16,26,27,34,35,30,19,30,30,30,27,26,27,27,29,29,29,30,30,28,29,29,30,30,30,30,30,30,30,29,29,29,27,27,28,28,29,28,27,25,23,27,28,28,26,25,25,24,25,25,26,28,28,26,25,26,30,29,29,26,23,23,24,25,27,28,27,26,25,24,28,29,26,27,26,26,25,23,23,23,25,23,25,24,25,26,24,24,26,24,25,25,25,24,24,25,27,25,26,26,26,24,26,26,28,27,28,27,26,25,25,25,26,26,25,24,25,24,24,24,24,24,23,23,20,22,23,22,21,20,18,19,19,17,14,9,5,4,4,2,2,2,2,-4,0,0,0,1,0,0,0,0,0,0,0,0,0,0,0,0,0,0,0,0,0,0,0,0,0,0,0,0,0,0,0,0,0,0,0,0,0,0,0,0,0,0,0,0,0,0,0,0,0,0,0,0,0,0,0,0,0,0,0,0,0,0,0,0,0,0,
10,0,0,0,0,0,0,0,0,0,0,0,0,0,0,0,0,0,0,0,0,0,0,0,0,0,0,0,0,0,0,0,0,0,0,0,0,0,0,0,0,0,0,0,0,0,0,0,0,0,0,0,0,0,0,0,0,0,0,0,0,0,0,0,0,0,0,0,0,0,0,0,0,0,0,0,0,0,0,0,0,0,0,0,0,0,0,0,0,0,0,0,0,0,0,0,0,0,0,0,0,0,0,0,0,0,0,0,0,0,0,0,0,0,0,0,4,5,8,10,10,12,12,13,12,12,12,12,12,13,14,18,18,19,22,17,26,27,24,16,14,14,16,16,15,15,16,20,20,20,19,21,24,23,23,21,21,21,24,21,19,23,23,21,19,17,20,21,21,22,23,24,24,23,22,21,21,21,24,30,30,31,31,32,28,28,26,24,25,30,30,30,29,28,30,25,18,13,19,30,31,28,29,30,29,25,24,27,37,36,31,27,28,25,20,21,16,26,33,33,32,22,22,29,29,29,28,28,29,29,30,30,30,30,31,31,30,30,30,30,29,31,30,28,30,28,28,26,26,26,29,27,27,26,26,23,27,31,26,26,24,25,25,23,26,28,27,27,26,25,29,31,31,27,25,23,25,27,27,26,27,25,27,28,29,29,28,24,24,26,25,24,24,24,26,24,26,26,27,27,27,23,26,28,25,24,24,25,26,27,26,27,26,27,26,26,26,29,29,28,25,25,25,26,25,25,25,25,23,21,22,23,25,26,25,24,25,23,24,22,21,19,17,16,15,14,14,9,9,9,7,8,10,12,13,15,19,6,2,1,0,6,1,1,1,3,2,1,1,0,0,0,0,0,0,0,0,0,0,0,0,0,0,0,0,0,0,0,0,0,0,0,0,0,0,0,0,0,0,0,0,0,0,0,0,0,0,0,0,0,0,0,0,0,0,0,0,0,0,0,0,0,0,0,
11,0,0,0,0,0,0,0,0,0,0,0,0,0,0,0,0,0,0,0,0,0,0,0,0,0,0,0,0,0,0,0,0,0,0,0,0,0,0,0,0,0,0,0,0,0,0,0,0,0,0,0,0,0,0,0,0,0,0,0,0,0,0,0,0,0,0,0,0,0,0,0,0,0,0,0,0,0,0,0,0,0,0,0,0,0,0,0,0,0,0,0,0,0,0,0,0,0,0,0,0,0,0,0,0,0,0,0,0,0,0,0,0,0,0,0,3,5,7,9,9,11,12,13,13,13,12,11,11,13,14,17,18,19,21,22,28,27,23,14,12,13,15,16,16,14,14,17,17,20,17,19,22,23,23,22,20,18,20,19,17,19,22,21,20,17,19,20,21,22,22,24,24,23,18,17,18,18,21,25,29,33,34,35,31,30,28,24,23,23,29,30,29,29,25,32,28,12,13,28,31,30,27,29,31,31,25,17,32,32,36,31,31,30,30,27,17,15,26,30,33,24,23,25,28,29,28,28,29,29,29,30,31,31,31,31,29,29,28,30,30,31,30,30,29,29,29,28,27,26,29,28,29,26,26,25,26,31,30,26,24,24,24,23,23,29,28,25,26,27,29,32,31,27,24,24,23,27,28,25,25,26,27,27,28,28,26,23,25,26,25,23,24,25,26,25,27,28,26,26,26,26,27,28,26,23,24,25,26,26,29,26,27,27,26,26,27,30,29,27,25,25,26,24,25,25,25,25,23,23,25,26,28,26,23,27,25,22,22,20,19,18,19,18,14,12,13,8,8,8,9,15,10,7,14,11,24,22,3,2,1,2,4,2,1,2,2,2,2,1,0,0,0,0,0,0,0,0,0,0,0,0,0,0,0,0,0,0,0,0,0,0,0,0,0,0,0,0,0,0,0,0,0,0,0,0,0,0,0,0,0,0,0,0,0,0,0,0,0,0,0,0,0,0,
12,0,0,0,0,0,0,0,0,0,0,0,0,0,0,0,0,0,0,0,0,0,0,0,0,0,0,0,0,0,0,0,0,0,0,0,0,0,0,0,0,0,0,0,0,0,0,0,0,0,0,0,0,0,0,0,0,0,0,0,0,0,0,0,0,0,0,0,0,0,0,0,0,0,0,0,0,0,0,0,0,0,0,0,0,0,0,0,0,0,0,0,0,0,0,0,0,0,0,0,0,0,0,0,0,0,0,0,0,0,0,0,0,0,0,0,0,2,4,5,7,9,10,12,13,13,13,12,13,13,14,18,20,21,21,22,25,25,22,15,10,12,16,16,14,13,11,12,12,16,12,9,19,21,21,20,20,18,17,18,20,18,19,20,21,19,17,18,20,21,21,23,23,25,26,26,17,15,12,12,12,17,26,33,35,34,33,30,29,22,22,23,26,28,28,27,34,31,28,13,29,35,32,29,30,30,34,36,28,22,19,35,36,27,28,35,30,25,15,15,36,34,32,24,27,27,28,28,29,29,29,30,31,29,30,31,31,28,28,30,30,29,30,30,27,28,29,30,29,27,29,29,28,26,26,25,25,31,29,27,24,24,24,24,25,31,26,26,23,24,28,32,31,25,26,22,23,25,28,26,25,25,28,28,28,28,25,25,24,23,26,23,25,26,26,26,25,25,25,27,27,26,22,27,26,24,23,26,27,28,28,28,28,28,25,28,27,29,26,25,25,25,24,25,26,26,27,26,23,25,26,27,26,25,26,26,22,21,21,21,23,14,12,11,11,10,10,8,7,0,-7,-7,-3,0,0,-2,0,14,9,7,5,6,3,1,1,0,0,0,0,0,0,0,0,0,0,0,0,0,0,0,0,0,0,0,0,0,0,0,0,0,0,0,0,0,0,0,0,0,0,0,0,0,0,0,0,0,0,0,0,0,0,0,0,0,0,0,0,0,0,0,0,0,0,0,
13,0,0,0,0,0,0,0,0,0,0,0,0,0,0,0,0,0,0,0,0,0,0,0,0,0,0,0,0,0,0,0,0,0,0,0,0,0,0,0,0,0,0,0,0,0,0,0,0,0,0,0,0,0,0,0,0,0,0,0,0,0,0,0,0,0,0,0,0,0,0,0,0,0,0,0,0,0,0,0,0,0,0,0,0,0,0,0,0,0,0,0,0,0,0,0,0,0,0,0,0,0,0,0,0,0,0,0,0,0,0,0,0,0,0,0,0,0,3,3,5,6,8,10,12,13,14,14,15,14,13,16,18,19,20,22,23,21,19,13,11,12,14,16,17,18,18,15,13,10,10,12,16,17,17,19,19,19,19,18,18,21,21,19,20,20,18,18,19,20,21,22,22,25,29,31,27,26,20,15,16,16,19,21,29,27,30,32,33,31,30,25,21,22,24,27,28,34,36,32,14,13,28,36,38,34,34,31,33,35,35,24,22,29,30,33,35,36,26,21,19,36,34,28,28,28,28,28,30,30,30,29,29,30,32,31,31,30,31,30,30,30,29,28,28,25,28,28,28,26,29,33,28,26,28,25,25,32,29,28,25,24,25,24,24,29,26,24,23,22,27,31,30,28,26,25,25,26,27,26,25,26,27,27,27,26,25,26,25,22,26,24,24,28,28,25,24,24,26,28,29,28,27,26,26,25,26,27,27,28,28,28,28,27,27,28,30,26,26,25,25,25,25,27,26,28,26,24,27,26,27,25,25,26,24,22,19,25,23,16,15,14,11,10,8,7,6,0,-3,0,0,0,0,0,0,1,5,15,4,2,0,0,0,0,0,0,0,0,0,0,0,0,0,0,0,0,0,0,0,0,0,0,0,0,0,0,0,0,0,0,0,0,0,0,0,0,0,0,0,0,0,0,0,0,0,0,0,0,0,0,0,0,0,0,0,0,0,0,0,0,0,0,0,0,
14,0,0,0,0,0,0,0,0,0,0,0,0,0,0,0,0,0,0,0,0,0,0,0,0,0,0,0,0,0,0,0,0,0,0,0,0,0,0,0,0,0,0,0,0,0,0,0,0,0,0,0,0,0,0,0,0,0,0,0,0,0,0,0,0,0,0,0,0,0,0,0,0,0,0,0,0,0,0,0,0,0,0,0,0,0,0,0,0,0,0,0,0,0,0,0,0,0,0,0,0,0,0,0,0,0,0,0,0,0,0,0,0,0,0,0,0,0,-4,2,3,5,7,9,11,12,13,14,15,14,14,16,17,18,20,22,21,19,18,13,11,11,12,14,17,18,17,16,16,13,11,12,15,17,17,16,17,20,19,19,20,22,19,21,18,19,19,19,19,20,21,21,19,24,28,29,28,26,23,22,19,19,20,20,20,23,23,30,32,32,31,29,23,21,21,25,25,27,25,34,27,24,13,15,37,38,37,34,30,33,35,37,27,25,26,31,38,38,33,22,20,16,24,31,28,28,29,28,30,30,30,28,30,31,32,31,29,30,30,30,29,30,31,30,27,25,27,28,27,26,29,32,29,25,25,26,25,31,29,27,26,22,24,24,24,29,26,24,23,22,29,31,30,28,25,23,25,29,26,26,25,25,29,28,27,25,25,26,27,23,24,24,25,28,26,26,24,26,26,27,26,26,27,21,26,24,26,24,27,28,28,27,28,27,27,26,28,27,26,25,24,25,26,28,27,27,24,24,25,25,27,23,22,24,20,20,24,24,23,16,15,14,10,8,7,0,-3,0,0,0,0,0,0,0,0,1,2,14,3,1,0,0,0,0,0,0,0,0,0,0,0,0,0,0,0,0,0,0,0,0,0,0,0,0,0,0,0,0,0,0,0,0,0,0,0,0,0,0,0,0,0,0,0,0,0,0,0,0,0,0,0,0,0,0,0,0,0,0,0,0,0,0,0,0,
15,0,0,0,0,0,0,0,0,0,0,0,0,0,0,0,0,0,0,0,0,0,0,0,0,0,0,0,0,0,0,0,0,0,0,0,0,0,0,0,0,0,0,0,0,0,0,0,0,0,0,0,0,0,0,0,0,0,0,0,0,0,0,0,0,0,0,0,0,0,0,0,0,0,0,0,0,0,0,0,0,0,0,0,0,0,0,0,0,0,0,0,0,0,0,0,0,0,0,0,0,0,0,0,0,0,0,0,0,0,0,0,0,0,0,0,0,0,0,3,3,5,5,8,10,11,13,14,17,15,14,15,16,18,22,22,16,15,16,17,15,15,12,12,14,16,17,16,14,14,15,15,15,16,16,17,17,17,18,19,20,29,29,18,19,17,18,19,19,20,20,21,20,18,24,26,26,25,25,23,23,23,24,24,24,21,26,24,24,28,31,32,31,27,21,19,22,24,21,18,37,36,29,16,13,14,19,37,38,36,28,26,37,33,30,23,23,32,41,42,26,24,24,30,29,29,30,31,31,30,30,31,31,32,33,32,29,30,30,30,30,30,30,30,30,29,30,26,25,27,28,34,32,26,25,23,24,29,28,28,27,26,25,23,24,28,26,24,24,23,29,31,32,27,24,25,28,29,27,24,24,25,30,28,23,24,26,25,25,24,25,24,27,27,27,26,24,24,27,29,28,28,28,20,26,26,27,25,28,27,28,27,27,27,28,28,26,29,27,24,26,27,27,25,25,24,24,26,25,27,27,24,24,24,25,25,23,16,14,13,12,7,0,0,0,-2,0,0,0,0,0,0,0,0,0,1,3,4,10,10,10,10,8,11,1,0,0,0,0,0,0,0,0,0,0,0,0,0,0,0,0,0,0,0,0,0,0,0,0,0,0,0,0,0,0,0,0,0,0,0,0,0,0,0,0,0,0,0,0,0,0,0,0,0,0,0,0,0,0,0,0,0,0,0,
16,0,0,0,0,0,0,0,0,0,0,0,0,0,0,0,0,0,0,0,0,0,0,0,0,0,0,0,0,0,0,0,0,0,0,0,0,0,0,0,0,0,0,0,0,0,0,0,0,0,0,0,0,0,0,0,0,0,0,0,0,0,0,0,0,0,0,0,0,0,0,0,0,0,0,0,0,0,0,0,0,0,0,0,0,0,0,0,0,0,0,0,0,0,0,0,0,0,0,0,0,0,0,0,0,0,0,0,0,0,0,0,0,0,0,0,0,0,0,2,3,4,5,7,9,10,13,15,18,16,15,14,17,19,20,16,10,8,9,13,15,17,17,16,13,13,13,15,16,16,16,15,13,14,15,16,16,17,18,17,18,21,23,21,19,22,18,18,20,21,22,22,21,19,21,23,25,25,24,23,22,23,25,26,28,27,28,28,28,25,26,25,31,31,27,21,18,22,26,28,33,29,27,30,32,24,25,13,22,40,38,31,25,32,34,38,26,22,22,35,33,28,27,27,28,28,31,32,30,31,31,32,31,31,31,31,30,30,29,30,31,31,30,31,33,31,31,28,28,25,23,27,32,26,25,24,23,27,27,27,29,27,25,21,27,28,26,24,24,23,24,31,32,26,24,23,28,29,26,22,24,26,28,26,23,23,26,25,26,25,25,24,24,27,26,25,24,25,25,28,26,26,27,26,23,26,28,25,27,27,26,26,27,28,30,27,28,29,26,26,28,27,26,25,24,24,25,26,26,24,23,23,25,24,21,20,16,16,15,9,5,2,0,1,0,1,1,0,0,0,0,0,0,0,0,0,1,1,0,0,1,1,1,3,5,1,0,0,0,1,0,0,0,0,0,0,0,0,0,0,0,0,0,0,0,0,0,0,0,0,0,0,0,0,0,0,0,0,0,0,0,0,0,0,0,0,0,0,0,0,0,0,0,0,0,0,0,0,0,0,0,0,0,0,
17,0,0,0,0,0,0,0,0,0,0,0,0,0,0,0,0,0,0,0,0,0,0,0,0,0,0,0,0,0,0,0,0,0,0,0,0,0,0,0,0,0,0,0,0,0,0,0,0,0,0,0,0,0,0,0,0,0,0,0,0,0,0,0,0,0,0,0,0,0,0,0,0,0,0,0,0,0,0,0,0,0,0,0,0,0,0,0,0,0,0,0,0,0,0,0,0,0,0,0,0,0,0,0,0,0,0,0,0,0,0,0,0,0,0,0,0,0,0,-2,3,4,5,6,9,10,13,14,17,17,15,14,18,20,19,15,8,7,8,9,12,15,16,16,15,13,12,14,15,16,15,15,14,14,13,16,16,17,17,17,17,19,22,24,22,20,24,19,21,22,22,22,22,22,22,23,26,25,25,26,24,24,25,26,28,28,28,29,30,36,17,19,29,31,32,28,24,19,17,23,34,34,27,26,25,35,34,19,12,24,38,33,35,24,29,36,30,28,22,25,34,35,29,28,28,29,32,30,31,32,33,31,31,32,31,31,29,30,29,30,30,31,31,31,33,32,32,29,28,25,25,32,31,28,25,24,23,27,28,30,28,27,26,26,24,27,27,23,24,24,26,31,33,26,24,24,28,28,27,23,22,27,27,25,24,24,24,26,27,24,23,24,26,25,24,26,24,26,27,28,27,27,26,27,24,27,28,27,26,27,27,27,26,30,30,27,29,29,27,27,28,27,27,25,24,24,25,24,25,24,23,23,24,22,21,17,13,15,12,7,4,3,3,3,2,2,0,0,0,0,0,0,0,0,0,0,0,0,0,0,0,0,0,1,5,9,9,1,1,1,0,0,0,0,0,0,0,0,0,0,0,0,0,0,0,0,0,0,0,0,0,0,0,0,0,0,0,0,0,0,0,0,0,0,0,0,0,0,0,0,0,0,0,0,0,0,0,0,0,0,0,0,0,0,
18,0,0,0,0,0,0,0,0,0,0,0,0,0,0,0,0,0,0,0,0,0,0,0,0,0,0,0,0,0,0,0,0,0,0,0,0,0,0,0,0,0,0,0,0,0,0,0,0,0,0,0,0,0,0,0,0,0,0,0,0,0,0,0,0,0,0,0,0,0,0,0,0,0,0,0,0,0,0,0,0,0,0,0,0,0,0,0,0,0,0,0,0,0,0,0,0,0,0,0,0,0,0,0,0,0,0,0,0,0,0,0,0,0,0,0,0,0,0,0,3,5,5,7,8,9,12,14,17,18,18,18,20,20,14,9,6,6,6,7,8,9,12,12,15,15,14,12,12,14,14,14,14,15,15,16,16,16,17,17,18,19,19,19,20,26,20,21,20,24,25,24,24,24,23,23,25,25,26,25,25,26,27,28,30,31,30,31,32,34,37,37,28,25,26,33,34,29,21,14,14,15,21,28,28,27,29,30,26,23,16,38,39,41,40,22,38,34,26,26,36,32,28,30,30,29,30,32,33,32,32,33,32,31,31,32,29,32,31,29,30,30,31,31,31,32,31,31,30,26,21,26,33,28,26,26,23,28,27,29,29,26,26,27,29,25,24,27,24,25,24,30,30,26,24,26,28,28,27,24,25,25,25,25,23,26,23,26,26,25,25,24,26,25,26,23,23,25,26,26,27,27,27,27,27,27,28,27,27,26,28,28,31,30,30,29,28,28,29,30,28,28,27,24,24,26,23,25,25,22,22,22,19,19,16,15,16,10,9,5,0,-4,0,0,2,1,1,0,0,0,0,0,0,0,0,0,0,0,0,0,0,0,0,0,0,1,1,1,1,1,0,0,0,0,0,0,0,0,0,0,0,0,0,0,0,0,0,0,0,0,0,0,0,0,0,0,0,0,0,0,0,0,0,0,0,0,0,0,0,0,0,0,0,0,0,0,0,0,0,0,0,0,0,0,
19,0,0,0,0,0,0,0,0,0,0,0,0,0,0,0,0,0,0,0,0,0,0,0,0,0,0,0,0,0,0,0,0,0,0,0,0,0,0,0,0,0,0,0,0,0,0,0,0,0,0,0,0,0,0,0,0,0,0,0,0,0,0,0,0,0,0,0,0,0,0,0,0,0,0,0,0,0,0,0,0,0,0,0,0,0,0,0,0,0,0,0,0,0,0,0,0,0,0,0,0,0,0,0,0,0,0,0,0,0,0,0,0,0,0,0,0,0,0,0,3,5,6,7,9,10,12,14,18,21,22,20,19,18,12,8,7,7,7,7,8,9,11,11,13,15,15,14,13,14,14,14,14,15,15,16,17,16,18,18,18,19,19,20,20,22,24,22,20,22,23,27,26,24,24,25,26,26,26,27,29,31,28,29,31,31,31,32,32,33,34,37,37,32,24,26,32,33,32,26,16,15,17,25,23,27,29,31,29,28,18,17,36,42,43,24,38,37,28,27,36,35,27,30,30,29,33,33,33,32,33,33,33,31,32,32,29,32,32,30,29,29,31,33,32,32,31,33,30,27,22,26,32,29,28,26,24,29,27,29,28,26,26,29,29,27,25,26,26,24,24,28,29,26,25,26,28,28,25,25,27,24,24,23,27,25,24,26,24,25,23,24,26,26,25,24,23,25,26,26,25,24,25,26,27,26,27,27,26,27,26,28,31,31,29,29,30,30,29,28,27,25,26,24,24,25,25,25,24,22,22,22,19,17,18,17,12,9,8,0,-3,0,0,0,2,2,1,0,0,0,0,0,0,0,0,0,0,1,0,0,0,0,0,0,0,0,0,0,0,0,0,0,0,0,0,0,0,0,0,0,0,0,0,0,0,0,0,0,0,0,0,0,0,0,0,0,0,0,0,0,0,0,0,0,0,0,0,0,0,0,0,0,0,0,0,0,0,0,0,0,0,0,0,0,
20,0,0,0,0,0,0,0,0,0,0,0,0,0,0,0,0,0,0,0,0,0,0,0,0,0,0,0,0,0,0,0,0,0,0,0,0,0,0,0,0,0,0,0,0,0,0,0,0,0,0,0,0,0,0,0,0,0,0,0,0,0,0,0,0,0,0,0,0,0,0,0,0,0,0,0,0,0,0,0,0,0,0,0,0,0,0,0,0,0,0,0,0,0,0,0,0,0,0,0,0,0,0,0,0,0,0,0,0,0,0,0,0,0,0,0,0,0,0,2,3,6,7,8,10,11,14,16,23,24,23,17,9,10,9,9,9,9,9,8,8,9,10,11,13,14,14,15,15,14,15,15,15,16,16,17,18,19,19,19,19,19,19,20,20,22,22,23,27,24,20,23,23,24,24,24,25,26,28,30,30,33,31,31,33,33,33,33,33,33,34,35,35,35,35,25,23,23,31,33,31,31,30,22,19,20,21,30,33,32,28,24,19,15,44,41,27,37,33,30,26,35,31,32,33,33,32,32,33,33,33,33,32,32,33,32,32,33,33,33,30,28,29,32,32,29,30,35,33,26,26,27,29,30,28,26,25,29,29,29,28,26,24,28,28,27,29,31,25,24,26,28,28,24,28,29,29,28,25,27,27,26,24,25,28,27,24,26,26,24,23,22,26,26,25,22,22,23,25,26,25,25,25,26,27,27,25,27,26,26,25,29,31,32,31,32,29,29,27,27,25,25,25,25,23,23,24,24,23,22,22,20,17,16,14,13,10,6,0,-5,0,0,0,0,0,0,0,0,0,0,0,0,0,0,0,1,1,1,0,0,0,0,0,1,1,0,0,0,0,0,0,0,0,0,0,0,0,0,0,0,0,0,0,0,0,0,0,0,0,0,0,0,0,0,0,0,0,0,0,0,0,0,0,0,0,0,0,0,0,0,0,0,0,0,0,0,0,0,0,0,0,0,0,0,
21,0,0,0,0,0,0,0,0,0,0,0,0,0,0,0,0,0,0,0,0,0,0,0,0,0,0,0,0,0,0,0,0,0,0,0,0,0,0,0,0,0,0,0,0,0,0,0,0,0,0,0,0,0,0,0,0,0,0,0,0,0,0,0,0,0,0,0,0,0,0,0,0,0,0,0,0,0,0,0,0,0,0,0,0,0,0,0,0,0,0,0,0,0,0,0,0,0,0,0,0,0,0,0,0,0,0,0,0,0,0,0,0,0,0,0,0,0,0,2,4,5,8,9,11,13,18,23,26,20,18,10,5,5,7,7,8,8,9,9,9,9,9,10,13,14,14,15,15,15,15,15,16,16,17,18,18,19,20,20,19,19,20,20,20,21,21,21,22,23,23,26,24,25,27,31,31,26,32,32,32,33,33,33,33,34,35,35,35,36,37,37,37,36,36,35,35,32,25,19,20,23,31,33,32,33,30,30,32,33,33,33,30,19,19,16,40,35,36,32,27,35,36,31,33,33,32,33,35,33,33,33,33,33,33,33,32,32,33,35,31,29,28,28,29,31,33,35,32,27,24,27,30,29,28,27,29,23,27,28,28,26,27,25,26,24,30,27,25,24,26,28,27,22,27,27,26,27,27,26,25,24,23,28,25,25,26,26,25,26,23,24,27,26,25,23,22,25,26,27,26,25,26,26,26,26,27,26,26,26,27,31,31,30,31,33,29,28,26,27,28,25,26,22,23,24,24,23,22,21,20,17,17,15,12,11,6,-2,0,0,0,0,0,0,0,0,0,0,0,1,1,1,1,1,1,1,1,1,2,1,0,0,0,3,3,1,0,0,0,0,0,0,0,0,0,0,0,0,0,0,0,0,0,0,0,0,0,0,0,0,0,0,0,0,0,0,0,0,0,0,0,0,0,0,0,0,0,0,0,0,0,0,0,0,0,0,0,0,0,0,0,0,0,0,
22,0,0,0,0,0,0,0,0,0,0,0,0,0,0,0,0,0,0,0,0,0,0,0,0,0,0,0,0,0,0,0,0,0,0,0,0,0,0,0,0,0,0,0,0,0,0,0,0,0,0,0,0,0,0,0,0,0,0,0,0,0,0,0,0,0,0,0,0,0,0,0,0,0,0,0,0,0,0,0,0,0,0,0,0,0,0,0,0,0,0,0,0,0,0,0,0,0,0,0,0,0,0,0,0,0,0,0,0,0,0,0,0,0,0,0,0,0,0,4,5,7,8,10,12,14,21,25,24,18,14,7,4,4,6,6,7,8,8,8,9,9,9,10,11,13,14,15,15,15,15,16,17,17,17,18,19,20,20,20,20,20,20,21,21,21,21,22,21,22,22,22,28,25,31,33,35,35,33,33,33,33,35,34,34,34,35,35,35,36,37,38,38,38,37,36,36,36,35,27,21,20,18,29,30,33,34,33,33,34,34,36,33,24,19,14,39,39,37,36,26,37,34,31,34,34,33,33,34,33,33,34,33,34,34,34,33,33,33,34,33,33,28,27,30,32,33,36,35,31,27,28,27,27,28,26,32,26,23,26,28,27,29,27,25,22,32,27,26,26,26,28,26,23,27,28,27,26,27,26,25,24,27,26,25,26,26,27,25,25,25,25,27,26,25,23,23,26,27,25,26,25,24,27,25,26,25,24,26,27,28,32,32,30,31,32,28,28,28,27,27,26,26,22,24,24,24,23,22,21,20,17,16,15,11,10,0,0,0,0,0,0,0,0,0,1,1,1,1,1,1,1,1,2,2,1,1,1,2,1,0,0,1,4,4,1,0,0,0,0,0,0,0,0,0,0,0,0,0,0,0,0,0,0,0,0,0,0,0,0,0,0,0,0,0,0,0,0,0,0,0,0,0,0,0,0,0,0,0,0,0,0,0,0,0,0,0,0,0,0,0,0,0,0,
23,0,0,0,0,0,0,0,0,0,0,0,0,0,0,0,0,0,0,0,0,0,0,0,0,0,0,0,0,0,0,0,0,0,0,0,0,0,0,0,0,0,0,0,0,0,0,0,0,0,0,0,0,0,0,0,0,0,0,0,0,0,0,0,0,0,0,0,0,0,0,0,0,0,0,0,0,0,0,0,0,0,0,0,0,0,0,0,0,0,0,0,0,0,0,0,0,0,0,0,0,0,0,0,0,0,0,0,0,0,0,0,0,0,0,0,5,6,5,7,6,6,8,12,18,22,25,24,20,13,9,4,4,3,4,4,4,5,5,6,8,8,10,10,11,11,12,13,14,16,17,17,18,19,19,19,20,21,21,21,21,21,22,22,21,21,21,22,23,23,25,26,28,28,29,29,30,32,33,33,31,31,32,32,33,33,34,35,35,36,36,36,37,38,38,37,37,36,37,36,35,33,26,18,17,18,17,26,38,39,37,37,37,35,30,17,28,38,39,38,34,24,31,32,33,35,34,33,34,34,34,33,33,34,33,33,34,33,32,33,34,34,28,26,31,32,32,36,37,31,29,29,30,25,27,29,33,25,28,24,27,27,30,29,25,26,29,27,27,27,26,26,26,26,25,26,26,28,26,25,25,25,27,25,24,26,25,26,27,24,25,27,24,25,24,24,23,24,25,26,24,26,26,26,24,26,27,24,28,27,28,30,31,30,31,29,28,27,27,27,26,24,23,22,24,23,24,23,24,23,18,16,14,12,7,5,0,0,0,0,0,0,0,0,5,8,7,7,5,6,4,4,4,3,2,1,1,1,1,1,2,4,3,1,0,0,1,1,0,0,0,0,0,0,0,0,0,0,0,0,0,0,0,0,0,0,0,0,0,0,0,0,0,0,0,0,0,0,0,0,0,0,0,0,0,0,0,0,0,0,0,0,0,0,0,0,0,0,0,0,0,0,0,0,
24,0,0,0,0,0,0,0,0,0,0,0,0,0,0,0,0,0,0,0,0,0,0,0,0,0,0,0,0,0,0,0,0,0,0,0,0,0,0,0,0,0,0,0,0,0,0,0,0,0,0,0,0,0,0,0,0,0,0,0,0,0,0,0,0,0,0,0,0,0,0,0,0,0,0,0,0,0,0,0,0,0,0,0,0,0,0,0,0,0,0,0,0,0,0,0,0,0,0,0,0,0,0,0,0,0,0,0,0,0,0,0,0,0,0,4,5,6,5,7,9,8,12,17,23,25,23,20,15,7,5,3,3,3,3,3,4,4,5,6,7,7,8,8,9,10,11,13,13,15,16,16,17,17,18,18,18,17,18,18,19,20,21,21,21,21,21,21,23,24,25,25,25,28,27,27,30,30,29,30,33,31,31,31,32,33,33,33,34,35,36,36,36,37,38,38,38,37,38,37,38,39,33,24,26,22,18,19,30,37,40,38,38,37,36,27,16,14,39,39,35,26,31,33,33,35,35,34,34,34,34,33,34,34,34,34,34,33,33,33,33,35,32,26,29,31,31,35,36,35,28,28,32,26,24,29,31,26,29,29,23,25,27,27,25,26,28,27,26,26,26,26,26,26,25,25,27,28,27,25,25,29,27,26,23,26,26,27,29,25,25,28,27,25,23,23,24,25,24,26,26,25,27,24,26,26,25,26,28,27,27,29,30,32,31,29,28,28,25,25,25,23,24,22,23,22,25,24,25,18,17,15,12,10,6,0,0,0,0,0,0,0,0,7,8,9,9,8,8,9,10,10,7,4,2,1,2,2,2,2,4,5,1,0,5,4,2,2,0,0,0,0,0,0,0,0,0,0,0,0,0,0,0,0,0,0,0,0,0,0,0,0,0,0,0,0,0,0,0,0,0,0,0,0,0,0,0,0,0,0,0,0,0,0,0,0,0,0,0,0,0,0,0,0,
25,0,0,0,0,0,0,0,0,0,0,0,0,0,0,0,0,0,0,0,0,0,0,0,0,0,0,0,0,0,0,0,0,0,0,0,0,0,0,0,0,0,0,0,0,0,0,0,0,0,0,0,0,0,0,0,0,0,0,0,0,0,0,0,0,0,0,0,0,0,0,0,0,0,0,0,0,0,0,0,0,0,0,0,0,0,0,0,0,0,0,0,0,0,0,0,0,0,0,0,0,0,0,0,0,0,0,0,0,0,0,0,2,3,4,5,5,5,5,4,6,11,18,28,24,20,13,11,4,4,3,3,3,3,3,4,4,5,5,6,6,6,7,8,9,9,9,11,12,12,12,12,13,14,15,16,16,17,18,18,19,20,20,20,20,20,20,21,22,23,24,25,25,26,28,28,27,27,28,28,28,30,33,32,31,32,32,30,29,27,32,33,33,34,35,37,37,36,36,36,39,40,36,36,33,32,33,23,20,24,35,41,41,40,40,34,24,19,18,37,36,33,31,34,33,34,35,35,35,35,34,34,34,35,34,34,35,34,33,31,35,37,35,26,30,31,32,34,35,37,32,30,35,29,24,35,34,25,24,24,26,29,29,26,26,27,27,29,31,25,24,27,28,26,25,28,27,26,27,24,24,28,25,25,25,24,24,28,27,24,27,30,26,23,22,23,24,23,25,27,24,25,25,26,25,26,24,27,26,27,30,31,30,31,29,29,27,28,26,26,25,22,23,24,23,23,26,26,24,18,16,12,8,6,0,0,0,0,0,0,0,6,18,13,8,4,2,2,1,2,5,5,7,6,7,6,5,4,4,4,0,0,4,4,4,4,3,3,0,0,0,0,0,0,0,0,0,0,0,0,0,0,0,0,0,0,0,0,0,0,0,0,0,0,0,0,0,0,0,0,0,0,0,0,0,0,0,0,0,0,0,0,0,0,0,0,0,0,0,0,0,0,0,0,
26,0,0,0,0,0,0,0,0,0,0,0,0,0,0,0,0,0,0,0,0,0,0,0,0,0,0,0,0,0,0,0,0,0,0,0,0,0,0,0,0,0,0,0,0,0,0,0,0,0,0,0,0,0,0,0,0,0,0,0,0,0,0,0,0,0,0,0,0,0,0,0,0,0,0,0,0,0,0,0,0,0,0,0,0,0,0,0,0,0,0,0,0,0,0,0,0,0,0,0,0,0,0,0,0,0,0,0,0,0,6,5,5,6,6,6,6,7,8,10,18,29,28,21,13,11,7,6,2,2,2,2,3,4,5,5,5,4,4,3,5,5,6,7,8,8,10,10,9,11,13,13,14,14,14,14,14,15,15,16,16,17,18,19,19,20,20,20,21,22,22,23,23,24,23,23,23,25,25,27,27,29,29,30,31,32,32,31,30,28,25,25,26,25,24,25,26,30,32,29,32,33,38,39,38,35,34,35,34,29,36,40,42,43,42,40,35,27,25,29,36,29,33,34,32,32,36,36,36,35,34,35,35,36,35,35,34,35,34,29,37,38,36,33,29,32,32,29,30,38,34,31,35,34,29,30,32,25,25,25,26,29,31,27,25,26,28,30,31,29,25,27,27,24,25,30,28,26,26,23,23,26,26,27,26,25,27,27,26,24,31,29,23,25,23,26,24,23,24,27,26,23,25,24,23,24,23,25,28,26,31,30,30,28,27,27,27,26,27,25,23,22,24,24,24,25,26,26,21,15,13,8,5,4,1,-2,0,0,0,8,17,13,7,5,4,4,2,1,1,0,0,0,1,2,2,3,3,0,-2,0,4,4,4,4,4,4,3,3,0,0,0,0,0,0,0,0,0,0,0,0,0,0,0,0,0,0,0,0,0,0,0,0,0,0,0,0,0,0,0,0,0,0,0,0,0,0,0,0,0,0,0,0,0,0,0,0,0,0,0,0,0,0,0,0,
27,0,0,0,0,0,0,0,0,0,0,0,0,0,0,0,0,0,0,0,0,0,0,0,0,0,0,0,0,0,0,0,0,0,0,0,0,0,0,0,0,0,0,0,0,0,0,0,0,0,0,0,0,0,0,0,0,0,0,0,0,0,0,0,0,0,0,0,0,0,0,0,0,0,0,0,0,0,0,0,0,0,0,0,0,0,0,0,0,0,0,0,0,0,0,0,0,0,0,0,0,0,0,0,0,0,0,0,0,5,6,6,6,6,6,6,8,9,12,20,24,25,21,19,11,6,3,3,2,2,2,2,3,3,4,4,4,3,3,3,3,4,5,4,6,3,7,4,5,9,8,10,11,10,10,12,12,13,14,14,14,15,15,17,17,18,19,19,20,21,21,22,22,22,22,21,21,22,25,24,25,28,28,29,30,31,31,32,32,29,30,31,29,28,25,27,26,26,25,27,24,28,29,29,29,31,37,40,38,34,36,38,40,43,43,40,36,29,26,29,37,32,33,34,34,32,36,36,37,35,34,35,35,36,35,35,34,35,35,31,36,37,36,34,26,31,32,27,32,38,35,33,34,34,32,29,28,25,25,26,26,30,30,27,27,27,28,29,29,27,26,27,26,24,27,30,29,27,27,23,24,26,28,28,26,23,24,26,26,28,30,28,25,24,24,25,25,23,26,27,27,24,24,25,25,23,23,26,27,27,31,30,29,28,27,25,25,25,27,26,23,25,25,23,24,24,25,26,21,13,11,6,3,3,3,0,1,9,20,19,19,9,5,4,6,5,4,2,1,0,0,0,1,2,2,2,0,0,4,4,4,4,4,4,4,4,3,3,1,0,0,0,0,0,0,0,0,0,0,0,0,0,0,0,0,0,0,0,0,0,0,0,0,0,0,0,0,0,0,0,0,0,0,0,0,0,0,0,0,0,0,0,0,0,0,0,0,0,0,0,0,0,0,0,
28,0,0,0,0,0,0,0,0,0,0,0,0,0,0,0,0,0,0,0,0,0,0,0,0,0,0,0,0,0,0,0,0,0,0,0,0,0,0,0,0,0,0,0,0,0,0,0,0,0,0,0,0,0,0,0,0,0,0,0,0,0,0,0,0,0,0,0,0,0,0,0,0,0,0,0,0,0,0,0,0,0,0,0,0,0,0,0,0,0,0,0,0,0,0,0,0,0,0,0,0,0,0,0,0,0,0,-3,4,5,7,6,7,7,7,9,13,16,17,15,18,15,16,11,6,4,2,0,-3,-2,-2,-2,-2,-2,0,0,0,0,0,-2,-4,-19,-6,-9,0,0,-3,0,0,0,0,0,0,-2,-2,7,8,7,10,11,11,12,11,13,12,14,14,15,16,18,18,19,19,20,20,20,21,22,22,23,24,24,21,10,13,20,29,30,30,31,29,29,32,32,31,31,32,33,32,28,26,22,21,25,27,29,31,33,40,41,38,40,41,43,43,42,39,36,30,28,32,32,33,35,34,33,36,36,36,35,35,35,36,37,35,36,35,36,35,33,29,37,36,37,31,31,32,30,30,36,38,33,25,34,35,33,34,28,26,28,26,29,28,27,26,28,30,29,31,29,28,25,25,24,25,28,29,28,27,25,25,25,29,29,26,23,28,24,23,31,32,31,25,25,25,23,23,24,22,27,26,25,24,22,26,24,23,23,27,29,30,30,30,27,24,25,25,25,26,26,23,24,24,24,23,23,25,26,17,10,7,0,0,-3,14,28,34,0,11,8,4,3,1,1,0,1,1,1,1,1,0,0,1,0,0,0,4,4,4,4,4,4,4,4,4,4,3,3,2,0,0,0,0,0,0,0,0,0,0,0,0,0,0,0,0,0,0,0,0,0,0,0,0,0,0,0,0,0,0,0,0,0,0,0,0,0,0,0,0,0,0,0,0,0,0,0,0,0,0,0,0,0,0,0,
29,0,0,0,0,0,0,0,0,0,0,0,0,0,0,0,0,0,0,0,0,0,0,0,0,0,0,0,0,0,0,0,0,0,0,0,0,0,0,0,0,0,0,0,0,0,0,0,0,0,0,0,0,0,0,0,0,0,0,0,0,0,0,0,0,0,0,0,0,0,0,0,0,0,0,0,0,0,0,0,0,0,0,0,0,0,0,0,0,0,0,0,0,0,0,0,0,0,0,0,0,0,0,0,0,-5,-5,4,6,7,7,7,7,8,8,10,15,13,13,15,13,12,11,6,4,3,-19,-32,0,0,0,0,0,0,0,0,0,0,0,0,0,0,0,0,0,0,0,0,0,0,0,0,0,0,0,-38,-27,-15,-8,-25,-26,-30,-17,-7,0,1,9,9,9,12,11,15,15,18,19,19,20,20,21,23,23,25,28,29,19,15,27,28,29,30,28,25,25,27,28,31,30,31,32,34,35,34,32,26,23,24,23,36,31,33,40,40,43,43,43,44,42,40,32,33,33,35,36,36,35,34,37,37,36,37,37,35,37,36,35,36,35,36,36,35,28,35,38,38,33,32,33,29,28,37,39,36,23,36,37,38,38,23,25,25,25,29,29,26,27,27,30,30,32,32,29,24,24,24,30,30,27,26,27,26,27,26,30,29,24,23,30,22,22,30,31,25,24,24,26,24,23,24,24,25,24,24,24,24,25,24,24,24,22,27,30,31,30,24,24,23,26,25,21,21,23,23,22,24,24,24,23,24,16,10,8,5,9,14,21,-4,0,0,0,0,0,0,0,0,0,0,0,0,0,0,0,0,0,0,4,4,4,4,5,5,4,4,4,4,5,4,4,4,1,0,0,0,0,0,0,0,0,0,0,0,0,0,0,0,0,0,0,0,0,0,0,0,0,0,0,0,0,0,0,0,0,0,0,0,0,0,0,0,0,0,0,0,0,0,0,0,0,0,0,0,0,0,0,0,
30,0,0,0,0,0,0,0,0,0,0,0,0,0,0,0,0,0,0,0,0,0,0,0,0,0,0,0,0,0,0,0,0,0,0,0,0,0,0,0,0,0,0,0,0,0,0,0,0,0,0,0,0,0,0,0,0,0,0,0,0,0,0,0,0,0,0,0,0,0,0,0,0,0,0,0,0,0,0,0,0,0,0,0,0,0,0,0,0,0,0,0,0,0,0,0,0,0,0,0,0,0,0,0,0,-4,2,6,7,7,7,7,7,8,8,14,13,12,13,10,11,11,8,5,3,3,-4,0,0,0,0,0,0,0,0,0,0,0,0,0,0,0,0,0,0,0,0,0,0,0,0,0,0,0,0,0,0,0,0,0,0,0,-45,-38,-65,-40,2,3,6,8,8,11,12,14,17,18,19,19,21,21,23,27,26,30,24,19,13,26,28,28,30,24,24,26,29,30,31,31,32,33,34,34,33,32,30,23,23,27,27,27,38,43,43,43,44,44,43,42,35,36,32,34,37,37,36,35,36,37,37,37,37,35,37,37,36,36,35,36,36,37,29,32,38,38,35,32,33,29,24,32,39,33,26,31,35,39,38,24,27,26,27,29,29,27,27,26,29,26,33,32,28,24,25,25,30,30,26,26,27,27,26,27,29,29,24,24,30,23,21,29,30,25,25,26,24,26,25,24,24,25,23,26,25,24,24,26,27,24,22,26,30,31,30,25,25,23,22,25,23,20,23,23,21,24,24,23,22,23,17,11,7,6,13,14,2,0,0,0,0,0,0,0,0,0,0,0,0,0,-3,-2,-2,0,0,0,4,4,3,4,5,5,5,5,4,5,5,4,4,4,2,0,0,0,0,0,0,0,0,0,0,0,0,0,0,0,0,0,0,0,0,0,0,0,0,0,0,0,0,0,0,0,0,0,0,0,0,0,0,0,0,0,0,0,0,0,0,0,0,0,0,0,0,0,0,0,
31,0,0,0,0,0,0,0,0,0,0,0,0,0,0,0,0,0,0,0,0,0,0,0,0,0,0,0,0,0,0,0,0,0,0,0,0,0,0,0,0,0,0,0,0,0,0,0,0,0,0,0,0,0,0,0,0,0,0,0,0,0,0,0,0,0,0,0,0,0,0,0,0,0,0,0,0,0,0,0,0,0,0,0,0,0,0,0,0,0,0,0,0,0,0,0,0,0,0,0,0,0,0,-5,-5,-4,-3,5,7,9,8,7,7,7,8,8,8,9,6,6,7,6,6,4,2,0,0,0,0,0,0,0,0,0,0,0,0,0,0,0,0,0,0,0,0,0,0,0,0,0,0,0,0,0,0,0,0,0,0,0,0,0,0,0,0,0,0,0,0,-52,1,3,7,11,14,15,17,18,19,21,21,23,26,30,29,29,13,12,14,24,28,28,22,21,28,28,27,15,23,35,32,29,27,30,32,33,33,31,28,27,25,42,44,44,44,44,45,44,38,38,36,35,37,38,37,36,35,36,36,37,38,38,36,36,36,37,36,35,36,39,32,32,37,38,33,34,35,32,29,28,38,37,29,29,36,39,39,30,27,26,23,29,28,28,28,30,26,28,33,31,28,26,25,26,29,29,26,25,27,28,27,29,29,28,23,29,31,23,26,30,29,24,24,24,25,25,25,24,24,24,24,25,25,24,23,28,26,24,22,24,27,30,28,24,24,27,22,22,23,21,23,23,22,24,24,23,21,20,18,11,9,9,9,9,2,0,0,0,0,0,0,0,0,0,0,0,0,0,0,0,0,0,0,0,3,3,3,4,5,5,5,5,5,5,5,5,4,3,0,0,0,0,0,0,0,0,0,0,0,0,0,0,0,0,0,0,0,0,0,0,0,0,0,0,0,0,0,0,0,0,0,0,0,0,0,0,0,0,0,0,0,0,0,0,0,0,0,0,0,0,0,0,0,0,
32,0,0,0,0,0,0,0,0,0,0,0,0,0,0,0,0,0,0,0,0,0,0,0,0,0,0,0,0,0,0,0,0,0,0,0,0,0,0,0,0,0,0,0,0,0,0,0,0,0,0,0,0,0,0,0,0,0,0,0,0,0,0,0,0,0,0,0,0,0,0,0,0,0,0,0,0,0,0,0,0,0,0,0,0,0,0,0,0,0,0,0,0,0,0,0,0,0,0,0,0,0,0,-5,-4,-4,-4,-4,-2,1,7,7,6,7,7,10,7,7,4,3,3,5,5,3,0,0,0,0,0,0,0,0,0,0,0,0,0,0,0,0,0,0,0,0,0,0,0,0,0,0,0,0,0,0,0,0,0,0,0,0,0,0,0,0,0,0,0,0,0,0,0,-49,-11,9,12,14,16,17,20,21,22,24,26,29,30,29,31,13,13,15,23,28,20,14,27,26,25,22,23,28,37,34,25,27,26,32,33,36,32,29,26,36,42,44,44,44,45,46,40,40,39,34,35,37,37,36,35,36,36,37,38,38,36,36,36,37,36,34,37,38,33,32,36,36,33,36,35,33,31,28,38,38,26,23,35,39,37,31,29,30,23,29,29,28,28,30,27,28,33,33,30,25,24,28,30,28,26,26,27,25,27,29,29,27,23,33,30,23,28,29,29,24,24,24,24,26,25,24,25,24,24,23,24,25,25,28,27,23,20,24,25,29,27,24,24,25,27,22,22,20,23,23,22,23,22,21,21,20,18,13,10,11,9,8,0,-2,0,0,0,0,0,0,0,0,0,0,0,0,0,0,0,0,0,3,3,3,4,5,5,5,5,5,5,5,5,5,1,0,0,0,0,0,0,0,0,0,0,0,0,0,0,0,0,0,0,0,0,0,0,0,0,0,0,0,0,0,0,0,0,0,0,0,0,0,0,0,0,0,0,0,0,0,0,0,0,0,0,0,0,0,0,0,0,0,
33,0,0,0,0,0,0,0,0,0,0,0,0,0,0,0,0,0,0,0,0,0,0,0,0,0,0,0,0,0,0,0,0,0,0,0,0,0,0,0,0,0,0,0,0,0,0,0,0,0,0,0,0,0,0,0,0,0,0,0,0,0,0,0,0,0,0,0,0,0,0,0,0,0,0,0,0,0,0,0,0,0,0,0,0,0,0,0,0,0,0,0,0,0,0,0,0,0,0,0,0,0,0,0,0,0,0,0,0,-4,-4,4,6,6,5,4,3,5,2,2,3,3,2,1,-2,0,0,0,0,0,0,0,0,0,0,0,0,0,0,0,0,0,0,0,0,0,0,0,0,0,0,0,0,0,0,0,0,0,0,0,0,0,0,0,0,0,0,0,0,0,0,0,0,-23,1,10,13,15,17,20,21,23,27,28,35,36,32,32,32,25,22,21,22,19,30,28,24,19,19,25,34,34,30,30,25,25,27,37,39,37,33,27,36,45,45,44,44,44,44,42,42,39,38,37,37,38,37,37,37,37,38,40,37,37,38,38,34,36,38,36,36,34,34,35,36,37,37,34,33,29,36,39,30,31,35,39,39,29,30,27,27,27,27,27,29,31,24,26,35,34,30,25,25,31,30,30,25,25,27,27,29,29,28,26,28,31,28,23,27,29,29,24,25,23,24,26,26,26,27,26,22,22,25,26,26,25,24,20,23,24,24,26,28,23,21,23,24,23,22,19,22,24,24,22,23,22,21,20,13,12,11,10,8,8,0,0,0,0,0,0,0,0,0,0,0,0,0,0,0,0,0,0,0,0,1,3,4,5,5,5,5,5,4,4,5,5,4,1,0,0,0,0,0,0,0,0,0,0,0,0,0,0,0,0,0,0,0,0,0,0,0,0,0,0,0,0,0,0,0,0,0,0,0,0,0,0,0,0,0,0,0,0,0,0,0,0,0,0,0,0,0,0,0,0,
34,0,0,0,0,0,0,0,0,0,0,0,0,0,0,0,0,0,0,0,0,0,0,0,0,0,0,0,0,0,0,0,0,0,0,0,0,0,0,0,0,0,0,0,0,0,0,0,0,0,0,0,0,0,0,0,0,0,0,0,0,0,0,0,0,0,0,0,0,0,0,0,0,0,0,0,0,0,0,0,0,0,0,0,0,0,0,0,0,0,0,0,0,0,0,0,0,0,0,0,0,0,0,0,0,0,0,0,0,0,0,-4,-2,3,3,4,2,3,2,2,2,1,1,0,0,0,0,0,0,0,0,0,0,0,0,0,0,0,0,0,0,0,0,0,0,0,0,0,0,0,0,0,0,0,0,0,0,0,0,0,0,0,0,0,0,0,0,0,0,0,0,0,0,0,0,0,-4,0,11,14,17,20,22,24,31,36,42,37,37,38,33,32,30,29,27,28,29,29,27,28,24,25,30,29,28,33,33,32,38,38,39,28,35,47,47,45,44,44,44,44,44,42,40,38,38,38,38,38,38,37,38,39,38,38,38,39,35,35,36,37,37,36,34,34,35,37,37,36,35,32,36,37,32,23,27,38,37,32,33,30,25,29,29,27,31,27,25,28,38,35,29,26,26,29,30,29,24,26,27,29,30,29,25,23,29,29,24,25,26,28,27,26,24,26,25,25,26,26,27,25,24,22,23,26,27,25,24,22,23,24,23,25,25,25,23,21,22,23,22,20,20,24,24,21,22,20,21,20,16,13,12,11,9,7,0,0,0,0,0,0,0,0,0,0,0,0,0,0,0,0,0,0,0,0,0,4,4,4,5,5,6,5,5,5,5,4,3,3,2,2,0,2,1,2,0,-3,0,0,0,2,2,0,0,0,-4,0,0,0,0,0,0,0,0,0,0,0,0,0,0,0,0,0,0,0,0,0,0,0,0,0,0,0,0,0,0,0,0,0,0,0,0,0,0,0,
35,0,0,0,0,0,0,0,0,0,0,0,0,0,0,0,0,0,0,0,0,0,0,0,0,0,0,0,0,0,0,0,0,0,0,0,0,0,0,0,0,0,0,0,0,0,0,0,0,0,0,0,0,0,0,0,0,0,0,0,0,0,0,0,0,0,0,0,0,0,0,0,0,0,0,0,0,0,0,0,0,0,0,0,0,0,0,0,0,0,0,0,0,0,0,0,0,0,0,0,0,0,0,0,0,0,0,0,0,0,0,-4,-4,2,3,3,3,3,1,1,1,1,-4,-4,0,0,0,0,0,0,0,0,0,0,0,0,0,0,0,0,0,0,0,0,0,0,0,0,0,0,0,0,0,0,0,0,0,0,0,0,0,0,0,0,0,0,0,0,0,0,0,0,0,0,0,0,0,-3,1,11,13,16,20,20,31,28,40,34,37,37,35,32,32,32,31,30,29,29,28,29,26,25,25,29,28,33,35,33,35,36,41,37,37,46,47,46,44,44,45,45,45,45,43,39,40,40,40,38,38,37,37,37,38,39,39,40,36,35,34,38,38,36,34,34,34,38,38,36,36,32,35,36,35,23,28,39,38,30,34,31,27,29,28,28,30,29,26,33,37,36,32,27,28,29,30,28,25,28,26,28,30,28,24,26,29,29,27,24,25,28,29,26,24,25,25,26,27,26,26,25,24,23,20,26,26,26,24,22,24,23,23,24,24,23,21,22,22,24,22,22,21,24,24,21,20,20,20,19,17,13,12,11,8,0,0,0,0,0,0,0,0,0,0,0,0,0,0,0,0,0,0,0,0,0,0,4,4,4,5,5,6,6,5,5,5,4,4,3,3,3,3,3,3,3,3,0,0,1,1,2,3,0,0,0,0,0,0,0,0,0,0,0,0,0,0,0,0,0,0,0,0,0,0,0,0,0,0,0,0,0,0,0,0,0,0,0,0,0,0,0,0,0,0,0,
36,0,0,0,0,0,0,0,0,0,0,0,0,0,0,0,0,0,0,0,0,0,0,0,0,0,0,0,0,0,0,0,0,0,0,0,0,0,0,0,0,0,0,0,0,0,0,0,0,0,0,0,0,0,0,0,0,0,0,0,0,0,0,0,0,0,0,0,0,0,0,0,0,0,0,0,0,0,0,0,0,0,0,0,0,0,0,0,0,0,0,0,0,0,0,0,0,0,0,0,0,0,0,0,0,0,0,0,0,0,0,0,0,-4,-4,-4,-4,-5,-5,0,-4,-4,-4,0,0,0,0,0,0,0,0,0,0,0,0,0,0,0,0,0,0,0,0,0,0,0,0,0,0,0,0,0,0,0,0,0,0,0,0,0,0,0,0,0,0,0,0,0,0,0,0,0,0,0,0,0,0,0,0,0,0,11,15,17,20,23,26,32,29,35,34,34,31,31,34,37,34,32,31,31,30,30,25,23,22,24,27,36,33,33,41,40,35,42,44,48,45,45,44,43,44,47,46,41,40,41,44,40,39,39,38,37,38,39,39,40,38,36,37,38,37,34,34,35,36,38,38,36,36,35,34,35,34,25,23,36,35,29,32,33,32,25,24,28,32,29,32,34,42,38,33,27,27,29,30,28,25,27,26,27,28,27,24,29,29,28,25,24,23,28,29,25,27,27,24,26,27,26,26,27,26,23,21,26,27,25,26,21,24,23,23,22,24,21,21,23,22,23,22,22,21,19,21,20,22,21,19,19,17,13,11,9,2,0,0,0,0,0,0,0,0,0,0,0,0,0,0,0,0,0,0,0,0,0,0,0,5,5,4,4,5,5,5,6,6,5,5,5,4,4,4,4,4,4,4,4,4,4,4,3,0,2,0,0,0,0,0,0,0,0,0,0,0,0,0,0,0,0,0,0,0,0,0,0,0,0,0,0,0,0,0,0,0,0,0,0,0,0,0,0,0,0,0,0,
37,0,0,0,0,0,0,0,0,0,0,0,0,0,0,0,0,0,0,0,0,0,0,0,0,0,0,0,0,0,0,0,0,0,0,0,0,0,0,0,0,0,0,0,0,0,0,0,0,0,0,0,0,0,0,0,0,0,0,0,0,0,0,0,0,0,0,0,0,0,0,0,0,0,0,0,0,0,0,0,0,0,0,0,0,0,0,0,0,0,0,0,0,0,0,0,0,0,0,0,0,0,0,0,0,0,0,0,0,0,0,0,0,0,0,0,0,0,-4,-4,-4,0,0,0,0,0,0,0,0,0,0,0,0,0,0,0,0,0,0,0,0,0,0,0,0,0,0,0,0,0,0,0,0,0,0,0,0,0,0,0,0,0,0,0,0,0,0,0,0,0,0,0,0,0,0,0,0,0,0,0,0,0,1,8,14,19,25,30,31,26,26,33,33,32,18,29,19,32,33,32,33,33,33,27,24,24,25,30,36,38,41,42,40,39,41,48,47,46,44,43,44,47,47,45,40,39,44,44,40,41,38,37,38,38,41,41,39,40,39,38,38,37,34,34,35,38,38,36,36,36,36,37,35,29,26,36,35,28,33,32,30,25,25,28,28,24,30,39,39,37,34,28,26,26,28,25,27,28,26,29,30,27,27,28,28,28,26,25,25,27,27,26,25,26,24,26,27,26,27,26,25,24,22,21,24,25,24,24,23,23,21,23,22,23,23,21,23,21,20,21,21,19,21,19,22,21,19,19,18,13,11,8,0,0,0,0,0,0,0,0,0,0,0,0,0,0,0,0,0,0,0,0,0,0,0,0,0,5,5,5,5,5,5,6,6,6,5,5,4,4,4,4,4,4,4,4,4,4,4,0,2,0,0,0,0,0,0,0,0,0,0,0,0,0,0,0,0,0,0,0,0,0,0,0,0,0,0,0,0,0,0,0,0,0,0,0,0,0,0,0,0,0,0,0,
38,0,0,0,0,0,0,0,0,0,0,0,0,0,0,0,0,0,0,0,0,0,0,0,0,0,0,0,0,0,0,0,0,0,0,0,0,0,0,0,0,0,0,0,0,0,0,0,0,0,0,0,0,0,0,0,0,0,0,0,0,0,0,0,0,0,0,0,0,0,0,0,0,0,0,0,0,0,0,0,0,0,0,0,0,0,0,0,0,0,0,0,0,0,0,0,0,0,0,0,0,0,0,0,0,0,0,0,0,0,0,0,0,0,0,0,0,0,0,0,0,0,0,0,0,0,0,0,0,0,0,0,0,0,0,0,0,0,0,0,0,0,0,0,0,0,0,0,0,0,0,0,0,0,0,0,0,0,0,0,0,0,0,0,0,0,0,0,0,0,0,0,0,0,0,0,0,0,0,0,0,0,0,1,11,14,23,30,31,26,24,27,35,35,25,29,28,27,28,31,32,32,32,29,29,24,24,27,27,35,41,42,41,38,38,47,47,46,44,44,47,47,47,46,39,39,45,43,42,40,39,37,37,38,41,41,40,42,41,38,38,37,34,34,35,38,38,36,36,36,37,37,35,26,25,30,30,28,32,32,30,26,25,28,28,23,36,40,39,37,31,28,27,26,28,26,27,29,27,27,29,26,26,26,28,26,27,25,25,27,26,26,27,25,24,24,27,27,27,26,25,24,22,21,23,25,24,23,22,23,21,22,21,23,23,21,20,21,20,20,20,20,20,19,21,20,19,19,17,13,11,7,-5,0,0,0,0,0,0,0,0,0,0,0,0,0,0,0,0,0,0,0,0,0,0,0,0,0,5,5,5,5,5,5,6,6,5,5,5,4,5,5,5,4,4,4,4,4,2,3,0,0,0,0,0,0,0,0,0,0,0,0,0,0,0,0,0,0,0,0,0,0,0,0,0,0,0,0,0,0,0,0,0,0,0,0,0,0,0,0,0,0,0,0,
39,0,0,0,0,0,0,0,0,0,0,0,0,0,0,0,0,0,0,0,0,0,0,0,0,0,0,0,0,0,0,0,0,0,0,0,0,0,0,0,0,0,0,0,0,0,0,0,0,0,0,0,0,0,0,0,0,0,0,0,0,0,0,0,0,0,0,0,0,0,0,0,0,0,0,0,0,0,0,0,0,0,0,0,0,0,0,0,0,0,0,0,0,0,0,0,0,0,0,0,0,0,0,0,0,0,0,0,0,0,0,0,0,0,0,0,0,0,0,0,0,0,0,0,0,0,0,0,0,0,0,0,0,0,0,0,0,0,0,0,0,0,0,0,0,0,0,0,0,0,0,0,0,0,0,0,0,0,0,0,0,0,0,0,0,0,0,0,0,0,0,0,0,0,0,0,0,0,0,0,0,0,0,0,0,1,13,24,26,22,18,24,30,28,20,18,32,25,24,26,26,27,31,32,30,28,24,31,16,17,41,43,41,39,39,44,49,49,44,44,46,48,48,47,45,41,41,43,42,42,41,38,38,41,41,41,40,43,42,38,39,38,37,31,33,38,37,33,34,36,37,37,34,29,29,27,31,29,29,32,30,27,27,28,28,20,36,40,39,39,32,27,27,28,25,24,28,27,28,30,30,28,26,26,28,27,28,27,25,27,28,26,28,26,24,24,26,25,25,27,24,24,23,21,22,23,24,24,23,23,21,22,22,23,26,21,18,18,18,16,18,21,19,18,19,19,19,19,17,14,13,1,0,0,0,0,0,0,0,0,0,0,0,0,0,0,0,0,0,0,0,0,0,0,0,0,0,0,0,0,0,0,0,0,5,5,6,6,5,5,5,4,5,4,4,4,4,4,0,0,0,0,0,0,0,0,0,0,0,0,0,0,0,0,0,0,0,0,0,0,0,0,0,0,0,0,0,0,0,0,0,0,0,0,0,0,0,0,0,0,0,0,0,0,
40,0,0,0,0,0,0,0,0,0,0,0,0,0,0,0,0,0,0,0,0,0,0,0,0,0,0,0,0,0,0,0,0,0,0,0,0,0,0,0,0,0,0,0,0,0,0,0,0,0,0,0,0,0,0,0,0,0,0,0,0,0,0,0,0,0,0,0,0,0,0,0,0,0,0,0,0,0,0,0,0,0,0,0,0,0,0,0,0,0,0,0,0,0,0,0,0,0,0,0,0,0,0,0,0,0,0,0,0,0,0,0,0,0,0,0,0,0,0,0,0,0,0,0,0,0,0,0,0,0,0,0,0,0,0,0,0,0,0,0,0,0,0,0,0,0,0,0,0,0,0,0,0,0,0,0,0,0,0,0,0,0,0,0,0,0,0,0,0,0,0,0,0,0,0,0,0,0,0,0,0,0,0,0,0,0,9,19,26,22,21,27,31,28,19,28,30,29,26,25,25,26,29,31,30,29,28,32,26,17,33,42,41,40,40,43,50,47,44,44,47,48,48,47,45,44,44,43,42,43,42,38,38,40,41,41,41,43,42,38,40,39,35,34,31,38,38,35,36,36,38,38,34,29,28,25,31,28,34,32,31,27,27,30,30,26,36,38,42,40,29,27,27,28,25,24,28,28,24,30,31,29,26,26,26,27,27,26,26,26,28,26,28,26,24,24,25,25,25,26,25,23,23,21,21,22,22,24,23,23,23,22,22,24,24,21,19,18,18,16,18,21,19,17,18,18,19,19,17,14,12,0,0,0,0,0,0,0,0,0,0,0,0,0,0,0,0,0,0,0,0,0,0,0,0,0,0,0,0,0,0,0,0,1,3,5,5,5,5,5,5,4,4,5,4,4,4,4,0,0,0,0,0,0,0,0,0,0,0,0,0,0,0,0,0,0,0,0,0,0,0,0,0,0,0,0,0,0,0,0,0,0,0,0,0,0,0,0,0,0,0,0,0,0,
41,0,0,0,0,0,0,0,0,0,0,0,0,0,0,0,0,0,0,0,0,0,0,0,0,0,0,0,0,0,0,0,0,0,0,0,0,0,0,0,0,0,0,0,0,0,0,0,0,0,0,0,0,0,0,0,0,0,0,0,0,0,0,0,0,0,0,0,0,0,0,0,0,0,0,0,0,0,0,0,0,0,0,0,0,0,0,0,0,0,0,0,0,0,0,0,0,0,0,0,0,0,0,0,0,0,0,0,0,0,0,0,0,0,0,0,0,0,0,0,0,0,0,0,0,0,0,0,0,0,0,0,0,0,0,0,0,0,0,0,0,0,0,0,0,0,0,0,0,0,0,0,0,0,0,0,0,0,0,0,0,0,0,0,0,0,0,0,0,0,0,0,0,0,0,0,0,0,0,0,0,0,0,0,0,0,1,11,17,25,30,38,30,25,20,28,32,30,28,24,24,26,27,26,27,28,29,33,31,30,35,37,38,41,40,43,48,48,47,44,47,47,48,47,44,44,44,41,42,43,42,41,38,41,38,38,42,43,43,38,42,42,40,37,32,38,38,33,33,37,39,38,34,26,24,31,29,24,30,32,31,30,29,30,29,26,23,40,38,33,27,27,28,28,26,28,27,26,24,30,31,28,27,27,26,28,26,25,25,27,28,27,26,27,23,25,24,25,25,25,24,24,22,21,22,21,23,24,23,23,23,23,21,21,21,22,20,16,19,20,18,19,18,15,15,16,20,19,17,14,12,-10,0,0,0,0,0,0,0,0,0,0,0,0,0,0,0,0,0,0,0,0,0,0,0,0,0,0,0,0,0,0,0,-3,-2,3,4,4,5,5,5,5,5,5,5,5,4,4,3,0,0,0,0,0,0,0,0,0,0,0,0,0,0,0,0,0,0,0,0,0,0,0,0,0,0,0,0,0,0,0,0,0,0,0,0,0,0,0,0,0,0,0,0,0,
42,0,0,0,0,0,0,0,0,0,0,0,0,0,0,0,0,0,0,0,0,0,0,0,0,0,0,0,0,0,0,0,0,0,0,0,0,0,0,0,0,0,0,0,0,0,0,0,0,0,0,0,0,0,0,0,0,0,0,0,0,0,0,0,0,0,0,0,0,0,0,0,0,0,0,0,0,0,0,0,0,0,0,0,0,0,0,0,0,0,0,0,0,0,0,0,0,0,0,0,0,0,0,0,0,0,0,0,0,0,0,0,0,0,0,0,0,0,0,0,0,0,0,0,0,0,0,0,0,0,0,0,0,0,0,0,0,0,0,0,0,0,0,0,0,0,0,0,0,0,0,0,0,0,0,0,0,0,0,0,0,0,0,0,0,0,0,0,0,0,0,0,0,0,0,0,0,0,0,0,0,0,0,0,0,0,0,0,8,15,15,20,37,33,19,27,35,29,29,24,22,24,27,27,27,26,28,33,34,34,34,34,34,39,39,36,47,48,47,46,47,49,49,49,45,43,44,39,42,44,43,42,43,41,39,38,42,41,42,41,42,43,43,39,34,38,38,33,33,36,37,36,32,28,28,30,28,26,33,34,30,30,30,32,30,26,30,41,37,34,28,27,29,29,29,30,28,27,23,31,30,28,26,26,26,26,28,21,21,27,27,26,26,25,22,23,25,25,25,25,25,24,21,20,22,20,23,22,23,23,21,20,22,22,22,20,18,18,18,20,17,14,16,15,18,20,17,18,16,13,11,-6,0,0,0,0,0,0,0,0,0,0,0,0,0,0,0,0,0,0,0,0,0,0,0,0,0,0,0,0,0,0,0,0,0,0,0,1,3,3,3,4,4,4,5,5,5,4,1,0,0,0,0,0,0,0,0,0,0,0,0,0,0,0,0,0,0,0,0,0,0,0,0,0,0,0,0,0,0,0,0,0,0,0,0,0,0,0,0,0,0,0,0,0,
43,0,0,0,0,0,0,0,0,0,0,0,0,0,0,0,0,0,0,0,0,0,0,0,0,0,0,0,0,0,0,0,0,0,0,0,0,0,0,0,0,0,0,0,0,0,0,0,0,0,0,0,0,0,0,0,0,0,0,0,0,0,0,0,0,0,0,0,0,0,0,0,0,0,0,0,0,0,0,0,0,0,0,0,0,0,0,0,0,0,0,0,0,0,0,0,0,0,0,0,0,0,0,0,0,0,0,0,0,0,0,0,0,0,0,0,0,0,0,0,0,0,0,0,0,0,0,0,0,0,0,0,0,0,0,0,0,0,0,0,0,0,0,0,0,0,0,0,0,0,0,0,0,0,0,0,0,0,0,0,0,0,0,0,0,0,0,0,0,0,0,0,0,0,0,0,0,0,0,0,0,0,0,0,0,0,0,0,5,18,14,16,38,32,20,24,31,32,31,25,23,24,26,27,27,27,28,33,35,35,34,33,32,39,40,38,46,46,45,47,48,47,47,49,45,44,45,41,41,44,44,41,44,43,38,37,41,41,42,41,42,43,43,42,35,37,37,33,29,37,36,36,27,30,30,30,30,28,34,33,31,30,31,32,31,27,37,40,36,30,27,29,30,28,31,30,28,26,23,31,29,27,26,27,28,26,27,24,27,28,29,26,26,25,22,25,25,23,25,25,25,25,20,21,22,21,24,24,23,23,21,20,21,23,22,18,19,18,19,19,16,13,15,16,19,19,18,17,15,11,10,-7,0,0,0,0,0,0,0,0,0,0,0,0,0,0,0,0,0,0,0,0,0,0,0,0,0,0,0,0,0,0,0,0,0,0,0,0,2,3,3,3,3,4,4,5,5,5,0,0,0,0,0,0,0,0,0,0,0,0,0,0,0,0,0,0,0,0,0,0,0,0,0,0,0,0,0,0,0,0,0,0,0,0,0,0,0,0,0,0,0,0,0,0,
44,0,0,0,0,0,0,0,0,0,0,0,0,0,0,0,0,0,0,0,0,0,0,0,0,0,0,0,0,0,0,0,0,0,0,0,0,0,0,0,0,0,0,0,0,0,0,0,0,0,0,0,0,0,0,0,0,0,0,0,0,0,0,0,0,0,0,0,0,0,0,0,0,0,0,0,0,0,0,0,0,0,0,0,0,0,0,0,0,0,0,0,0,0,0,0,0,0,0,0,0,0,0,0,0,0,0,0,0,0,0,0,0,0,0,0,0,0,0,0,0,0,0,0,0,0,0,0,0,0,0,0,0,0,0,0,0,0,0,0,0,0,0,0,0,0,0,0,0,0,0,0,0,0,0,0,0,0,0,0,0,0,0,0,0,0,0,0,0,0,0,0,0,0,0,0,0,0,0,0,0,0,0,0,0,0,0,0,1,10,8,12,26,26,19,27,34,34,33,24,22,22,23,25,26,29,31,33,34,35,35,33,29,42,41,43,45,45,43,50,50,50,50,49,45,45,47,45,41,43,42,39,44,43,39,39,40,41,40,38,42,43,44,43,36,36,36,29,28,36,36,28,32,31,33,28,28,33,33,31,31,31,31,32,38,27,33,40,31,31,29,29,27,28,30,29,28,27,24,32,31,29,27,29,27,27,26,27,28,26,28,27,25,24,23,26,25,24,25,26,23,23,22,23,21,21,23,24,22,23,20,20,23,21,21,19,19,20,18,15,14,17,14,17,19,20,16,16,15,10,8,0,0,0,0,0,0,0,0,0,0,0,0,0,0,0,0,0,0,0,0,0,-6,0,0,0,0,0,0,0,0,0,0,0,0,0,0,0,0,0,2,3,3,4,4,4,5,5,4,0,0,0,0,0,0,0,0,0,0,0,0,0,0,0,0,0,0,0,0,0,0,0,0,0,0,0,0,0,0,0,0,0,0,0,0,0,0,0,0,0,0,0,0,0,
45,0,0,0,0,0,0,0,0,0,0,0,0,0,0,0,0,0,0,0,0,0,0,0,0,0,0,0,0,0,0,0,0,0,0,0,0,0,0,0,0,0,0,0,0,0,0,0,0,0,0,0,0,0,0,0,0,0,0,0,0,0,0,0,0,0,0,0,0,0,0,0,0,0,0,0,0,0,0,0,0,0,0,0,0,0,0,0,0,0,0,0,0,0,0,0,0,0,0,0,0,0,0,0,0,0,0,0,0,0,0,0,0,0,0,0,0,0,0,0,0,0,0,0,0,0,0,0,0,0,0,0,0,0,0,0,0,0,0,0,0,0,0,0,0,0,0,0,0,0,0,0,0,0,0,0,0,0,0,0,0,0,0,0,0,0,0,0,0,0,0,0,0,0,0,0,0,0,0,0,0,0,0,0,0,0,0,0,-3,12,7,13,21,20,20,30,33,34,29,23,21,21,22,24,25,29,31,33,35,36,36,34,32,41,42,43,44,45,43,49,50,50,49,50,45,45,48,46,44,45,45,42,42,44,41,36,41,40,39,38,41,43,45,42,36,35,36,29,29,36,36,33,33,35,34,31,31,33,32,32,32,31,31,30,39,23,25,41,32,30,29,28,27,28,30,28,29,28,23,30,29,29,30,31,26,28,27,27,27,27,26,26,23,25,24,25,26,21,25,26,25,23,22,24,22,22,23,23,24,25,21,20,21,21,21,20,19,19,16,14,15,16,15,19,18,19,16,15,14,11,0,0,0,0,0,0,0,0,0,0,0,0,0,0,0,0,0,0,0,0,0,0,0,0,0,0,0,0,1,0,0,0,0,0,0,0,0,0,0,0,2,4,4,4,4,4,5,5,4,4,0,0,0,0,0,0,0,0,0,0,0,0,0,0,0,0,0,0,0,0,0,0,0,0,0,0,0,0,0,0,0,0,0,0,0,0,0,0,0,0,0,0,0,0,
46,0,0,0,0,0,0,0,0,0,0,0,0,0,0,0,0,0,0,0,0,0,0,0,0,0,0,0,0,0,0,0,0,0,0,0,0,0,0,0,0,0,0,0,0,0,0,0,0,0,0,0,0,0,0,0,0,0,0,0,0,0,0,0,0,0,0,0,0,0,0,0,0,0,0,0,0,0,0,0,0,0,0,0,0,0,0,0,0,0,0,0,0,0,0,0,0,0,0,0,0,0,0,0,0,0,0,0,0,0,0,0,0,0,0,0,0,0,0,0,0,0,0,0,0,0,0,0,0,0,0,0,0,0,0,0,0,0,0,0,0,0,0,0,0,0,0,0,0,0,0,0,0,0,0,0,0,0,0,0,0,0,0,0,0,0,0,0,0,0,0,0,0,0,0,0,0,0,0,0,0,0,0,0,0,0,0,0,0,18,7,7,16,17,23,28,30,29,29,22,21,22,23,24,25,29,31,34,36,36,36,37,40,40,43,44,44,44,46,47,50,50,50,50,48,47,48,47,44,46,45,42,43,43,43,42,40,41,37,38,38,38,43,41,33,38,38,32,30,34,36,35,34,32,33,30,30,36,31,30,30,31,31,33,40,21,35,41,31,31,29,29,23,28,29,29,30,30,23,29,30,28,27,27,30,32,22,30,27,25,25,24,25,24,26,26,26,22,23,24,25,25,23,21,22,22,21,21,24,23,19,20,21,22,20,19,15,16,15,17,13,15,15,15,17,17,15,15,13,9,0,0,0,0,0,0,0,0,0,0,0,0,0,0,0,0,0,0,0,0,0,2,0,0,0,0,0,0,0,0,0,0,0,0,0,0,0,0,0,0,0,3,4,4,4,4,4,4,0,1,0,1,1,1,1,1,1,1,1,1,1,0,0,0,0,0,0,0,0,0,0,0,0,0,0,0,0,0,0,0,0,0,0,0,0,0,0,0,0,0,0,0,0,0,
47,0,0,0,0,0,0,0,0,0,0,0,0,0,0,0,0,0,0,0,0,0,0,0,0,0,0,0,0,0,0,0,0,0,0,0,0,0,0,0,0,0,0,0,0,0,0,0,0,0,0,0,0,0,0,0,0,0,0,0,0,0,0,0,0,0,0,0,0,0,0,0,0,0,0,0,0,0,0,0,0,0,0,0,0,0,0,0,0,0,0,0,0,0,0,0,0,0,0,0,0,0,0,0,0,0,0,0,0,0,0,0,0,0,0,0,0,0,0,0,0,0,0,0,0,0,0,0,0,0,0,0,0,0,0,0,0,0,0,0,0,0,0,0,0,0,0,0,0,0,0,0,0,0,0,0,0,0,0,0,0,0,0,0,0,0,0,0,0,0,0,0,0,0,0,0,0,0,0,0,0,0,0,0,0,0,0,0,0,11,7,8,12,13,25,26,26,21,22,23,24,24,25,27,28,30,30,32,35,36,37,39,42,43,44,44,45,47,47,47,49,50,49,50,48,48,47,47,46,45,45,42,41,44,43,41,43,42,40,39,40,41,44,40,35,36,36,30,28,34,35,33,34,34,34,31,32,35,33,31,30,33,31,36,36,26,22,37,32,32,29,27,23,30,31,31,31,27,23,28,29,30,28,27,26,25,26,23,25,25,24,25,26,26,25,25,23,22,25,24,23,24,23,22,23,23,21,23,22,19,22,19,20,21,20,15,18,17,17,15,15,16,15,15,14,15,15,15,13,0,-3,0,0,0,0,0,0,0,0,0,0,0,0,0,0,0,0,0,0,0,0,2,0,0,0,0,0,0,0,0,0,0,0,0,0,0,0,0,0,0,0,0,0,5,4,0,3,3,0,0,0,0,0,0,0,2,1,1,1,0,0,0,0,0,0,0,0,0,0,0,0,0,0,0,0,0,0,0,0,0,0,0,0,0,0,0,0,0,0,0,0,0,0,0,
48,0,0,0,0,0,0,0,0,0,0,0,0,0,0,0,0,0,0,0,0,0,0,0,0,0,0,0,0,0,0,0,0,0,0,0,0,0,0,0,0,0,0,0,0,0,0,0,0,0,0,0,0,0,0,0,0,0,0,0,0,0,0,0,0,0,0,0,0,0,0,0,0,0,0,0,0,0,0,0,0,0,0,0,0,0,0,0,0,0,0,0,0,0,0,0,0,0,0,0,0,0,0,0,0,0,0,0,0,0,0,0,0,0,0,0,0,0,0,0,0,0,0,0,0,0,0,0,0,0,0,0,0,0,0,0,0,0,0,0,0,0,0,0,0,0,0,0,0,0,0,0,0,0,0,0,0,0,0,0,0,0,0,0,0,0,0,0,0,0,0,0,0,0,0,0,0,0,0,0,0,0,0,0,0,0,0,0,0,13,9,9,12,14,26,27,26,23,23,24,25,25,26,28,29,30,30,31,34,36,39,42,42,43,45,42,45,46,46,46,49,48,49,49,48,48,47,47,45,44,43,41,43,44,44,41,42,41,40,38,42,42,43,40,37,37,37,29,27,36,35,38,34,34,33,30,33,37,33,33,33,32,31,35,34,26,29,36,32,33,30,27,23,30,32,31,30,29,23,26,29,29,29,29,27,24,24,28,21,22,22,26,25,27,27,25,23,24,26,23,22,23,23,24,23,23,22,23,22,21,21,19,20,20,16,14,18,17,16,16,17,16,15,14,13,12,15,15,12,0,-4,0,0,0,0,0,0,0,0,0,0,0,0,0,0,0,0,0,0,0,0,0,0,0,0,0,0,0,0,0,0,0,0,0,0,0,0,0,0,0,0,0,0,5,0,0,0,0,0,0,0,0,0,0,0,0,0,0,0,-8,1,0,0,0,0,0,0,0,0,0,0,0,0,0,0,0,0,0,0,0,0,0,0,0,0,0,0,0,0,0,0,0,0,0,
49,0,0,0,0,0,0,0,0,0,0,0,0,0,0,0,0,0,0,0,0,0,0,0,0,0,0,0,0,0,0,0,0,0,0,0,0,0,0,0,0,0,0,0,0,0,0,0,0,0,0,0,0,0,0,0,0,0,0,0,0,0,0,0,0,0,0,0,0,0,0,0,0,0,0,0,0,0,0,0,0,0,0,0,0,0,0,0,0,0,0,0,0,0,0,0,0,0,0,0,0,0,0,0,0,0,0,0,0,0,0,0,0,0,0,0,0,0,0,0,0,0,0,0,0,0,0,0,0,0,0,0,0,0,0,0,0,0,0,0,0,0,0,0,0,0,0,0,0,0,0,0,0,0,0,0,0,0,0,0,0,0,0,0,0,0,0,0,0,0,0,0,0,0,0,0,0,0,0,0,0,0,0,0,0,0,0,0,0,11,10,11,18,21,30,28,24,27,27,24,25,26,28,29,29,30,30,29,34,36,39,43,41,43,43,40,45,41,47,47,47,49,49,49,49,48,49,48,45,47,46,42,42,43,42,42,40,41,41,42,41,41,42,41,36,37,36,32,32,35,37,36,37,36,35,33,36,35,34,34,32,29,30,32,31,28,26,34,32,33,30,27,26,27,33,31,30,29,26,25,29,29,28,28,23,23,29,28,25,26,25,26,25,23,26,26,24,24,26,25,22,21,22,25,25,23,21,21,22,19,19,20,21,16,17,18,15,15,17,18,17,15,15,13,12,14,15,14,9,-9,0,0,0,0,0,0,0,0,0,0,0,0,0,0,0,0,0,0,0,0,0,0,2,0,0,0,0,0,0,0,0,0,0,0,0,0,0,0,0,0,0,0,-3,0,0,0,0,0,0,0,0,0,0,0,0,0,0,0,0,0,0,0,0,0,0,0,0,0,0,0,0,0,0,0,0,0,0,0,0,0,0,0,0,0,0,0,0,0,0,0,0,0,0,0,
50,0,0,0,0,0,0,0,0,0,0,0,0,0,0,0,0,0,0,0,0,0,0,0,0,0,0,0,0,0,0,0,0,0,0,0,0,0,0,0,0,0,0,0,0,0,0,0,0,0,0,0,0,0,0,0,0,0,0,0,0,0,0,0,0,0,0,0,0,0,0,0,0,0,0,0,0,0,0,0,0,0,0,0,0,0,0,0,0,0,0,0,0,0,0,0,0,0,0,0,0,0,0,0,0,0,0,0,0,0,0,0,0,0,0,0,0,0,0,0,0,0,0,0,0,0,0,0,0,0,0,0,0,0,0,0,0,0,0,0,0,0,0,0,0,0,0,0,0,0,0,0,0,0,0,0,0,0,0,0,0,0,0,0,0,0,0,0,0,0,0,0,0,0,0,0,0,0,0,0,0,0,0,0,0,0,0,0,0,8,8,8,17,24,28,25,24,27,26,26,27,28,29,30,31,32,32,31,36,38,40,40,40,38,40,41,44,45,46,47,47,48,47,50,48,47,48,48,47,47,47,44,42,42,41,42,42,48,47,43,39,41,42,41,40,31,35,35,33,30,34,37,38,37,36,28,40,38,36,35,33,33,32,33,32,29,32,34,32,29,30,30,25,30,31,31,30,30,28,28,28,29,28,27,23,26,25,27,28,26,26,26,26,26,25,25,23,23,22,24,22,22,22,24,24,22,22,22,19,17,19,20,17,19,19,17,16,16,17,17,16,14,15,15,13,13,13,12,7,-5,0,0,0,0,0,0,0,0,0,0,0,0,0,0,0,0,0,0,0,0,0,0,0,1,0,0,0,0,0,0,0,0,0,0,0,0,0,0,0,0,0,2,0,0,0,0,0,0,0,0,0,0,0,0,0,0,0,0,0,0,0,0,0,0,0,0,0,0,0,0,0,0,0,0,0,0,0,0,0,0,0,0,0,0,0,0,0,0,0,0,0,0,0,0,
51,0,0,0,0,0,0,0,0,0,0,0,0,0,0,0,0,0,0,0,0,0,0,0,0,0,0,0,0,0,0,0,0,0,0,0,0,0,0,0,0,0,0,0,0,0,0,0,0,0,0,0,0,0,0,0,0,0,0,0,0,0,0,0,0,0,0,0,0,0,0,0,0,0,0,0,0,0,0,0,0,0,0,0,0,0,0,0,0,0,0,0,0,0,0,0,0,0,0,0,0,0,0,0,0,0,0,0,0,0,0,0,0,0,0,0,0,0,0,0,0,0,0,0,0,0,0,0,0,0,0,0,0,0,0,0,0,0,0,0,0,0,0,0,0,0,0,0,0,0,0,0,0,0,0,0,0,0,0,0,0,0,0,0,0,0,0,0,0,0,0,0,0,0,0,0,0,0,0,0,0,0,0,0,0,0,0,0,0,6,8,8,14,22,28,25,25,30,28,27,27,28,29,30,31,32,32,31,36,37,42,40,39,36,41,40,45,45,46,47,48,48,46,50,47,47,48,48,47,46,46,47,42,43,41,41,41,49,49,42,39,38,41,41,39,30,36,35,32,30,35,37,38,37,35,37,40,38,37,36,34,34,32,32,32,29,31,33,30,30,31,31,25,28,32,30,30,31,28,28,28,28,26,24,26,25,26,27,27,27,26,26,27,26,26,25,25,24,23,24,23,23,22,22,23,21,22,21,22,20,20,21,18,18,19,18,16,16,16,16,15,14,13,14,13,13,12,11,6,0,0,0,0,0,0,0,0,0,0,0,0,0,0,0,0,0,0,0,0,0,0,0,0,1,2,0,0,0,0,0,0,0,0,0,0,0,0,0,0,0,2,2,0,0,0,0,0,0,0,0,0,0,0,0,0,0,0,0,0,0,0,0,0,0,0,0,0,0,0,0,0,0,0,0,0,0,0,0,0,0,0,0,0,0,0,0,0,0,0,0,0,0,0,0,
52,0,0,0,0,0,0,0,0,0,0,0,0,0,0,0,0,0,0,0,0,0,0,0,0,0,0,0,0,0,0,0,0,0,0,0,0,0,0,0,0,0,0,0,0,0,0,0,0,0,0,0,0,0,0,0,0,0,0,0,0,0,0,0,0,0,0,0,0,0,0,0,0,0,0,0,0,0,0,0,0,0,0,0,0,0,0,0,0,0,0,0,0,0,0,0,0,0,0,0,0,0,0,0,0,0,0,0,0,0,0,0,0,0,0,0,0,0,0,0,0,0,0,0,0,0,0,0,0,0,0,0,0,0,0,0,0,0,0,0,0,0,0,0,0,0,0,0,0,0,0,0,0,0,0,0,0,0,0,0,0,0,0,0,0,0,0,0,0,0,0,0,0,0,0,0,0,0,0,0,0,0,0,0,0,0,0,0,0,-3,10,12,20,26,26,25,26,31,30,28,29,29,29,32,33,34,33,33,35,38,39,36,35,42,40,41,43,44,47,48,48,45,46,48,48,46,46,47,46,45,43,44,44,43,40,40,43,46,51,43,40,39,38,38,36,39,36,35,32,33,38,39,39,38,30,35,37,39,38,36,32,33,33,33,33,28,33,32,30,31,32,30,25,28,30,30,29,30,29,28,26,29,24,25,26,27,25,26,26,30,24,24,24,24,27,23,23,24,24,23,23,22,20,22,22,21,22,23,19,19,19,18,17,18,21,19,19,17,18,18,17,18,17,15,13,13,12,6,0,0,0,0,0,0,0,0,0,0,0,0,0,0,0,0,0,0,0,0,0,0,0,0,0,0,0,0,0,0,0,0,0,0,0,0,0,0,1,2,3,0,0,0,0,0,0,0,0,0,0,0,0,0,0,0,0,0,0,0,0,0,0,0,0,0,0,0,0,0,0,0,0,0,0,0,0,0,0,0,0,0,0,0,0,0,0,0,0,0,0,0,0,0,0,0,
53,0,0,0,0,0,0,0,0,0,0,0,0,0,0,0,0,0,0,0,0,0,0,0,0,0,0,0,0,0,0,0,0,0,0,0,0,0,0,0,0,0,0,0,0,0,0,0,0,0,0,0,0,0,0,0,0,0,0,0,0,0,0,0,0,0,0,0,0,0,0,0,0,0,0,0,0,0,0,0,0,0,0,0,0,0,0,0,0,0,0,0,0,0,0,0,0,0,0,0,0,0,0,0,0,0,0,0,0,0,0,0,0,0,0,0,0,0,0,0,0,0,0,0,0,0,0,0,0,0,0,0,0,0,0,0,0,0,0,0,0,0,0,0,0,0,0,0,0,0,0,0,0,0,0,0,0,0,0,0,0,0,0,0,0,0,0,0,0,0,0,0,0,0,0,0,0,0,0,0,0,0,0,0,0,0,0,0,0,5,11,15,23,26,28,25,28,31,30,29,30,30,30,33,33,34,33,37,41,40,38,36,36,41,41,41,43,44,47,48,47,44,45,48,48,44,45,46,47,46,44,44,44,43,40,40,43,51,49,48,38,38,38,39,46,38,36,32,33,35,37,38,40,32,31,34,37,39,37,36,29,34,32,34,32,28,33,32,31,32,32,30,25,28,30,28,29,28,28,27,27,25,26,26,27,26,27,25,27,26,27,23,24,25,24,23,21,24,23,23,21,21,21,23,23,20,21,21,21,19,19,18,17,18,20,20,16,17,16,15,16,16,14,17,16,16,14,14,0,4,4,-3,3,0,0,0,0,0,0,0,0,0,0,0,0,0,0,0,0,0,0,0,0,0,0,2,0,0,0,0,0,0,0,0,0,3,3,0,0,0,0,0,0,0,0,0,0,0,0,0,0,0,0,0,0,0,0,0,0,0,0,0,0,0,0,0,0,0,0,0,0,0,0,0,0,0,0,0,0,0,0,0,0,0,0,0,0,0,0,0,0,0,0,0,
54,0,0,0,0,0,0,0,0,0,0,0,0,0,0,0,0,0,0,0,0,0,0,0,0,0,0,0,0,0,0,0,0,0,0,0,0,0,0,0,0,0,0,0,0,0,0,0,0,0,0,0,0,0,0,0,0,0,0,0,0,0,0,0,0,0,0,0,0,0,0,0,0,0,0,0,0,0,0,0,0,0,0,0,0,0,0,0,0,0,0,0,0,0,0,0,0,0,0,0,0,0,0,0,0,0,0,0,0,0,0,0,0,0,0,0,0,0,0,0,0,0,0,0,0,0,0,0,0,0,0,0,0,0,0,0,0,0,0,0,0,0,0,0,0,0,0,0,0,0,0,0,0,0,0,0,0,0,0,0,0,0,0,0,0,0,0,0,0,0,0,0,0,0,0,0,0,0,0,0,0,0,0,0,0,0,0,0,1,6,11,20,23,24,25,31,27,32,32,32,32,32,32,34,34,34,34,41,41,41,38,39,38,40,41,40,46,48,47,48,44,44,45,47,46,45,45,48,47,45,46,45,42,42,40,41,41,43,48,47,36,38,37,38,49,40,41,37,35,34,37,40,38,34,33,29,32,37,42,34,28,33,34,33,33,25,34,32,29,28,27,27,25,28,27,29,28,27,28,27,26,27,27,29,26,25,24,26,26,25,26,24,24,26,22,23,24,21,24,22,22,22,21,21,22,21,20,20,21,20,19,17,16,16,18,18,16,15,16,16,15,14,14,13,13,12,11,0,0,0,0,0,-6,-2,6,5,0,0,0,0,0,0,0,0,0,0,0,0,0,0,0,0,0,0,0,0,0,0,0,0,0,0,1,3,0,0,0,0,0,0,0,0,0,0,0,0,0,0,0,0,0,0,0,0,0,0,0,0,0,1,0,0,0,0,0,0,0,0,0,0,0,0,0,0,0,0,0,0,0,0,0,0,0,0,0,0,0,0,0,0,0,0,0,0,
55,0,0,0,0,0,0,0,0,0,0,0,0,0,0,0,0,0,0,0,0,0,0,0,0,0,0,0,0,0,0,0,0,0,0,0,0,0,0,0,0,0,0,0,0,0,0,0,0,0,0,0,0,0,0,0,0,0,0,0,0,0,0,0,0,0,0,0,0,0,0,0,0,0,0,0,0,0,0,0,0,0,0,0,0,0,0,0,0,0,0,0,0,0,0,0,0,0,0,0,0,0,0,0,0,0,0,0,0,0,0,0,0,0,0,0,0,0,0,0,0,0,0,0,0,0,0,0,0,0,0,0,0,0,0,0,0,0,0,0,0,0,0,0,0,0,0,0,0,0,0,0,0,0,0,0,0,0,0,0,0,0,0,0,0,0,0,0,0,0,0,0,0,0,0,0,0,0,0,0,0,0,0,0,0,0,0,0,0,10,21,19,21,21,21,32,27,32,32,30,31,32,35,36,34,31,34,46,42,38,38,36,36,39,40,43,49,48,46,48,43,44,45,48,47,46,44,42,46,45,43,43,44,44,40,41,41,43,45,49,41,42,37,39,45,36,36,40,35,34,33,36,36,35,34,29,31,36,41,40,27,40,35,37,35,29,31,30,31,32,32,27,28,30,28,27,26,27,30,29,27,28,27,27,27,27,26,24,25,23,23,24,25,26,26,28,26,23,23,23,23,22,22,21,21,22,21,20,20,19,18,18,17,18,18,17,17,16,15,15,16,11,10,14,13,10,0,-2,0,0,0,0,0,0,0,0,0,0,4,10,7,6,7,0,0,0,0,0,0,0,0,0,0,0,0,0,0,0,0,1,0,0,0,0,0,0,0,0,0,0,0,0,0,0,0,0,0,0,0,0,0,0,0,0,0,0,0,0,0,0,0,0,0,0,0,0,0,0,0,0,0,0,0,0,0,0,0,0,0,0,0,0,0,0,0,0,0,0,0,0,0,0,0,0,
56,0,0,0,0,0,0,0,0,0,0,0,0,0,0,0,0,0,0,0,0,0,0,0,0,0,0,0,0,0,0,0,0,0,0,0,0,0,0,0,0,0,0,0,0,0,0,0,0,0,0,0,0,0,0,0,0,0,0,0,0,0,0,0,0,0,0,0,0,0,0,0,0,0,0,0,0,0,0,0,0,0,0,0,0,0,0,0,0,0,0,0,0,0,0,0,0,0,0,0,0,0,0,0,0,0,0,0,0,0,0,0,0,0,0,0,0,0,0,0,0,0,0,0,0,0,0,0,0,0,0,0,0,0,0,0,0,0,0,0,0,0,0,0,0,0,0,0,0,0,0,0,0,0,0,0,0,0,0,0,0,0,0,0,0,0,0,0,0,0,0,0,0,0,0,0,0,0,0,0,0,0,0,0,0,0,0,0,0,12,21,20,21,20,29,30,31,32,32,31,32,33,35,36,35,35,40,46,39,38,38,36,35,39,42,42,50,48,47,47,44,43,45,48,47,46,45,45,47,45,43,44,45,44,41,40,39,40,43,48,45,45,36,40,44,39,39,37,34,34,33,34,36,34,31,32,32,32,42,37,34,40,39,38,33,31,31,29,31,31,32,30,28,30,27,27,26,28,31,28,29,27,27,27,26,26,27,23,22,23,25,25,25,26,26,24,23,23,22,22,22,22,22,21,21,21,21,20,19,19,18,18,18,18,18,17,17,15,16,16,14,12,13,14,13,9,0,0,0,0,0,0,0,0,0,0,0,0,0,0,0,-2,12,4,0,0,0,0,0,0,0,0,2,0,0,0,0,0,2,0,0,0,0,0,0,0,0,0,0,0,0,0,0,0,0,0,0,0,0,0,0,0,1,1,1,1,1,0,0,0,0,0,0,0,0,0,0,0,0,0,0,0,0,0,0,0,0,0,0,0,0,0,0,0,0,0,0,0,0,0,0,0,0,0,
57,0,0,0,0,0,0,0,0,0,0,0,0,0,0,0,0,0,0,0,0,0,0,0,0,0,0,0,0,0,0,0,0,0,0,0,0,0,0,0,0,0,0,0,0,0,0,0,0,0,0,0,0,0,0,0,0,0,0,0,0,0,0,0,0,0,0,0,0,0,0,0,0,0,0,0,0,0,0,0,0,0,0,0,0,0,0,0,0,0,0,0,0,0,0,0,0,0,0,0,0,0,0,0,0,0,0,0,0,0,0,0,0,0,0,0,0,0,0,0,0,0,0,0,0,0,0,0,0,0,0,0,0,0,0,0,0,0,0,0,0,0,0,0,0,0,0,0,0,0,0,0,0,0,0,0,0,0,0,0,0,0,0,0,0,0,0,0,0,0,0,0,0,0,0,0,0,0,0,0,0,0,0,0,0,0,0,4,10,16,20,21,22,23,27,32,29,30,32,32,33,34,34,38,37,41,42,43,38,37,37,34,36,41,44,52,50,45,44,46,46,41,43,54,46,45,43,39,44,44,44,42,45,45,41,40,38,42,44,47,45,44,34,38,43,40,36,35,35,32,36,37,35,32,32,33,33,34,39,38,28,39,39,36,28,34,32,29,30,30,31,29,29,29,29,29,29,29,30,29,29,28,27,27,27,26,25,25,25,25,25,25,25,24,24,23,23,23,22,22,21,21,21,21,20,20,20,19,19,18,18,19,19,17,17,15,18,15,15,15,16,12,15,15,12,2,0,0,0,0,0,0,0,0,0,0,0,0,0,0,0,0,0,0,3,-2,0,0,0,0,1,2,3,3,3,2,3,0,0,0,0,0,0,0,0,0,0,0,0,0,0,0,0,0,0,0,0,0,0,0,0,1,1,1,0,0,0,0,0,0,0,0,0,0,0,0,0,0,0,0,0,0,0,0,0,0,0,0,0,0,0,0,0,0,0,0,0,0,0,0,0,0,0,0,
58,0,0,0,0,0,0,0,0,0,0,0,0,0,0,0,0,0,0,0,0,0,0,0,0,0,0,0,0,0,0,0,0,0,0,0,0,0,0,0,0,0,0,0,0,0,0,0,0,0,0,0,0,0,0,0,0,0,0,0,0,0,0,0,0,0,0,0,0,0,0,0,0,0,0,0,0,0,0,0,0,0,0,0,0,0,0,0,0,0,0,0,0,0,0,0,0,0,0,0,0,0,0,0,0,0,0,0,0,0,0,0,0,0,0,0,0,0,0,0,0,0,0,0,0,0,0,0,0,0,0,0,0,0,0,0,0,0,0,0,0,0,0,0,0,0,0,0,0,0,0,0,0,0,0,0,0,0,0,0,0,0,0,0,0,0,0,0,0,0,0,0,0,0,0,0,0,0,0,0,0,0,0,0,0,0,5,11,14,16,20,21,23,22,26,28,28,30,28,28,37,37,35,38,38,37,39,37,43,41,34,33,36,48,52,54,45,48,48,47,45,41,50,54,48,44,42,42,45,44,45,42,44,45,42,39,41,40,43,39,44,47,37,34,40,39,38,36,36,34,34,34,32,32,33,36,40,37,38,31,33,37,38,36,30,33,31,29,27,28,30,28,27,28,28,28,27,29,30,28,28,26,26,27,26,27,26,26,25,25,25,24,25,24,24,23,23,22,22,21,21,21,21,20,20,19,20,19,19,18,18,18,17,16,16,17,15,15,16,16,13,13,14,15,0,-9,0,0,0,0,0,0,0,0,0,0,0,0,0,0,0,0,0,0,0,0,0,0,0,2,2,3,4,5,3,0,2,0,0,0,0,0,0,0,0,0,0,0,0,0,0,0,0,0,0,0,1,1,1,1,-2,0,0,0,0,0,0,0,0,0,0,0,0,0,0,0,0,0,0,0,0,0,0,0,0,0,0,0,0,0,0,0,0,0,0,0,0,0,0,0,0,0,0,0,
59,0,0,0,0,0,0,0,0,0,0,0,0,0,0,0,0,0,0,0,0,0,0,0,0,0,0,0,0,0,0,0,0,0,0,0,0,0,0,0,0,0,0,0,0,0,0,0,0,0,0,0,0,0,0,0,0,0,0,0,0,0,0,0,0,0,0,0,0,0,0,0,0,0,0,0,0,0,0,0,0,0,0,0,0,0,0,0,0,0,0,0,0,0,0,0,0,0,0,0,0,0,0,0,0,0,0,0,0,0,0,0,0,0,0,0,0,0,0,0,0,0,0,0,0,0,0,0,0,0,0,0,0,0,0,0,0,0,0,0,0,0,0,0,0,0,0,0,0,0,0,0,0,0,0,0,0,0,0,0,0,0,0,0,0,0,0,0,0,0,0,0,0,0,0,0,0,0,0,0,0,0,0,0,0,0,5,13,15,19,20,21,24,24,26,30,31,29,29,29,37,39,35,35,37,36,38,43,44,44,34,32,36,52,53,43,45,50,47,47,45,38,41,54,48,45,43,43,43,44,44,42,45,45,42,40,41,40,44,43,47,48,35,32,41,38,38,37,36,35,33,33,33,33,33,39,42,34,38,36,34,36,38,37,30,35,32,30,30,30,30,28,28,29,28,29,29,28,29,28,27,27,27,27,27,27,26,26,26,25,25,25,23,23,23,22,22,22,21,22,21,21,21,20,20,19,19,20,19,19,17,17,17,16,15,15,16,16,16,16,13,14,14,11,0,0,0,0,0,0,0,0,0,0,0,0,0,0,0,0,0,0,0,0,0,0,0,0,0,0,0,0,4,2,0,0,-3,1,0,1,0,0,0,0,0,0,0,0,0,0,0,0,0,0,0,0,1,1,1,-3,0,0,0,0,0,0,0,0,0,0,0,0,0,0,0,0,0,0,0,0,0,0,0,0,0,0,0,0,0,0,0,0,0,0,0,0,0,0,0,0,0,0,0,0,
60,0,0,0,0,0,0,0,0,0,0,0,0,0,0,0,0,0,0,0,0,0,0,0,0,0,0,0,0,0,0,0,0,0,0,0,0,0,0,0,0,0,0,0,0,0,0,0,0,0,0,0,0,0,0,0,0,0,0,0,0,0,0,0,0,0,0,0,0,0,0,0,0,0,0,0,0,0,0,0,0,0,0,0,0,0,0,0,0,0,0,0,0,0,0,0,0,0,0,0,0,0,0,0,0,0,0,0,0,0,0,0,0,0,0,0,0,0,0,0,0,0,0,0,0,0,0,0,0,0,0,0,0,0,0,0,0,0,0,0,0,0,0,0,0,0,0,0,0,0,0,0,0,0,0,0,0,0,0,0,0,0,0,0,0,0,0,0,0,0,0,0,0,0,0,0,0,0,0,0,0,0,0,0,0,4,13,16,18,20,22,23,27,27,27,29,28,28,28,31,34,34,35,35,35,37,38,41,46,44,33,35,42,53,53,52,55,51,48,48,40,42,44,49,45,42,40,41,41,43,43,40,43,46,44,40,39,36,45,42,43,43,34,39,41,39,38,36,36,35,34,35,34,34,34,35,37,36,37,31,36,41,39,31,29,32,32,32,30,29,29,27,27,29,30,30,29,29,28,28,27,27,26,27,26,26,24,24,23,24,24,24,23,23,25,23,25,21,22,21,21,21,21,20,20,19,19,19,18,17,18,17,17,16,16,16,16,16,14,14,14,15,13,0,0,0,0,0,0,0,0,0,0,0,0,0,0,0,0,0,0,0,0,0,0,0,0,0,0,0,0,0,0,0,0,0,0,0,1,1,1,1,1,1,2,0,0,0,0,0,0,0,0,0,0,0,1,1,0,0,0,0,0,0,0,0,0,0,0,0,0,0,0,0,0,0,0,0,0,0,0,0,0,0,0,0,0,0,0,0,0,0,0,0,0,0,0,0,0,0,0,0,0,0,
61,0,0,0,0,0,0,0,0,0,0,0,0,0,0,0,0,0,0,0,0,0,0,0,0,0,0,0,0,0,0,0,0,0,0,0,0,0,0,0,0,0,0,0,0,0,0,0,0,0,0,0,0,0,0,0,0,0,0,0,0,0,0,0,0,0,0,0,0,0,0,0,0,0,0,0,0,0,0,0,0,0,0,0,0,0,0,0,0,0,0,0,0,0,0,0,0,0,0,0,0,0,0,0,0,0,0,0,0,0,0,0,0,0,0,0,0,0,0,0,0,0,0,0,0,0,0,0,0,0,0,0,0,0,0,0,0,0,0,0,0,0,0,0,0,0,0,0,0,0,0,0,0,0,0,0,0,0,0,0,0,0,0,0,0,0,0,0,0,0,0,0,0,0,0,0,0,0,0,0,0,0,0,0,0,8,13,17,19,21,23,23,25,26,26,26,28,27,28,31,34,35,36,37,37,37,38,40,44,37,35,36,43,53,52,58,53,52,40,40,40,41,45,45,42,40,43,44,40,40,40,40,45,48,45,40,42,45,45,42,41,41,37,37,42,40,39,37,37,33,35,35,34,35,35,33,34,37,36,33,34,40,38,32,30,31,33,29,28,29,30,28,28,30,30,30,27,28,28,27,27,26,25,25,24,23,24,24,24,24,24,25,24,24,24,21,23,21,21,21,21,21,20,20,20,20,20,18,19,19,17,18,17,17,16,16,15,15,15,15,13,15,8,0,0,0,0,0,0,0,0,0,0,0,0,0,0,0,0,0,0,0,0,0,0,0,0,0,0,0,0,0,0,0,0,0,0,0,0,0,0,0,1,1,1,3,0,0,0,0,0,0,0,0,0,0,1,0,0,0,0,0,0,0,0,0,0,0,0,0,0,0,0,0,0,0,0,0,0,0,0,0,0,0,0,0,0,0,0,0,0,0,0,0,0,0,0,0,0,0,0,0,0,0,
62,0,0,0,0,0,0,0,0,0,0,0,0,0,0,0,0,0,0,0,0,0,0,0,0,0,0,0,0,0,0,0,0,0,0,0,0,0,0,0,0,0,0,0,0,0,0,0,0,0,0,0,0,0,0,0,0,0,0,0,0,0,0,0,0,0,0,0,0,0,0,0,0,0,0,0,0,0,0,0,0,0,0,0,0,0,0,0,0,0,0,0,0,0,0,0,0,0,0,0,0,0,0,0,0,0,0,0,0,0,0,0,0,0,0,0,0,0,0,0,0,0,0,0,0,0,0,0,0,0,0,0,0,0,0,0,0,0,0,0,0,0,0,0,0,0,0,0,0,0,0,0,0,0,0,0,0,0,0,0,0,0,0,0,0,0,0,0,0,0,0,0,0,0,0,0,0,0,0,0,0,0,0,0,8,10,14,17,19,20,22,22,24,25,24,25,25,26,27,30,33,34,34,35,34,36,39,40,41,37,36,46,49,52,55,55,53,46,43,44,40,41,43,47,42,40,47,43,41,40,40,39,44,50,47,39,42,47,47,41,36,38,38,38,40,38,37,35,31,34,37,36,35,33,32,33,34,37,39,36,34,37,36,31,29,32,31,30,28,29,30,29,29,28,29,28,27,26,27,25,26,25,25,25,25,24,23,23,24,24,25,22,21,22,23,22,23,21,21,20,21,21,21,20,21,19,19,19,19,19,17,17,17,16,16,14,15,16,14,15,14,6,0,0,0,0,0,0,0,0,0,0,0,0,0,0,0,0,0,0,0,0,0,0,0,0,0,0,0,0,0,0,0,0,0,0,0,0,0,0,0,0,0,0,0,1,1,2,2,0,0,0,0,0,1,-2,0,0,0,0,0,0,0,0,0,0,0,0,0,0,0,0,0,0,0,0,0,0,0,0,0,0,0,0,0,0,0,0,0,0,0,0,0,0,0,0,0,0,0,0,0,0,0,0,
63,0,0,0,0,0,0,0,0,0,0,0,0,0,0,0,0,0,0,0,0,0,0,0,0,0,0,0,0,0,0,0,0,0,0,0,0,0,0,0,0,0,0,0,0,0,0,0,0,0,0,0,0,0,0,0,0,0,0,0,0,0,0,0,0,0,0,0,0,0,0,0,0,0,0,0,0,0,0,0,0,0,0,0,0,0,0,0,0,0,0,0,0,0,0,0,0,0,0,0,0,0,0,0,0,0,0,0,0,0,0,0,0,0,0,0,0,0,0,0,0,0,0,0,0,0,0,0,0,0,0,0,0,0,0,0,0,0,0,0,0,0,0,0,0,0,0,0,0,0,0,0,0,0,0,0,0,0,0,0,0,0,0,0,0,0,0,0,0,0,0,0,0,0,0,0,0,0,0,0,0,0,0,0,8,11,16,19,19,20,21,21,22,22,26,29,29,28,29,30,30,30,34,35,34,36,37,42,41,41,38,46,50,50,51,54,47,47,43,42,42,41,41,41,41,43,42,41,40,40,39,38,50,52,39,41,43,46,46,40,41,40,38,39,37,37,35,33,33,36,35,34,34,31,33,31,32,37,35,32,34,34,34,31,31,30,30,29,28,29,29,28,28,28,28,27,26,27,26,26,26,24,24,24,24,23,24,23,24,25,24,24,22,22,22,22,23,20,21,22,21,21,21,20,20,20,19,19,18,18,18,17,16,15,15,13,14,15,13,12,7,-8,0,0,0,0,0,0,0,0,0,0,0,0,0,0,0,0,0,0,0,0,0,0,0,0,0,0,0,0,0,0,0,0,0,0,0,0,0,0,0,0,0,0,0,0,0,0,0,-3,0,1,0,1,0,0,0,0,0,0,0,0,0,0,0,0,0,0,0,0,0,0,0,0,0,0,0,0,0,0,0,0,0,0,0,0,0,0,0,0,0,0,0,0,0,0,0,0,0,0,0,0,0,0,
64,0,0,0,0,0,0,0,0,0,0,0,0,0,0,0,0,0,0,0,0,0,0,0,0,0,0,0,0,0,0,0,0,0,0,0,0,0,0,0,0,0,0,0,0,0,0,0,0,0,0,0,0,0,0,0,0,0,0,0,0,0,0,0,0,0,0,0,0,0,0,0,0,0,0,0,0,0,0,0,0,0,0,0,0,0,0,0,0,0,0,0,0,0,0,0,0,0,0,0,0,0,0,0,0,0,0,0,0,0,0,0,0,0,0,0,0,0,0,0,0,0,0,0,0,0,0,0,0,0,0,0,0,0,0,0,0,0,0,0,0,0,0,0,0,0,0,0,0,0,0,0,0,0,0,0,0,0,0,0,0,0,0,0,0,0,0,0,0,0,0,0,0,0,0,0,0,0,0,0,0,0,0,0,9,11,17,19,20,20,23,23,27,24,31,32,31,31,31,31,31,32,35,35,35,38,39,42,42,41,39,42,49,49,51,53,53,50,44,43,43,41,42,42,41,42,42,40,38,39,38,38,49,52,46,40,42,45,46,43,41,40,38,38,37,35,34,36,36,35,36,35,33,33,33,31,35,35,34,32,33,33,33,30,29,29,29,29,29,30,29,28,28,27,27,27,26,27,26,26,26,25,25,26,25,25,23,24,25,24,24,23,22,23,23,23,22,21,21,21,22,22,19,21,20,20,20,19,18,19,18,16,16,15,15,13,15,14,13,11,0,-8,0,0,0,0,0,0,0,0,0,0,0,0,0,0,0,0,0,0,0,0,0,0,0,0,0,0,0,0,0,0,0,0,0,0,0,0,0,0,0,0,0,0,0,0,0,0,0,0,0,0,0,0,0,0,0,0,0,0,0,0,0,0,0,0,0,0,0,0,0,0,0,0,0,0,0,0,0,0,0,0,0,0,0,0,0,0,0,0,0,0,0,0,0,0,0,0,0,0,0,0,0,0,
65,0,0,0,0,0,0,0,0,0,0,0,0,0,0,0,0,0,0,0,0,0,0,0,0,0,0,0,0,0,0,0,0,0,0,0,0,0,0,0,0,0,0,0,0,0,0,0,0,0,0,0,0,0,0,0,0,0,0,0,0,0,0,0,0,0,0,0,0,0,0,0,0,0,0,0,0,0,0,0,0,0,0,0,0,0,0,0,0,0,0,0,0,0,0,0,0,0,0,0,0,0,0,0,0,0,0,0,0,0,0,0,0,0,0,0,0,0,0,0,0,0,0,0,0,0,0,0,0,0,0,0,0,0,0,0,0,0,0,0,0,0,0,0,0,0,0,0,0,0,0,0,0,0,0,0,0,0,0,0,0,0,0,0,0,0,0,0,0,0,0,0,0,0,0,0,0,0,0,0,0,0,0,7,10,12,20,23,23,24,28,29,26,26,27,30,31,32,32,32,33,33,37,37,38,39,40,42,43,43,38,46,46,50,50,52,52,52,41,40,39,40,41,43,41,41,41,39,39,39,39,38,43,48,45,42,42,44,43,43,41,40,40,38,35,37,37,37,37,34,34,33,35,33,33,33,34,35,32,31,31,32,31,30,30,29,29,29,29,29,28,28,28,28,28,27,27,26,26,26,25,26,26,25,27,27,27,24,23,24,24,22,22,22,21,21,20,22,21,19,19,19,19,19,19,20,20,19,19,19,18,16,16,17,17,15,14,14,8,0,-13,0,0,0,0,0,0,0,0,0,0,0,0,0,0,0,0,0,0,0,0,0,0,0,0,0,0,0,0,0,0,0,0,0,0,0,0,0,0,0,0,0,0,0,0,0,0,0,0,0,0,0,0,0,0,0,0,0,0,0,0,0,0,0,0,0,0,0,0,0,0,0,0,0,0,0,0,0,0,0,0,0,0,0,0,0,0,0,0,0,0,0,0,0,0,0,0,0,0,0,0,0,0,0,
66,0,0,0,0,0,0,0,0,0,0,0,0,0,0,0,0,0,0,0,0,0,0,0,0,0,0,0,0,0,0,0,0,0,0,0,0,0,0,0,0,0,0,0,0,0,0,0,0,0,0,0,0,0,0,0,0,0,0,0,0,0,0,0,0,0,0,0,0,0,0,0,0,0,0,0,0,0,0,0,0,0,0,0,0,0,0,0,0,0,0,0,0,0,0,0,0,0,0,0,0,0,0,0,0,0,0,0,0,0,0,0,0,0,0,0,0,0,0,0,0,0,0,0,0,0,0,0,0,0,0,0,0,0,0,0,0,0,0,0,0,0,0,0,0,0,0,0,0,0,0,0,0,0,0,0,0,0,0,0,0,0,0,0,0,0,0,0,0,0,0,0,0,0,0,0,0,0,0,0,0,0,3,8,13,15,22,24,23,28,28,27,29,30,31,31,31,33,33,34,32,35,40,39,40,40,41,45,41,38,39,36,39,51,52,53,49,50,46,44,45,41,40,41,43,42,41,40,40,40,39,39,42,49,44,40,41,41,41,44,43,40,38,37,36,36,36,36,36,34,35,35,35,34,34,34,34,34,32,32,31,31,30,30,30,30,29,29,29,27,29,29,29,28,27,28,27,26,27,25,25,26,25,26,25,25,25,25,24,24,23,22,22,21,21,21,21,21,21,20,20,19,20,19,19,19,19,19,18,18,15,16,17,15,13,13,11,10,0,-10,0,0,0,0,0,0,0,0,0,0,0,0,0,0,0,0,0,0,0,0,0,0,0,0,0,0,0,0,0,0,0,0,0,0,0,0,0,0,0,0,0,0,0,0,0,0,0,0,0,0,0,0,0,0,0,0,0,0,0,0,0,0,0,0,0,0,0,0,0,0,0,0,0,0,0,0,0,0,0,0,0,0,0,0,0,0,0,0,0,0,0,0,0,0,0,0,0,0,0,0,0,0,0,0,
67,0,0,0,0,0,0,0,0,0,0,0,0,0,0,0,0,0,0,0,0,0,0,0,0,0,0,0,0,0,0,0,0,0,0,0,0,0,0,0,0,0,0,0,0,0,0,0,0,0,0,0,0,0,0,0,0,0,0,0,0,0,0,0,0,0,0,0,0,0,0,0,0,0,0,0,0,0,0,0,0,0,0,0,0,0,0,0,0,0,0,0,0,0,0,0,0,0,0,0,0,0,0,0,0,0,0,0,0,0,0,0,0,0,0,0,0,0,0,0,0,0,0,0,0,0,0,0,0,0,0,0,0,0,0,0,0,0,0,0,0,0,0,0,0,0,0,0,0,0,0,0,0,0,0,0,0,0,0,0,0,0,0,0,0,0,0,0,0,0,0,0,0,0,0,0,0,0,0,0,0,0,6,8,15,18,22,24,25,28,28,29,31,31,31,30,32,33,35,33,31,33,37,40,42,41,41,43,40,39,40,38,37,52,51,53,50,50,50,46,48,40,39,39,42,43,42,40,39,40,39,35,46,47,41,39,41,42,44,44,40,39,38,38,38,36,36,37,36,34,35,35,35,34,34,33,34,32,32,32,30,30,30,30,29,30,29,29,29,29,28,28,27,27,28,27,28,28,27,26,25,26,25,25,25,26,24,24,23,22,22,22,22,22,22,22,22,23,21,20,21,20,20,20,19,18,18,18,18,18,17,15,15,13,12,11,11,0,-6,0,0,0,0,0,0,0,0,0,0,0,0,0,0,0,0,0,0,0,0,0,0,0,0,0,0,0,0,0,0,0,0,0,0,0,0,0,0,0,0,0,0,0,0,0,0,0,0,0,0,0,0,0,0,0,0,0,0,0,0,0,0,0,0,0,0,0,0,0,0,0,0,0,0,0,0,0,0,0,0,0,0,0,0,0,0,0,0,0,0,0,0,0,0,0,0,0,0,0,0,0,0,0,0,0,
68,0,0,0,0,0,0,0,0,0,0,0,0,0,0,0,0,0,0,0,0,0,0,0,0,0,0,0,0,0,0,0,0,0,0,0,0,0,0,0,0,0,0,0,0,0,0,0,0,0,0,0,0,0,0,0,0,0,0,0,0,0,0,0,0,0,0,0,0,0,0,0,0,0,0,0,0,0,0,0,0,0,0,0,0,0,0,0,0,0,0,0,0,0,0,0,0,0,0,0,0,0,0,0,0,0,0,0,0,0,0,0,0,0,0,0,0,0,0,0,0,0,0,0,0,0,0,0,0,0,0,0,0,0,0,0,0,0,0,0,0,0,0,0,0,0,0,0,0,0,0,0,0,0,0,0,0,0,0,0,0,0,0,0,0,0,0,0,0,0,0,0,0,0,0,0,0,0,0,0,0,0,9,12,20,21,22,28,27,24,27,29,29,29,29,30,31,34,36,33,33,33,34,36,36,38,39,40,40,40,38,41,38,50,54,50,47,48,51,51,48,43,41,41,44,45,43,44,42,41,39,41,43,42,41,40,39,38,44,44,39,40,41,39,38,38,37,37,37,36,35,35,35,33,33,32,32,32,31,30,30,29,29,29,29,29,29,29,28,28,28,27,27,27,27,27,27,27,27,27,26,25,26,25,24,24,24,24,23,23,22,22,22,22,22,22,22,21,21,20,21,21,21,20,20,19,19,19,17,16,15,13,14,11,11,5,0,0,0,0,0,0,0,0,0,0,0,0,0,0,0,0,0,0,0,0,0,0,0,0,0,0,0,0,0,0,0,0,0,0,0,0,0,0,0,0,0,0,0,0,0,0,0,0,0,0,0,0,0,0,0,0,0,0,0,0,0,0,0,0,0,0,0,0,0,0,0,0,0,0,0,0,0,0,0,0,0,0,0,0,0,0,0,0,0,0,0,0,0,0,0,0,0,0,0,0,0,0,0,0,0,0,0,0,
69,0,0,0,0,0,0,0,0,0,0,0,0,0,0,0,0,0,0,0,0,0,0,0,0,0,0,0,0,0,0,0,0,0,0,0,0,0,0,0,0,0,0,0,0,0,0,0,0,0,0,0,0,0,0,0,0,0,0,0,0,0,0,0,0,0,0,0,0,0,0,0,0,0,0,0,0,0,0,0,0,0,0,0,0,0,0,0,0,0,0,0,0,0,0,0,0,0,0,0,0,0,0,0,0,0,0,0,0,0,0,0,0,0,0,0,0,0,0,0,0,0,0,0,0,0,0,0,0,0,0,0,0,0,0,0,0,0,0,0,0,0,0,0,0,0,0,0,0,0,0,0,0,0,0,0,0,0,0,0,0,0,0,0,0,0,0,0,0,0,0,0,0,0,0,0,0,0,0,0,0,0,11,14,21,22,23,26,27,21,27,28,29,29,28,30,31,33,33,32,31,32,33,35,35,38,38,38,40,39,41,43,43,53,61,49,47,47,48,49,49,44,43,41,46,45,44,48,45,47,35,41,41,42,41,40,37,37,44,42,39,39,42,38,39,38,37,37,37,35,36,35,35,33,33,30,30,30,31,31,30,29,29,30,30,29,29,29,29,29,29,29,28,27,27,28,27,26,27,25,25,25,24,24,25,25,25,24,23,23,22,21,21,19,22,21,21,21,21,21,21,21,21,20,20,18,18,19,17,16,15,13,14,12,11,0,0,0,0,0,0,0,0,0,0,0,0,0,0,0,0,0,0,0,0,0,0,0,0,0,0,0,0,0,0,0,0,0,0,0,0,0,0,0,0,0,0,0,0,0,0,0,0,0,0,0,0,0,0,0,0,0,0,0,0,0,0,0,0,0,0,0,0,0,0,0,0,0,0,0,0,0,0,0,0,0,0,0,0,0,0,0,0,0,0,0,0,0,0,0,0,0,0,0,0,0,0,0,0,0,0,0,0,0,
70,0,0,0,0,0,0,0,0,0,0,0,0,0,0,0,0,0,0,0,0,0,0,0,0,0,0,0,0,0,0,0,0,0,0,0,0,0,0,0,0,0,0,0,0,0,0,0,0,0,0,0,0,0,0,0,0,0,0,0,0,0,0,0,0,0,0,0,0,0,0,0,0,0,0,0,0,0,0,0,0,0,0,0,0,0,0,0,0,0,0,0,0,0,0,0,0,0,0,0,0,0,0,0,0,0,0,0,0,0,0,0,0,0,0,0,0,0,0,0,0,0,0,0,0,0,0,0,0,0,0,0,0,0,0,0,0,0,0,0,0,0,0,0,0,0,0,0,0,0,0,0,0,0,0,0,0,0,0,0,0,0,0,0,0,0,0,0,0,0,0,0,0,0,0,0,0,0,0,0,0,7,15,17,20,20,21,21,21,25,28,28,28,29,29,31,32,33,32,25,28,30,33,32,34,35,36,36,41,40,39,42,48,49,46,53,48,48,46,46,49,46,45,42,44,43,44,49,44,43,40,42,41,41,39,41,39,40,41,42,41,38,39,42,37,38,38,37,36,35,35,35,32,30,31,31,30,31,32,32,30,30,30,29,30,30,29,29,28,28,27,28,28,28,28,27,26,27,27,26,26,26,26,25,23,23,23,23,23,24,23,23,22,22,23,23,23,22,21,21,21,20,20,19,19,18,17,16,16,15,13,12,10,0,-4,0,0,0,0,0,0,0,0,0,0,0,0,0,0,0,0,0,0,0,0,0,0,0,0,0,0,0,0,0,0,0,0,0,0,0,0,0,0,0,0,0,0,0,0,0,0,0,0,0,0,0,0,0,0,0,0,0,0,0,0,0,0,0,0,0,0,0,0,0,0,0,0,0,0,0,0,0,0,0,0,0,0,0,0,0,0,0,0,0,0,0,0,0,0,0,0,0,0,0,0,0,0,0,0,0,0,0,0,0,
71,0,0,0,0,0,0,0,0,0,0,0,0,0,0,0,0,0,0,0,0,0,0,0,0,0,0,0,0,0,0,0,0,0,0,0,0,0,0,0,0,0,0,0,0,0,0,0,0,0,0,0,0,0,0,0,0,0,0,0,0,0,0,0,0,0,0,0,0,0,0,0,0,0,0,0,0,0,0,0,0,0,0,0,0,0,0,0,0,0,0,0,0,0,0,0,0,0,0,0,0,0,0,0,0,0,0,0,0,0,0,0,0,0,0,0,0,0,0,0,0,0,0,0,0,0,0,0,0,0,0,0,0,0,0,0,0,0,0,0,0,0,0,0,0,0,0,0,0,0,0,0,0,0,0,0,0,0,0,0,0,0,0,0,0,0,0,0,0,0,0,0,0,0,0,0,0,0,0,0,0,14,15,16,18,19,19,21,22,26,26,24,27,28,28,30,30,30,28,24,26,27,30,32,34,38,37,39,40,40,41,44,45,51,50,50,48,46,47,47,49,46,43,43,44,44,44,45,43,40,40,42,42,42,39,38,40,43,40,39,39,39,38,38,37,37,37,37,37,36,32,32,31,32,32,31,31,32,32,32,30,31,30,30,30,30,31,31,30,30,30,28,28,29,28,27,26,27,26,25,24,24,25,24,24,24,23,22,22,22,22,22,23,22,21,22,21,21,21,20,20,20,20,19,18,17,16,15,13,12,10,0,-11,0,0,0,0,0,0,0,0,0,0,0,0,0,0,0,0,0,0,0,0,0,0,0,0,0,0,0,0,0,0,0,0,0,0,0,0,0,0,0,0,0,0,0,0,0,0,0,0,0,0,0,0,0,0,0,0,0,0,0,0,0,0,0,0,0,0,0,0,0,0,0,0,0,0,0,0,0,0,0,0,0,0,0,0,0,0,0,0,0,0,0,0,0,0,0,0,0,0,0,0,0,0,0,0,0,0,0,0,0,0,0,
72,0,0,0,0,0,0,0,0,0,0,0,0,0,0,0,0,0,0,0,0,0,0,0,0,0,0,0,0,0,0,0,0,0,0,0,0,0,0,0,0,0,0,0,0,0,0,0,0,0,0,0,0,0,0,0,0,0,0,0,0,0,0,0,0,0,0,0,0,0,0,0,0,0,0,0,0,0,0,0,0,0,0,0,0,0,0,0,0,0,0,0,0,0,0,0,0,0,0,0,0,0,0,0,0,0,0,0,0,0,0,0,0,0,0,0,0,0,0,0,0,0,0,0,0,0,0,0,0,0,0,0,0,0,0,0,0,0,0,0,0,0,0,0,0,0,0,0,0,0,0,0,0,0,0,0,0,0,0,0,0,0,0,0,0,0,0,0,0,0,0,0,0,0,0,0,0,0,0,0,8,14,14,15,18,19,19,20,22,26,25,23,24,26,27,30,30,28,26,25,25,26,29,31,32,38,39,40,41,39,42,45,47,48,48,50,47,47,47,48,50,46,43,44,45,44,43,44,43,40,38,41,40,41,39,38,41,40,39,39,38,38,39,37,37,36,37,37,36,33,32,32,32,32,33,32,32,31,31,30,31,30,30,31,31,32,31,31,29,29,28,29,29,28,27,26,26,26,25,25,25,25,24,25,25,24,23,23,23,23,23,24,21,22,22,21,21,21,20,20,20,20,19,19,18,14,15,14,12,11,8,-6,-13,0,0,0,0,0,0,0,0,0,0,0,0,0,0,0,0,0,0,0,0,0,0,0,0,0,0,0,0,0,0,0,0,0,0,0,0,0,0,0,0,0,0,0,0,0,0,0,0,0,0,0,0,0,0,0,0,0,0,0,0,0,0,0,0,0,0,0,0,0,0,0,0,0,0,0,0,0,0,0,0,0,0,0,0,0,0,0,0,0,0,0,0,0,0,0,0,0,0,0,0,0,0,0,0,0,0,0,0,0,0,0,
73,0,0,0,0,0,0,0,0,0,0,0,0,0,0,0,0,0,0,0,0,0,0,0,0,0,0,0,0,0,0,0,0,0,0,0,0,0,0,0,0,0,0,0,0,0,0,0,0,0,0,0,0,0,0,0,0,0,0,0,0,0,0,0,0,0,0,0,0,0,0,0,0,0,0,0,0,0,0,0,0,0,0,0,0,0,0,0,0,0,0,0,0,0,0,0,0,0,0,0,0,0,0,0,0,0,0,0,0,0,0,0,0,0,0,0,0,0,0,0,0,0,0,0,0,0,0,0,0,0,0,0,0,0,0,0,0,0,0,0,0,0,0,0,0,0,0,0,0,0,0,0,0,0,0,0,0,0,0,0,0,0,0,0,0,0,0,0,0,0,0,0,0,0,0,0,0,0,11,13,14,14,14,15,22,22,18,19,21,25,22,22,23,24,26,26,28,27,25,24,24,25,27,29,30,39,39,44,41,37,36,45,46,47,51,56,49,48,49,48,49,45,44,44,46,44,46,45,43,42,34,40,41,45,41,41,40,39,38,39,39,36,35,35,37,36,36,35,33,33,31,33,32,32,32,31,31,32,32,32,33,33,32,31,32,30,31,29,28,28,29,29,29,28,28,27,27,27,27,27,26,27,26,25,23,24,24,21,21,22,22,20,21,21,21,18,18,19,21,21,22,23,18,12,12,12,12,11,8,0,-5,0,0,0,0,0,0,0,0,0,0,0,0,0,0,0,0,0,0,0,0,0,0,0,0,0,0,0,0,0,0,0,0,0,0,0,0,0,0,0,0,0,0,0,0,0,0,0,0,0,0,0,0,0,0,0,0,0,0,0,0,0,0,0,0,0,0,0,0,0,0,0,0,0,0,0,0,0,0,0,0,0,0,0,0,0,0,0,0,0,0,0,0,0,0,0,0,0,0,0,0,0,0,0,0,0,0,0,0,0,0,0,0,0,
74,0,0,0,0,0,0,0,0,0,0,0,0,0,0,0,0,0,0,0,0,0,0,0,0,0,0,0,0,0,0,0,0,0,0,0,0,0,0,0,0,0,0,0,0,0,0,0,0,0,0,0,0,0,0,0,0,0,0,0,0,0,0,0,0,0,0,0,0,0,0,0,0,0,0,0,0,0,0,0,0,0,0,0,0,0,0,0,0,0,0,0,0,0,0,0,0,0,0,0,0,0,0,0,0,0,0,0,0,0,0,0,0,0,0,0,0,0,0,0,0,0,0,0,0,0,0,0,0,0,0,0,0,0,0,0,0,0,0,0,0,0,0,0,0,0,0,0,0,0,0,0,0,0,0,0,0,0,0,0,0,0,0,0,0,0,0,0,0,0,0,0,0,0,0,0,0,9,11,14,15,14,14,15,21,21,17,19,23,26,22,23,22,23,25,25,27,27,21,23,24,25,27,30,31,35,40,46,42,38,36,43,45,49,53,55,51,47,46,45,48,45,45,45,45,44,44,43,42,43,41,42,41,40,42,40,41,38,42,42,36,36,35,36,34,37,33,35,33,32,34,32,32,32,32,32,33,33,32,32,33,34,32,31,32,30,29,29,29,29,30,29,29,28,28,27,27,27,27,26,26,26,25,25,24,24,24,23,23,22,22,22,21,22,20,19,23,23,23,23,21,20,16,13,11,11,11,9,-3,-5,0,0,0,0,0,0,0,0,0,0,0,0,0,0,0,0,0,0,0,0,0,0,0,0,0,0,0,0,0,0,0,0,0,0,0,0,0,0,0,0,0,0,0,0,0,0,0,0,0,0,0,0,0,0,0,0,0,0,0,0,0,0,0,0,0,0,0,0,0,0,0,0,0,0,0,0,0,0,0,0,0,0,0,0,0,0,0,0,0,0,0,0,0,0,0,0,0,0,0,0,0,0,0,0,0,0,0,0,0,0,0,0,0,0,
75,0,0,0,0,0,0,0,0,0,0,0,0,0,0,0,0,0,0,0,0,0,0,0,0,0,0,0,0,0,0,0,0,0,0,0,0,0,0,0,0,0,0,0,0,0,0,0,0,0,0,0,0,0,0,0,0,0,0,0,0,0,0,0,0,0,0,0,0,0,0,0,0,0,0,0,0,0,0,0,0,0,0,0,0,0,0,0,0,0,0,0,0,0,0,0,0,0,0,0,0,0,0,0,0,0,0,0,0,0,0,0,0,0,0,0,0,0,0,0,0,0,0,0,0,0,0,0,0,0,0,0,0,0,0,0,0,0,0,0,0,0,0,0,0,0,0,0,0,0,0,0,0,0,0,0,0,0,0,0,3,0,0,0,0,0,0,0,0,0,0,0,0,0,0,9,11,11,13,13,13,15,15,17,20,18,18,23,26,29,21,23,25,22,22,25,27,25,25,24,25,25,29,29,27,33,35,43,38,38,35,45,44,50,51,52,52,49,43,43,45,46,46,46,43,44,42,42,45,46,39,40,40,40,38,39,36,40,35,39,36,35,35,32,36,35,35,35,31,34,32,32,32,35,35,32,34,34,34,33,32,30,29,28,29,30,29,28,30,29,30,29,28,28,26,26,27,26,26,25,25,24,24,24,24,25,24,24,24,25,22,26,21,21,22,23,26,25,23,18,16,15,13,10,10,8,8,-3,-3,0,0,0,0,0,0,0,0,0,0,0,0,0,0,0,0,0,0,0,0,0,0,0,0,0,0,0,0,0,0,0,0,0,0,0,0,0,0,0,0,0,0,0,0,0,0,0,0,0,0,0,0,0,0,0,0,0,0,0,0,0,0,0,0,0,0,0,0,0,0,0,0,0,0,0,0,0,0,0,0,0,0,0,0,0,0,0,0,0,0,0,0,0,0,0,0,0,0,0,0,0,0,0,0,0,0,0,0,0,0,0,0,0,0,0,
76,0,0,0,0,0,0,0,0,0,0,0,0,0,0,0,0,0,0,0,0,0,0,0,0,0,0,0,0,0,0,0,0,0,0,0,0,0,0,0,0,0,0,0,0,0,0,0,0,0,0,0,0,0,0,0,0,0,0,0,0,0,0,0,0,0,0,0,0,0,0,0,0,0,0,0,0,0,0,0,0,0,0,0,0,0,0,0,0,0,0,0,0,0,0,0,0,0,0,0,0,0,0,0,0,0,0,0,0,0,0,0,0,0,0,0,0,0,0,0,0,0,0,0,0,0,0,0,0,0,0,0,0,0,0,0,0,0,0,0,0,0,0,0,0,0,0,0,0,0,0,0,0,0,0,0,0,0,0,0,-32,-26,-23,0,3,0,0,0,0,0,0,0,0,6,10,11,12,12,11,12,13,14,15,17,21,22,23,26,27,29,25,30,23,22,24,26,26,27,27,28,29,27,26,28,29,31,30,39,38,40,47,48,49,50,50,49,49,47,45,44,45,45,43,43,45,47,42,43,41,44,44,38,39,43,41,42,39,37,42,39,35,36,38,38,34,36,37,39,32,34,32,32,33,32,31,31,33,33,31,31,32,32,31,31,31,31,30,30,29,30,27,26,27,26,26,26,28,27,27,26,26,25,24,24,23,22,22,20,20,22,22,19,18,18,18,17,17,15,16,17,13,22,22,14,8,0,-4,0,0,0,0,0,0,0,0,0,0,0,0,0,0,0,0,0,0,0,0,0,0,0,0,0,0,0,0,0,0,0,0,0,0,0,0,0,0,0,0,0,0,0,0,0,0,0,0,0,0,0,0,0,0,0,0,0,0,0,0,0,0,0,0,0,0,0,0,0,0,0,0,0,0,0,0,0,0,0,0,0,0,0,0,0,0,0,0,0,0,0,0,0,0,0,0,0,0,0,0,0,0,0,0,0,0,0,0,0,0,0,0,0,0,0,0,0,
77,0,0,0,0,0,0,0,0,0,0,0,0,0,0,0,0,0,0,0,0,0,0,0,0,0,0,0,0,0,0,0,0,0,0,0,0,0,0,0,0,0,0,0,0,0,0,0,0,0,0,0,0,0,0,0,0,0,0,0,0,0,0,0,0,0,0,0,0,0,0,0,0,0,0,0,0,0,0,0,0,0,0,0,0,0,0,0,0,0,0,0,0,0,0,0,0,0,0,0,0,0,0,0,0,0,0,0,0,0,0,0,0,0,0,0,0,0,0,0,0,0,0,0,0,0,0,0,0,0,0,0,0,0,0,0,0,0,0,0,0,0,0,0,0,0,0,0,0,0,0,0,0,0,0,0,0,0,0,0,0,-27,-30,-22,-13,4,0,0,0,0,0,4,4,7,10,11,12,11,11,14,14,14,14,19,23,23,24,25,27,26,25,32,23,24,27,27,27,27,27,29,25,26,29,28,29,30,34,38,39,40,49,49,47,47,48,51,44,48,46,47,44,43,44,43,46,41,43,40,45,42,40,40,43,45,42,43,42,35,38,39,35,36,34,33,37,32,36,32,33,35,33,33,33,33,32,31,32,29,33,32,32,32,31,31,31,31,28,29,26,27,27,27,28,27,26,26,26,26,29,25,25,25,23,23,22,22,21,22,23,21,21,20,21,20,19,14,14,15,16,13,0,-5,18,18,15,0,0,0,0,0,0,0,0,0,0,0,0,0,0,0,0,0,0,0,0,0,0,0,0,0,0,0,0,0,0,0,0,0,0,0,0,0,0,0,0,0,0,0,0,0,0,0,0,0,0,0,0,0,0,0,0,0,0,0,0,0,0,0,0,0,0,0,0,0,0,0,0,0,0,0,0,0,0,0,0,0,0,0,0,0,0,0,0,0,0,0,0,0,0,0,0,0,0,0,0,0,0,0,0,0,0,0,0,0,0,0,0,0,0,0,0,0,0,0,
78,0,0,0,0,0,0,0,0,0,0,0,0,0,0,0,0,0,0,0,0,0,0,0,0,0,0,0,0,0,0,0,0,0,0,0,0,0,0,0,0,0,0,0,0,0,0,0,0,0,0,0,0,0,0,0,0,0,0,0,0,0,0,0,0,0,0,0,0,0,0,0,0,0,0,0,0,0,0,0,0,0,0,0,0,0,0,0,0,0,0,0,0,0,0,0,0,0,0,0,0,0,0,0,0,0,0,0,0,0,0,0,0,0,0,0,0,0,0,0,0,0,0,0,0,0,0,0,0,0,0,0,0,0,0,0,0,0,0,0,0,0,0,0,0,0,0,0,0,0,0,0,0,0,0,0,0,0,0,0,0,-4,0,0,0,0,13,0,0,2,3,6,6,9,11,12,13,13,15,15,15,14,20,21,22,23,25,27,29,27,29,31,30,28,34,29,27,27,28,30,31,33,30,29,30,33,37,39,38,42,49,53,51,49,49,48,48,47,45,45,45,45,45,44,42,42,42,40,41,44,42,40,41,41,43,37,38,41,39,38,33,34,35,34,34,33,33,34,34,33,32,29,29,33,33,30,29,31,31,32,31,30,30,30,30,28,28,28,28,30,28,27,27,27,25,25,25,25,25,24,24,23,25,24,23,23,22,21,20,19,19,18,18,16,13,15,15,14,11,5,-4,-7,0,0,0,0,0,0,0,0,0,0,0,0,0,0,0,0,0,0,0,0,0,0,0,0,0,0,0,0,0,0,0,0,0,0,0,0,0,0,0,0,0,0,0,0,0,0,0,0,0,0,0,0,0,0,0,0,0,0,0,0,0,0,0,0,0,0,0,0,0,0,0,0,0,0,0,0,0,0,0,0,0,0,0,0,0,0,0,0,0,0,0,0,0,0,0,0,0,0,0,0,0,0,0,0,0,0,0,0,0,0,0,0,0,0,0,0,0,0,0,0,0,0,
79,0,0,0,0,0,0,0,0,0,0,0,0,0,0,0,0,0,0,0,0,0,0,0,0,0,0,0,0,0,0,0,0,0,0,0,0,0,0,0,0,0,0,0,0,0,0,0,0,0,0,0,0,0,0,0,0,0,0,0,0,0,0,0,0,0,0,0,0,0,0,0,0,0,0,0,0,0,0,0,0,0,0,0,0,0,0,0,0,0,0,0,0,0,0,0,0,0,0,0,0,0,0,0,0,0,0,0,0,0,0,0,0,0,0,0,0,0,0,0,0,0,0,0,0,0,0,0,0,0,0,0,0,0,0,0,0,0,0,0,0,0,0,0,0,0,0,0,0,0,0,0,0,0,0,0,0,0,0,0,0,0,0,0,-13,-7,1,12,11,14,13,14,14,14,14,14,12,13,14,14,13,17,21,21,23,24,26,29,30,27,42,45,30,42,33,24,24,25,26,28,29,31,31,29,30,32,35,41,39,47,49,50,47,45,46,46,49,46,46,46,44,45,45,41,41,44,40,40,41,40,41,41,38,39,39,38,38,38,36,33,32,32,33,33,33,35,36,36,34,34,31,29,31,30,29,32,32,31,30,31,31,29,26,28,28,28,28,29,30,28,26,25,25,24,24,25,24,25,23,24,23,23,23,23,22,21,20,19,18,19,18,17,16,16,14,13,13,11,9,0,-8,-5,0,0,0,0,0,0,0,0,0,0,0,0,0,0,0,0,0,0,0,0,0,0,0,0,0,0,0,0,0,0,0,0,0,0,0,0,0,0,0,0,0,0,0,0,0,0,0,0,0,0,0,0,0,0,0,0,0,0,0,0,0,0,0,0,0,0,0,0,0,0,0,0,0,0,0,0,0,0,0,0,0,0,0,0,0,0,0,0,0,0,0,0,0,0,0,0,0,0,0,0,0,0,0,0,0,0,0,0,0,0,0,0,0,0,0,0,0,0,0,0,0,0,
80,0,0,0,0,0,0,0,0,0,0,0,0,0,0,0,0,0,0,0,0,0,0,0,0,0,0,0,0,0,0,0,0,0,0,0,0,0,0,0,0,0,0,0,0,0,0,0,0,0,0,0,0,0,0,0,0,0,0,0,0,0,0,0,0,0,0,0,0,0,0,0,0,0,0,0,0,0,0,0,0,0,0,0,0,0,0,0,0,0,0,0,0,0,0,0,0,0,0,0,0,0,0,0,0,0,0,0,0,0,0,0,0,0,0,0,0,0,0,0,0,0,0,0,0,0,0,0,0,0,0,0,0,0,0,0,0,0,0,0,0,0,0,0,0,0,0,0,0,0,0,0,0,0,0,0,0,0,0,0,0,0,0,-11,0,0,2,6,11,8,6,10,10,11,11,11,11,11,11,13,14,18,20,21,24,23,25,28,29,26,44,37,26,42,30,23,24,25,26,26,30,30,28,28,29,35,35,40,46,49,50,49,46,47,46,48,48,48,46,44,46,45,43,42,41,41,41,40,41,40,38,39,38,39,39,40,37,38,34,35,32,32,33,33,35,35,35,35,33,30,29,29,31,28,31,32,31,29,29,29,28,26,26,28,26,28,29,29,27,27,26,25,25,26,24,24,24,23,26,24,24,23,22,22,21,21,20,20,20,19,19,17,15,14,12,12,11,9,6,0,0,0,0,0,0,0,0,0,0,0,0,0,0,0,0,0,0,0,0,0,0,0,0,0,0,0,0,0,0,0,0,0,0,0,0,0,0,0,0,0,0,0,0,0,0,0,0,0,0,0,0,0,0,0,0,0,0,0,0,0,0,0,0,0,0,0,0,0,0,0,0,0,0,0,0,0,0,0,0,0,0,0,0,0,0,0,0,0,0,0,0,0,0,0,0,0,0,0,0,0,0,0,0,0,0,0,0,0,0,0,0,0,0,0,0,0,0,0,0,0,0,0,0,0,
81,0,0,0,0,0,0,0,0,0,0,0,0,0,0,0,0,0,0,0,0,0,0,0,0,0,0,0,0,0,0,0,0,0,0,0,0,0,0,0,0,0,0,0,0,0,0,0,0,0,0,0,0,0,0,0,0,0,0,0,0,0,0,0,0,0,0,0,0,0,0,0,0,0,0,0,0,0,0,0,0,0,0,0,0,0,0,0,0,0,0,0,0,0,0,0,0,0,0,0,0,0,0,0,0,0,0,0,0,0,0,0,0,0,0,0,0,0,0,0,0,0,0,0,0,0,0,0,0,0,0,0,0,0,0,0,0,0,0,0,0,0,0,0,0,0,0,0,0,0,0,0,0,0,0,0,0,0,0,0,0,0,0,0,0,1,2,4,4,6,6,8,9,10,9,9,10,11,13,14,15,18,20,20,23,24,24,27,27,25,41,37,41,39,27,22,23,27,26,27,29,30,28,27,31,32,33,42,50,49,47,46,45,45,45,48,49,44,44,43,42,43,44,41,42,45,40,39,41,39,37,39,37,38,38,37,35,36,34,35,31,31,33,34,34,33,33,33,34,26,29,30,31,27,27,29,27,27,28,29,25,25,24,27,26,26,27,27,26,25,25,26,26,23,25,26,28,28,23,22,22,22,22,22,22,21,18,19,19,14,13,12,11,11,10,9,7,5,3,1,1,0,-5,0,0,0,0,0,0,0,0,0,0,0,0,0,0,0,0,0,0,0,0,0,0,0,0,0,0,0,0,0,0,0,0,0,0,0,0,0,0,0,0,0,0,0,0,0,0,0,0,0,0,0,0,0,0,0,0,0,0,0,0,0,0,0,0,0,0,0,0,0,0,0,0,0,0,0,0,0,0,0,0,0,0,0,0,0,0,0,0,0,0,0,0,0,0,0,0,0,0,0,0,0,0,0,0,0,0,0,0,0,0,0,0,0,0,0,0,0,0,0,0,0,
82,0,0,0,0,0,0,0,0,0,0,0,0,0,0,0,0,0,0,0,0,0,0,0,0,0,0,0,0,0,0,0,0,0,0,0,0,0,0,0,0,0,0,0,0,0,0,0,0,0,0,0,0,0,0,0,0,0,0,0,0,0,0,0,0,0,0,0,0,0,0,0,0,0,0,0,0,0,0,0,0,0,0,0,0,0,0,0,0,0,0,0,0,0,0,0,0,0,0,0,0,0,0,0,0,0,0,0,0,0,0,0,0,0,0,0,0,0,0,0,0,0,0,0,0,0,0,0,0,0,0,0,0,0,0,0,0,0,0,0,0,0,0,0,0,0,0,0,0,0,0,0,0,0,0,0,0,0,0,0,0,0,0,0,0,0,2,3,3,4,5,7,8,9,10,10,11,12,14,14,17,20,20,19,23,23,21,27,27,32,45,41,43,43,24,23,25,27,26,26,29,29,28,28,33,32,35,50,49,48,47,44,45,44,44,47,46,42,43,43,42,43,43,40,43,41,40,41,40,38,37,39,39,38,36,36,35,34,36,33,31,32,33,34,33,31,30,31,31,30,30,30,30,28,28,28,26,27,27,26,26,24,27,28,28,27,26,26,24,24,24,24,24,25,27,27,25,24,22,22,22,23,22,22,19,16,16,14,14,13,13,12,11,10,8,7,5,3,2,1,1,0,-7,0,0,0,0,0,0,0,0,0,0,0,0,0,0,0,0,0,0,0,0,0,0,0,0,0,0,0,0,0,0,0,0,0,0,0,0,0,0,0,0,0,0,0,0,0,0,0,0,0,0,0,0,0,0,0,0,0,0,0,0,0,0,0,0,0,0,0,0,0,0,0,0,0,0,0,0,0,0,0,0,0,0,0,0,0,0,0,0,0,0,0,0,0,0,0,0,0,0,0,0,0,0,0,0,0,0,0,0,0,0,0,0,0,0,0,0,0,0,0,0,0,
83,0,0,0,0,0,0,0,0,0,0,0,0,0,0,0,0,0,0,0,0,0,0,0,0,0,0,0,0,0,0,0,0,0,0,0,0,0,0,0,0,0,0,0,0,0,0,0,0,0,0,0,0,0,0,0,0,0,0,0,0,0,0,0,0,0,0,0,0,0,0,0,0,0,0,0,0,0,0,0,0,0,0,0,0,0,0,0,0,0,0,0,0,0,0,0,0,0,0,0,0,0,0,0,0,0,0,0,0,0,0,0,0,0,0,0,0,0,0,0,0,0,0,0,0,0,0,0,0,0,0,0,0,0,0,0,0,0,0,0,0,0,0,0,0,0,0,0,0,0,0,0,0,0,0,0,0,0,0,0,0,0,0,0,0,0,3,4,5,6,6,6,7,9,11,12,13,14,15,17,19,18,19,19,20,22,25,29,30,38,47,42,39,32,23,25,26,26,26,27,27,29,24,30,32,36,49,50,48,46,45,45,45,45,44,42,43,43,43,44,43,41,42,41,41,41,39,38,38,38,37,36,36,37,35,35,37,35,35,34,31,30,31,31,29,31,32,31,31,28,29,27,28,29,28,29,28,28,25,25,25,27,27,27,27,27,26,23,23,24,24,23,22,23,26,27,24,23,22,21,21,17,14,13,18,18,17,15,14,12,11,10,8,7,5,3,3,2,2,2,2,2,0,0,0,0,0,0,0,0,0,0,0,0,0,0,0,0,0,0,0,0,0,0,0,0,0,0,0,0,0,0,0,0,0,0,0,0,0,0,0,0,0,0,0,0,0,0,0,0,0,0,0,0,0,0,0,0,0,0,0,0,0,0,0,0,0,0,0,0,0,0,0,0,0,0,0,0,0,0,0,0,0,0,0,0,0,0,0,0,0,0,0,0,0,0,0,0,0,0,0,0,0,0,0,0,0,0,0,0,0,0,0,0,0,0,0,0,0,0,0,0,0,0,
84,0,0,0,0,0,0,0,0,0,0,0,0,0,0,0,0,0,0,0,0,0,0,0,0,0,0,0,0,0,0,0,0,0,0,0,0,0,0,0,0,0,0,0,0,0,0,0,0,0,0,0,0,0,0,0,0,0,0,0,0,0,0,0,0,0,0,0,0,0,0,0,0,0,0,0,0,0,0,0,0,0,0,0,0,0,0,0,0,0,0,0,0,0,0,0,0,0,0,0,0,0,0,0,0,0,0,0,0,0,0,0,0,0,0,0,0,0,0,0,0,0,0,0,0,0,0,0,0,0,0,0,0,0,0,0,0,0,0,0,0,0,0,0,0,0,0,0,0,0,0,0,0,0,0,0,0,0,0,0,0,0,0,0,0,4,7,7,8,9,10,10,10,12,15,16,18,16,17,17,17,17,18,19,19,21,29,29,29,38,44,33,36,28,24,26,26,25,28,25,24,26,26,33,34,50,51,47,44,47,47,47,44,41,41,43,47,43,42,42,44,40,40,39,38,38,38,37,39,37,37,36,34,35,35,36,36,35,35,33,28,28,30,34,33,33,32,29,29,29,30,30,28,29,26,25,25,22,25,26,32,29,27,24,21,21,25,25,24,24,26,26,26,25,25,25,22,21,19,18,17,16,21,21,18,18,15,12,11,9,8,6,5,4,3,0,0,-4,0,0,0,0,0,0,0,0,0,0,0,0,0,0,0,0,0,0,0,0,0,0,0,0,0,0,0,0,0,0,0,0,0,0,0,0,0,0,0,0,0,0,0,0,0,0,0,0,0,0,0,0,0,0,0,0,0,0,0,0,0,0,0,0,0,0,0,0,0,0,0,0,0,0,0,0,0,0,0,0,0,0,0,0,0,0,0,0,0,0,0,0,0,0,0,0,0,0,0,0,0,0,0,0,0,0,0,0,0,0,0,0,0,0,0,0,0,0,0,0,0,0,0,0,0,0,
85,0,0,0,0,0,0,0,0,0,0,0,0,0,0,0,0,0,0,0,0,0,0,0,0,0,0,0,0,0,0,0,0,0,0,0,0,0,0,0,0,0,0,0,0,0,0,0,0,0,0,0,0,0,0,0,0,0,0,0,0,0,0,0,0,0,0,0,0,0,0,0,0,0,0,0,0,0,0,0,0,0,0,0,0,0,0,0,0,0,0,0,0,0,0,0,0,0,0,0,0,0,0,0,0,0,0,0,0,0,0,0,0,0,0,0,0,0,0,0,0,0,0,0,0,0,0,0,0,0,0,0,0,0,0,0,0,0,0,0,0,0,0,0,0,0,0,0,0,-2,0,0,0,0,0,0,0,0,0,0,0,0,0,1,0,6,8,8,9,10,10,9,10,14,19,20,20,19,18,17,17,17,18,16,18,22,30,28,28,39,33,29,40,33,26,26,26,27,27,24,24,26,28,34,38,50,49,46,47,48,49,44,42,40,42,42,43,42,45,43,44,42,41,38,38,38,37,38,40,38,36,35,34,36,35,37,34,33,32,30,27,29,33,34,32,33,31,31,29,28,30,27,27,24,25,26,25,28,33,33,32,21,22,21,23,27,23,24,27,26,27,26,25,24,25,24,22,23,24,23,23,22,21,18,16,14,11,9,8,7,5,4,0,0,-2,0,0,0,0,0,0,0,0,0,0,0,0,0,0,0,0,0,0,0,0,0,0,0,0,0,0,0,0,0,0,0,0,0,0,0,0,0,0,0,0,0,0,0,0,0,0,0,0,0,0,0,0,0,0,0,0,0,0,0,0,0,0,0,0,0,0,0,0,0,0,0,0,0,0,0,0,0,0,0,0,0,0,0,0,0,0,0,0,0,0,0,0,0,0,0,0,0,0,0,0,0,0,0,0,0,0,0,0,0,0,0,0,0,0,0,0,0,0,0,0,0,0,0,0,0,0,0,0,0,
86,0,0,0,0,0,0,0,0,0,0,0,0,0,0,0,0,0,0,0,0,0,0,0,0,0,0,0,0,0,0,0,0,0,0,0,0,0,0,0,0,0,0,0,0,0,0,0,0,0,0,0,0,0,0,0,0,0,0,0,0,0,0,0,0,0,0,0,0,0,0,0,0,0,0,0,0,0,0,0,0,0,0,0,0,0,0,0,0,0,0,0,0,0,0,0,0,0,0,0,0,0,0,0,0,0,0,0,0,0,0,0,0,0,0,0,0,0,0,0,0,0,0,0,0,0,0,0,0,0,0,0,0,0,0,0,0,0,0,0,0,0,0,0,0,0,0,-2,-4,-16,-12,-10,0,0,0,0,0,0,0,0,1,4,6,7,8,10,9,9,7,4,6,9,11,19,20,19,20,19,18,17,16,15,14,15,20,24,26,28,32,34,30,33,38,25,27,27,27,33,31,24,25,26,33,41,49,47,48,49,50,48,41,45,44,42,42,42,44,45,43,40,40,42,39,39,38,38,38,37,37,35,33,34,33,33,33,35,33,33,31,30,30,31,30,32,31,30,30,30,30,30,29,29,27,26,30,34,34,21,21,22,22,30,29,27,25,24,28,28,28,27,25,23,26,26,24,20,21,22,23,22,19,18,14,12,8,7,5,3,3,2,2,2,0,-7,0,0,0,0,0,0,0,-2,0,0,0,0,0,0,0,0,0,0,0,0,0,0,0,0,0,0,0,0,0,0,0,0,0,0,0,0,0,0,0,0,0,0,0,0,0,0,0,0,0,0,0,0,0,0,0,0,0,0,0,0,0,0,0,0,0,0,0,0,0,0,0,0,0,0,0,0,0,0,0,0,0,0,0,0,0,0,0,0,0,0,0,0,0,0,0,0,0,0,0,0,0,0,0,0,0,0,0,0,0,0,0,0,0,0,0,0,0,0,0,0,0,0,0,0,0,0,0,0,0,0,
87,0,0,0,0,0,0,0,0,0,0,0,0,0,0,0,0,0,0,0,0,0,0,0,0,0,0,0,0,0,0,0,0,0,0,0,0,0,0,0,0,0,0,0,0,0,0,0,0,0,0,0,0,0,0,0,0,0,0,0,0,0,0,0,0,0,0,0,0,0,0,0,0,0,0,0,0,0,0,0,0,0,0,0,0,0,0,0,0,0,0,0,0,0,0,0,0,0,0,0,0,0,0,0,0,0,0,0,0,0,0,0,0,0,0,0,0,0,0,0,0,0,0,0,0,0,0,0,0,0,0,0,0,0,0,0,0,0,0,0,0,0,0,0,-2,0,-3,1,1,0,1,1,2,0,1,2,0,2,1,5,8,8,9,10,10,8,1,1,3,6,11,19,20,21,19,16,15,15,16,8,7,9,12,16,24,24,26,31,29,26,34,39,36,29,34,34,33,31,28,21,24,27,34,41,47,52,50,49,47,45,45,49,48,41,41,41,43,42,40,40,39,40,38,38,39,39,35,36,35,34,32,32,32,31,34,34,31,33,30,30,28,27,29,28,29,30,29,30,31,32,32,32,31,25,25,26,23,29,27,28,28,25,25,25,26,27,27,26,24,23,29,27,22,17,22,22,21,21,16,15,11,9,7,7,5,4,3,3,2,2,2,2,0,0,0,0,0,0,0,0,0,0,0,0,0,0,0,0,0,0,0,0,0,0,0,0,0,0,0,0,0,0,0,0,0,0,0,0,0,0,0,0,0,0,0,0,0,0,0,0,0,0,0,0,0,0,0,0,0,0,0,0,0,0,0,0,0,0,0,0,0,0,0,0,0,0,0,0,0,0,0,0,0,0,0,0,0,0,0,0,0,0,0,0,0,0,0,0,0,0,0,0,0,0,0,0,0,0,0,0,0,0,0,0,0,0,0,0,0,0,0,0,0,0,0,0,0,0,0,0,0,0,0,0,
88,0,0,0,0,0,0,0,0,0,0,0,0,0,0,0,0,0,0,0,0,0,0,0,0,0,0,0,0,0,0,0,0,0,0,0,0,0,0,0,0,0,0,0,0,0,0,0,0,0,0,0,0,0,0,0,0,0,0,0,0,0,0,0,0,0,0,0,0,0,0,0,0,0,0,0,0,0,0,0,0,0,0,0,0,0,0,0,0,0,0,0,0,0,0,0,0,0,0,0,0,0,0,0,0,0,0,0,0,0,0,0,0,0,0,0,0,0,0,0,0,0,0,0,0,0,0,0,0,0,0,0,0,0,0,0,0,0,0,0,0,0,-15,-17,-4,0,0,3,2,3,3,3,3,3,3,5,4,4,6,5,8,10,11,11,7,5,2,5,12,15,18,22,23,21,8,14,14,15,12,6,6,8,11,18,23,24,25,31,28,31,36,38,34,31,32,33,36,32,31,25,26,31,33,43,51,55,52,48,47,47,46,48,44,43,41,41,40,38,38,42,39,39,38,38,36,36,36,34,35,33,32,32,32,32,34,34,32,31,31,30,27,27,27,30,32,28,28,31,32,33,32,30,25,22,28,32,31,27,23,27,25,26,25,24,26,27,24,24,23,24,29,19,19,23,22,21,20,16,12,11,9,7,6,6,5,5,4,3,3,0,3,0,0,0,0,0,0,0,0,0,0,0,0,0,0,0,0,0,0,0,0,0,0,0,0,0,0,0,0,0,0,0,0,0,0,0,0,0,0,0,0,0,0,0,0,0,0,0,0,0,0,0,0,0,0,0,0,0,0,0,0,0,0,0,0,0,0,0,0,0,0,0,0,0,0,0,0,0,0,0,0,0,0,0,0,0,0,0,0,0,0,0,0,0,0,0,0,0,0,0,0,0,0,0,0,0,0,0,0,0,0,0,0,0,0,0,0,0,0,0,0,0,0,0,0,0,0,0,0,0,0,0,0,0,
89,0,0,0,0,0,0,0,0,0,0,0,0,0,0,0,0,0,0,0,0,0,0,0,0,0,0,0,0,0,0,0,0,0,0,0,0,0,0,0,0,0,0,0,0,0,0,0,0,0,0,0,0,0,0,0,0,0,0,0,0,0,0,0,0,0,0,0,0,0,0,0,0,0,0,0,0,0,0,0,0,0,0,0,0,0,0,0,0,0,0,0,0,0,0,0,0,0,0,0,0,0,0,0,0,0,0,0,0,0,0,0,0,0,0,0,0,0,0,0,0,0,0,0,0,0,0,0,0,0,0,0,0,0,0,0,0,0,-2,0,0,0,0,4,5,0,-6,0,0,0,1,1,4,6,5,6,6,7,9,12,12,8,5,5,8,12,14,15,18,20,19,20,20,18,14,17,15,11,4,6,9,13,17,18,19,20,23,32,28,31,37,38,36,34,32,37,38,23,23,28,34,34,31,53,54,51,48,49,43,42,49,45,44,42,42,37,36,39,38,39,39,38,38,37,36,37,34,34,34,31,31,30,32,37,33,34,32,31,31,30,25,26,27,29,32,31,31,35,31,30,25,24,30,32,31,23,24,24,23,29,29,25,22,20,21,23,23,30,32,26,21,22,23,23,17,15,10,7,7,6,5,4,3,3,0,0,0,0,0,0,0,0,0,0,0,0,0,0,0,0,0,0,0,0,0,0,0,0,0,0,0,0,0,0,0,0,0,0,0,0,0,0,0,0,0,0,0,0,0,0,0,0,0,0,0,0,0,0,0,0,0,0,0,0,0,0,0,0,0,0,0,0,0,0,0,0,0,0,0,0,0,0,0,0,0,0,0,0,0,0,0,0,0,0,0,0,0,0,0,0,0,0,0,0,0,0,0,0,0,0,0,0,0,0,0,0,0,0,0,0,0,0,0,0,0,0,0,0,0,0,0,0,0,0,0,0,0,0,0,0,0,0,0,0,
90,0,0,0,0,0,0,0,0,0,0,0,0,0,0,0,0,0,0,0,0,0,0,0,0,0,0,0,0,0,0,0,0,0,0,0,0,0,0,0,0,0,0,0,0,0,0,0,0,0,0,0,0,0,0,0,0,0,0,0,0,0,0,0,0,0,0,0,0,0,0,0,0,0,0,0,0,0,0,0,0,0,0,0,0,0,0,0,0,0,0,0,0,0,0,0,0,0,0,0,0,0,0,0,0,0,0,0,0,0,0,0,0,0,0,0,0,0,0,0,0,0,0,0,0,0,0,0,0,0,0,0,0,0,0,0,0,-2,0,0,0,-2,3,-6,3,0,0,0,0,0,0,1,2,4,5,5,6,8,9,10,7,6,7,13,13,11,19,19,20,19,17,19,14,11,16,18,12,7,3,10,14,17,18,18,18,18,20,22,29,33,36,36,35,35,34,36,39,30,32,35,33,37,42,53,55,50,49,48,44,44,51,45,45,45,36,36,37,37,39,38,38,38,36,35,35,34,34,33,33,32,31,28,31,35,34,32,32,30,32,29,28,26,30,32,33,32,30,31,29,27,30,31,31,20,19,25,25,27,29,29,23,21,22,20,19,22,29,30,23,22,22,24,24,18,15,11,7,5,6,5,4,2,3,3,-13,-13,0,0,0,0,0,0,0,0,0,0,0,0,0,0,0,0,0,0,0,0,0,0,0,0,0,0,0,0,0,0,0,0,0,0,0,0,0,0,0,0,0,0,0,0,0,0,0,0,0,0,0,0,0,0,0,0,0,0,0,0,0,0,0,0,0,0,0,0,0,0,0,0,0,0,0,0,0,0,0,0,0,0,0,0,0,0,0,0,0,0,0,0,0,0,0,0,0,0,0,0,0,0,0,0,0,0,0,0,0,0,0,0,0,0,0,0,0,0,0,0,0,0,0,0,0,0,0,0,0,0,0,0,0,0,0,0,0,0,
91,0,0,0,0,0,0,0,0,0,0,0,0,0,0,0,0,0,0,0,0,0,0,0,0,0,0,0,0,0,0,0,0,0,0,0,0,0,0,0,0,0,0,0,0,0,0,0,0,0,0,0,0,0,0,0,0,0,0,0,0,0,0,0,0,0,0,0,0,0,0,0,0,0,0,0,0,0,0,0,0,0,0,0,0,0,0,0,0,0,0,0,0,0,0,0,0,0,0,0,0,0,0,0,0,0,0,0,0,0,0,0,0,0,0,0,0,0,0,0,0,0,0,0,0,0,0,0,0,0,0,0,0,0,0,0,0,0,0,0,-6,-9,0,0,0,0,0,0,0,0,0,0,2,2,2,3,6,2,3,3,9,10,10,11,12,9,10,9,13,12,12,8,8,15,16,11,5,5,12,17,17,17,14,16,18,17,18,22,26,31,34,29,39,42,45,43,36,33,30,25,37,40,44,50,52,52,50,45,46,47,43,46,44,34,39,38,38,37,36,36,36,34,34,36,33,32,31,32,34,34,30,23,35,36,32,31,29,33,33,31,26,25,32,32,30,30,28,28,31,32,26,24,22,28,28,28,28,25,19,16,27,25,24,18,29,29,23,23,24,24,24,18,17,13,9,6,5,5,8,6,5,4,4,4,-6,0,0,0,0,0,0,0,0,0,0,0,0,0,0,0,0,0,0,0,0,0,0,0,0,0,0,0,0,0,0,0,0,0,0,0,0,0,0,0,0,0,0,0,0,0,0,0,0,0,0,0,0,0,0,0,0,0,0,0,0,0,0,0,0,0,0,0,0,0,0,0,0,0,0,0,0,0,0,0,0,0,0,0,0,0,0,0,0,0,0,0,0,0,0,0,0,0,0,0,0,0,0,0,0,0,0,0,0,0,0,0,0,0,0,0,0,0,0,0,0,0,0,0,0,0,0,0,0,0,0,0,0,0,0,0,0,0,0,0,
92,0,0,0,0,0,0,0,0,0,0,0,0,0,0,0,0,0,0,0,0,0,0,0,0,0,0,0,0,0,0,0,0,0,0,0,0,0,0,0,0,0,0,0,0,0,0,0,0,0,0,0,0,0,0,0,0,0,0,0,0,0,0,0,0,0,0,0,0,0,0,0,0,0,0,0,0,0,0,0,0,0,0,0,0,0,0,0,0,0,0,0,0,0,0,0,0,0,0,0,0,0,0,0,0,0,0,0,0,0,0,0,0,0,0,0,0,0,0,0,0,0,0,0,0,0,0,0,0,0,0,0,0,0,0,0,0,0,0,0,0,0,0,0,0,0,0,0,0,0,0,1,2,5,6,8,8,5,3,9,14,15,14,7,7,15,12,9,5,6,1,15,16,20,6,3,8,12,17,18,18,12,4,14,18,19,19,24,28,29,30,40,46,46,44,37,34,34,17,32,37,39,46,51,50,51,49,45,46,45,44,39,39,40,39,37,36,36,39,36,36,36,33,33,30,30,30,31,34,32,29,34,36,35,30,28,28,32,32,30,25,29,33,29,28,28,27,28,31,17,15,27,28,27,25,24,25,29,29,28,25,23,22,21,16,15,27,25,23,20,17,14,13,10,7,7,7,8,9,9,10,7,8,9,3,0,0,-3,0,0,0,0,0,0,0,0,0,0,0,0,0,0,0,0,0,0,0,0,0,0,0,0,0,0,0,0,0,0,0,0,0,0,0,0,0,0,0,0,0,0,0,0,0,0,0,0,0,0,0,0,0,0,0,0,0,0,0,0,0,0,0,0,0,0,0,0,0,0,0,0,0,0,0,0,0,0,0,0,0,0,0,0,0,0,0,0,0,0,0,0,0,0,0,0,0,0,0,0,0,0,0,0,0,0,0,0,0,0,0,0,0,0,0,0,0,0,0,0,0,0,0,0,0,0,0,0,0,0,0,0,0,0,0,0,
93,0,0,0,0,0,0,0,0,0,0,0,0,0,0,0,0,0,0,0,0,0,0,0,0,0,0,0,0,0,0,0,0,0,0,0,0,0,0,0,0,0,0,0,0,0,0,0,0,0,0,0,0,0,0,0,0,0,0,0,0,0,0,0,0,0,0,0,0,0,0,0,0,0,0,0,0,0,0,0,0,0,0,0,0,0,0,0,0,0,0,0,0,0,0,0,0,0,0,0,0,0,0,0,0,0,0,0,0,0,0,0,0,0,0,0,0,0,0,0,0,0,0,0,0,0,0,0,0,0,0,0,0,0,0,0,0,0,0,0,0,0,0,0,0,0,0,0,0,0,1,5,4,6,4,6,6,9,13,14,14,4,3,8,11,14,3,3,6,9,14,16,16,9,3,2,9,13,19,19,18,12,4,13,20,20,20,22,29,31,37,45,47,47,45,34,33,34,24,33,42,43,47,51,50,53,52,45,46,46,41,41,43,39,37,35,36,37,38,38,36,32,32,32,30,30,30,30,38,30,29,35,36,36,24,21,28,31,30,28,25,30,31,31,30,28,25,26,26,19,26,25,27,24,24,24,28,31,25,26,22,19,19,22,23,26,20,18,20,19,16,12,10,8,7,7,8,9,7,8,7,5,6,7,9,9,0,4,2,0,1,5,0,0,0,0,0,0,0,0,0,0,0,0,0,0,0,0,0,0,0,0,0,0,0,0,0,0,0,0,0,0,0,0,0,0,0,0,0,0,0,0,0,0,0,0,0,0,0,0,0,0,0,0,0,0,0,0,0,0,0,0,0,0,0,0,0,0,0,0,0,0,0,0,0,0,0,0,0,0,0,0,0,0,0,0,0,0,0,0,0,0,0,0,0,0,0,0,0,0,0,0,0,0,0,0,0,0,0,0,0,0,0,0,0,0,0,0,0,0,0,0,0,0,0,0,0,0,0,0,0,0,0,0,
94,0,0,0,0,0,0,0,0,0,0,0,0,0,0,0,0,0,0,0,0,0,0,0,0,0,0,0,0,0,0,0,0,0,0,0,0,0,0,0,0,0,0,0,0,0,0,0,0,0,0,0,0,0,0,0,0,0,0,0,0,0,0,0,0,0,0,0,0,0,0,0,0,0,0,0,0,0,0,0,0,0,0,0,0,0,0,0,0,0,0,0,0,0,0,0,0,0,0,0,0,0,0,0,0,0,0,0,0,0,0,0,0,0,0,0,0,0,0,0,0,0,0,0,0,0,0,0,0,0,0,0,0,0,0,0,0,0,0,0,0,0,0,0,0,0,0,0,0,5,6,1,0,1,1,7,6,13,17,11,8,5,12,14,13,4,1,2,5,10,12,7,5,4,4,7,18,21,21,16,11,7,15,19,21,21,21,28,35,42,47,46,44,45,34,33,38,23,25,42,42,45,48,51,52,48,47,45,43,41,41,40,39,37,36,41,39,39,32,34,30,31,31,31,30,30,30,36,37,21,31,35,34,34,18,17,30,30,30,27,24,31,31,30,26,23,19,20,22,28,27,27,29,29,30,28,29,22,22,22,21,21,21,24,22,20,15,17,18,17,12,10,10,9,9,9,7,6,5,5,5,7,8,5,0,1,-2,5,6,0,10,10,11,14,4,0,0,0,0,0,0,0,0,0,0,0,0,0,0,0,0,0,0,0,0,0,0,0,0,0,0,0,0,0,0,0,0,0,0,0,0,0,0,0,0,0,0,0,0,0,0,0,0,0,0,0,0,0,0,0,0,0,0,0,0,0,0,0,0,0,0,0,0,0,0,0,0,0,0,0,0,0,0,0,0,0,0,0,0,0,0,0,0,0,0,0,0,0,0,0,0,0,0,0,0,0,0,0,0,0,0,0,0,0,0,0,0,0,0,0,0,0,0,0,0,0,0,0,0,0,0,0,0,0,
95,0,0,0,0,0,0,0,0,0,0,0,0,0,0,0,0,0,0,0,0,0,0,0,0,0,0,0,0,0,0,0,0,0,0,0,0,0,0,0,0,0,0,0,0,0,0,0,0,0,0,0,0,0,0,0,0,0,0,0,0,0,0,0,0,0,0,0,0,0,0,0,0,0,0,0,0,0,0,0,0,0,0,0,0,0,0,0,0,0,0,0,0,0,0,0,0,0,0,0,0,0,0,0,0,0,0,0,0,0,0,0,0,0,0,0,0,0,0,0,0,0,0,0,0,0,0,0,0,0,0,0,0,0,0,0,0,0,0,0,0,0,0,0,0,0,0,0,0,1,1,0,0,1,3,6,6,12,9,5,8,15,13,14,9,2,1,2,4,5,5,3,3,4,9,11,20,21,20,13,10,7,18,19,22,22,24,35,38,45,47,47,43,41,33,37,44,23,29,41,45,45,48,55,56,50,48,46,40,41,44,38,38,37,37,40,38,38,29,30,31,31,31,32,31,32,34,36,32,26,29,34,35,35,24,18,32,32,30,25,33,33,31,28,23,17,17,23,31,28,30,30,30,26,26,22,25,19,22,23,22,22,22,21,21,20,21,21,13,11,10,10,10,9,9,9,8,8,7,6,6,9,9,8,0,3,4,6,12,0,11,11,11,11,14,12,11,1,-3,-2,3,0,0,0,0,0,0,0,0,-2,0,0,0,0,0,0,0,0,0,0,0,0,0,0,0,0,0,0,0,0,0,0,0,0,0,0,0,0,0,0,0,0,0,0,0,0,0,0,0,0,0,0,0,0,0,0,0,0,0,0,0,0,0,0,0,0,0,0,0,0,0,0,0,0,0,0,0,0,0,0,0,0,0,0,0,0,0,0,0,0,0,0,0,0,0,0,0,0,0,0,0,0,0,0,0,0,0,0,0,0,0,0,0,0,0,0,0,0,0,0,0,0,0,0,
96,0,0,0,0,0,0,0,0,0,0,0,0,0,0,0,0,0,0,0,0,0,0,0,0,0,0,0,0,0,0,0,0,0,0,0,0,0,0,0,0,0,0,0,0,0,0,0,0,0,0,0,0,0,0,0,0,0,0,0,0,0,0,0,0,0,0,0,0,0,0,0,0,0,0,0,0,0,0,0,0,0,0,0,0,0,0,0,0,0,0,0,0,0,0,0,0,0,0,0,0,0,0,0,0,0,0,0,0,0,0,0,0,0,0,0,0,0,0,0,0,0,0,0,0,0,0,0,0,0,0,0,0,0,0,0,0,0,0,0,0,0,0,0,0,0,0,0,-2,0,0,0,0,2,3,5,6,6,6,4,13,14,12,5,4,2,3,3,4,5,5,6,6,13,18,20,18,17,13,11,9,14,22,23,24,29,38,35,43,45,40,40,39,36,33,44,37,31,40,44,45,48,50,51,49,46,46,40,43,39,37,37,39,40,40,37,26,30,31,31,32,32,32,32,28,29,34,34,27,26,32,32,34,32,19,33,37,30,27,27,27,28,20,19,20,32,30,28,30,31,25,25,24,22,20,18,17,18,21,22,22,22,23,24,23,20,13,12,8,7,8,8,8,8,10,11,12,12,7,2,4,0,0,0,0,0,0,0,0,0,0,0,0,0,10,8,6,4,2,0,0,0,0,0,0,0,0,0,0,0,0,0,0,0,0,0,0,0,0,0,0,0,0,0,0,0,0,0,0,0,0,0,0,0,0,0,0,0,0,0,0,0,0,0,0,0,0,0,0,0,0,0,0,0,0,0,0,0,0,0,0,0,0,0,0,0,0,0,0,0,0,0,0,0,0,0,0,0,0,0,0,0,0,0,0,0,0,0,0,0,0,0,0,0,0,0,0,0,0,0,0,0,0,0,0,0,0,0,0,0,0,0,0,0,0,0,0,0,0,0,0,0,0,0,
97,0,0,0,0,0,0,0,0,0,0,0,0,0,0,0,0,0,0,0,0,0,0,0,0,0,0,0,0,0,0,0,0,0,0,0,0,0,0,0,0,0,0,0,0,0,0,0,0,0,0,0,0,0,0,0,0,0,0,0,0,0,0,0,0,0,0,0,0,0,0,0,0,0,0,0,0,0,0,0,0,0,0,0,0,0,0,0,0,0,0,0,0,0,0,0,0,0,0,0,0,0,0,0,0,0,0,0,0,0,0,0,0,0,0,0,0,0,0,0,0,0,0,0,0,0,0,0,0,0,0,0,0,0,0,0,0,0,0,0,0,0,0,0,0,0,0,0,0,0,0,1,3,8,7,9,6,6,10,11,13,12,11,8,7,6,6,7,7,8,8,9,12,17,17,16,14,15,16,18,22,24,25,26,32,35,35,40,40,37,39,38,38,35,43,29,31,41,43,46,48,48,47,47,47,42,40,43,38,38,35,44,43,29,27,32,32,32,31,32,32,32,31,31,30,31,36,32,24,21,21,35,31,21,32,35,33,22,13,27,24,28,30,31,26,25,26,25,24,21,20,21,22,22,22,22,21,28,27,27,26,25,24,18,16,12,10,8,7,7,7,9,8,7,0,0,0,0,0,0,0,0,0,0,0,0,0,0,0,0,0,0,0,0,-2,9,6,1,1,0,0,0,0,0,0,0,0,0,0,0,0,0,0,0,0,0,0,0,0,0,0,0,0,0,0,0,0,0,0,0,0,0,0,0,0,0,0,0,0,0,0,0,0,0,0,0,0,0,0,0,0,0,0,0,0,0,0,0,0,0,0,0,0,0,0,0,0,0,0,0,0,0,0,0,0,0,0,0,0,0,0,0,0,0,0,0,0,0,0,0,0,0,0,0,0,0,0,0,0,0,0,0,0,0,0,0,0,0,0,0,0,0,0,0,0,0,0,0,0,0,0,0,0,0,
98,0,0,0,0,0,0,0,0,0,0,0,0,0,0,0,0,0,0,0,0,0,0,0,0,0,0,0,0,0,0,0,0,0,0,0,0,0,0,0,0,0,0,0,0,0,0,0,0,0,0,0,0,0,0,0,0,0,0,0,0,0,0,0,0,0,0,0,0,0,0,0,0,0,0,0,0,0,0,0,0,0,0,0,0,0,0,0,0,0,0,0,0,0,0,0,0,0,0,0,0,0,0,0,0,0,0,0,0,0,0,0,0,0,0,0,0,0,0,0,0,0,0,0,0,0,0,0,0,0,0,0,0,0,0,0,0,0,0,0,0,0,0,0,0,0,0,0,0,0,1,2,7,13,12,11,10,9,10,11,12,12,11,10,9,8,8,9,9,11,9,12,15,17,16,15,16,18,21,23,24,25,26,27,31,29,33,37,36,38,39,39,37,39,42,30,38,42,45,46,47,48,45,44,44,44,43,43,40,39,45,42,30,28,34,31,32,32,32,32,32,29,30,30,32,34,30,22,24,24,26,35,24,18,34,32,28,14,23,27,29,30,29,29,26,20,20,22,21,20,23,24,20,23,24,26,28,28,27,26,23,21,18,15,12,10,8,7,6,6,8,12,8,0,0,0,0,0,0,0,0,0,0,0,0,0,0,0,0,0,0,0,0,0,0,8,7,5,4,1,0,0,0,0,0,0,0,0,0,0,0,0,0,0,0,0,0,0,0,0,0,0,0,0,0,0,0,0,0,0,0,0,0,0,0,0,0,0,0,0,0,0,0,0,0,0,0,0,0,0,0,0,0,0,0,0,0,0,0,0,0,0,0,0,0,0,0,0,0,0,0,0,0,0,0,0,0,0,0,0,0,0,0,0,0,0,0,0,0,0,0,0,0,0,0,0,0,0,0,0,0,0,0,0,0,0,0,0,0,0,0,0,0,0,0,0,0,0,0,0,0,0,0,0,
99,0,0,0,0,0,0,0,0,0,0,0,0,0,0,0,0,0,0,0,0,0,0,0,0,0,0,0,0,0,0,0,0,0,0,0,0,0,0,0,0,0,0,0,0,0,0,0,0,0,0,0,0,0,0,0,0,0,0,0,0,0,0,0,0,0,0,0,0,0,0,0,0,0,0,0,0,0,0,0,0,0,0,0,0,0,0,0,0,0,0,0,0,0,0,0,0,0,0,0,0,0,0,0,0,0,0,0,0,0,0,0,0,0,0,0,0,0,0,0,0,0,0,0,0,0,0,0,0,0,0,0,-4,-3,0,0,1,1,0,0,0,0,0,0,0,0,1,1,1,3,8,11,16,16,15,13,12,10,10,11,12,13,13,13,13,13,12,12,13,15,16,17,16,15,16,17,20,21,23,24,23,23,24,28,26,25,30,35,36,37,37,37,39,40,30,36,43,42,45,44,46,44,44,42,42,43,43,42,44,44,38,32,36,35,31,31,32,33,29,27,31,33,34,34,22,20,23,30,30,23,33,33,22,31,33,30,23,28,28,26,27,26,25,22,20,19,19,20,23,26,23,21,24,25,26,26,24,22,20,18,17,14,13,10,9,8,8,7,4,3,5,25,0,0,0,0,0,0,0,0,0,0,0,0,0,0,0,0,0,0,0,0,0,0,0,0,0,0,0,10,10,10,4,0,0,0,0,0,0,0,0,0,0,0,0,0,0,0,0,0,0,0,0,0,0,0,0,0,0,0,0,0,0,0,0,0,0,0,0,0,0,0,0,0,0,0,0,0,0,0,0,0,0,0,0,0,0,0,0,0,0,0,0,0,0,0,0,0,0,0,0,0,0,0,0,0,0,0,0,0,0,0,0,0,0,0,0,0,0,0,0,0,0,0,0,0,0,0,0,0,0,0,0,0,0,0,0,0,0,0,0,0,0,0,0,0,0,0,0,0,0,0,0,0,
100,0,0,0,0,0,0,0,0,0,0,0,0,0,0,0,0,0,0,0,0,0,0,0,0,0,0,0,0,0,0,0,0,0,0,0,0,0,0,0,0,0,0,0,0,0,0,0,0,0,0,0,0,0,0,0,0,0,0,0,0,0,0,0,0,0,0,0,0,0,0,0,0,0,0,0,0,0,0,0,0,0,0,0,0,0,0,0,0,0,0,0,0,0,0,0,0,0,0,0,0,0,0,0,0,0,0,0,0,0,0,0,0,0,0,0,0,0,0,0,0,0,0,0,0,8,14,15,13,12,-3,15,13,14,13,8,11,8,9,9,5,7,10,7,8,9,9,9,8,11,14,15,16,14,13,11,11,9,9,9,11,14,15,16,16,15,14,13,15,16,16,15,14,15,17,18,19,20,21,20,21,22,23,25,24,24,31,32,33,35,37,40,39,33,39,43,42,44,45,42,43,44,42,40,40,42,41,39,37,26,37,36,33,31,31,34,32,25,24,24,33,33,34,27,21,25,32,31,20,28,33,25,32,33,29,29,26,27,27,21,19,20,20,21,26,28,31,26,24,24,25,25,24,22,22,20,19,17,16,15,12,10,9,7,7,7,7,7,5,4,3,6,19,15,0,0,0,0,0,0,0,0,0,0,0,0,0,0,0,0,0,0,0,0,0,0,0,0,0,0,0,0,3,2,3,5,5,2,0,0,0,0,0,0,0,0,0,0,0,0,0,0,0,0,0,0,0,0,0,0,0,0,0,0,0,0,0,0,0,0,0,0,0,0,0,0,0,0,0,0,0,0,0,0,0,0,0,0,0,0,0,0,0,0,0,0,0,0,0,0,0,0,0,0,0,0,0,0,0,0,0,0,0,0,0,0,0,0,0,0,0,0,0,0,0,0,0,0,0,0,0,0,0,0,0,0,0,0,0,0,0,0,0,0,0,0,0,0,0,0,0,0,0,0,
101,0,0,0,0,0,0,0,0,0,0,0,0,0,0,0,0,0,0,0,0,0,0,0,0,0,0,0,0,0,0,0,0,0,0,0,0,0,0,0,0,0,0,0,0,0,0,0,0,0,0,0,0,0,0,0,0,0,0,0,0,0,0,0,0,0,0,0,0,0,0,0,0,0,0,0,0,0,0,0,0,0,0,0,0,0,0,0,0,0,0,0,0,0,0,0,0,0,0,0,0,0,0,0,0,0,0,0,0,0,0,0,0,0,0,0,0,0,0,0,0,0,0,0,3,14,10,13,7,2,10,6,10,10,6,13,9,13,13,10,10,12,13,14,14,14,13,12,12,14,16,17,17,12,11,8,12,8,8,8,10,15,16,18,17,15,13,13,15,17,17,16,16,16,17,17,19,19,20,20,21,22,24,25,23,25,29,33,33,35,41,41,38,24,40,44,43,43,42,40,43,41,40,40,40,41,41,40,33,29,36,35,34,32,34,24,29,29,27,31,33,23,25,28,21,32,31,29,15,34,33,24,32,30,29,28,28,26,22,18,19,23,25,25,26,28,23,23,24,24,24,24,20,20,20,19,18,15,13,12,11,8,8,7,6,6,6,6,5,5,4,5,6,13,12,0,0,0,0,0,0,0,0,0,0,0,0,0,0,0,0,0,0,0,0,0,0,0,0,0,0,0,0,1,1,3,4,3,1,0,0,-2,0,-8,0,0,0,0,0,0,0,0,0,0,0,0,0,0,0,0,0,0,0,0,0,0,0,0,0,0,0,0,0,0,0,0,0,0,0,0,0,0,0,0,0,0,0,0,0,0,0,0,0,0,0,0,0,0,0,0,0,0,0,0,0,0,0,0,0,0,0,0,0,0,0,0,0,0,0,0,0,0,0,0,0,0,0,0,0,0,0,0,0,0,0,0,0,0,0,0,0,0,0,0,0,0,0,0,0,0,0,0,0,0,
102,0,0,0,0,0,0,0,0,0,0,0,0,0,0,0,0,0,0,0,0,0,0,0,0,0,0,0,0,0,0,0,0,0,0,0,0,0,0,0,0,0,0,0,0,0,0,0,0,0,0,0,0,0,0,0,0,0,0,0,0,0,0,0,0,0,0,0,0,0,0,0,0,0,0,0,0,0,0,0,0,0,0,0,0,0,0,0,0,0,0,0,0,0,0,0,0,0,0,0,0,0,0,0,0,0,0,0,0,0,0,0,0,0,0,0,0,0,0,0,0,0,0,-6,18,0,0,0,0,0,0,0,0,0,0,0,0,1,3,5,6,5,8,8,8,10,10,12,16,16,14,13,10,9,8,8,8,8,8,9,11,14,14,14,14,12,10,10,18,22,21,19,16,14,13,12,16,18,19,20,20,21,22,21,24,26,26,34,36,38,41,42,24,27,44,39,41,41,41,41,40,39,39,45,41,40,36,35,36,35,35,33,33,21,19,32,32,31,28,26,20,30,31,24,32,33,27,25,31,32,24,31,32,29,28,26,26,25,23,23,25,25,24,23,17,19,21,24,24,22,19,18,18,16,16,14,12,11,10,9,7,7,6,6,6,5,4,4,4,4,4,5,5,5,7,10,-8,0,0,0,0,0,0,0,0,0,0,0,0,0,0,0,0,0,0,0,0,0,0,0,0,0,0,0,0,1,1,1,0,0,0,0,0,0,0,0,0,0,0,0,0,0,0,0,0,0,0,0,0,0,0,0,0,0,0,0,0,0,0,0,0,0,0,0,0,0,0,0,0,0,0,0,0,0,0,0,0,0,0,0,0,0,0,0,0,0,0,0,0,0,0,0,0,0,0,0,0,0,0,0,0,0,0,0,0,0,0,0,0,0,0,0,0,0,0,0,0,0,0,0,0,0,0,0,0,0,0,0,0,0,0,0,0,0,0,0,0,0,0,0,0,0,0,0,
103,0,0,0,0,0,0,0,0,0,0,0,0,0,0,0,0,0,0,0,0,0,0,0,0,0,0,0,0,0,0,0,0,0,0,0,0,0,0,0,0,0,0,0,0,0,0,0,0,0,0,0,0,0,0,0,0,0,0,0,0,0,0,0,0,0,0,0,0,0,0,0,0,0,0,0,0,0,0,0,0,0,0,0,0,0,0,0,0,0,0,0,0,0,0,0,0,0,0,0,0,0,0,0,0,0,0,0,0,0,0,0,0,0,0,0,0,0,0,0,0,0,3,15,16,0,0,0,0,0,0,0,0,0,0,0,0,-7,0,3,3,4,5,3,5,6,7,9,11,12,10,9,8,7,7,7,7,7,7,8,9,11,13,12,12,9,6,4,6,11,13,11,11,11,13,13,16,16,19,20,20,20,21,22,24,26,25,33,38,40,42,43,24,32,41,38,38,39,41,42,39,39,39,42,40,36,35,35,39,35,33,32,30,22,30,33,30,19,25,25,22,30,29,24,30,29,25,26,28,24,22,28,29,29,28,29,27,25,22,25,24,23,21,18,17,22,23,23,20,19,19,18,16,11,12,11,11,10,9,8,6,6,6,5,5,4,4,3,3,3,4,5,5,5,5,8,12,10,0,0,0,0,0,0,0,0,0,0,0,0,0,0,0,0,0,0,0,0,0,0,0,0,0,0,0,0,0,0,0,0,0,0,0,0,0,0,0,0,0,0,0,0,0,0,0,0,0,0,0,0,0,0,0,0,0,0,0,0,0,0,0,0,0,0,0,0,0,0,0,0,0,0,0,0,0,0,0,0,0,0,0,0,0,0,0,0,0,0,0,0,0,0,0,0,0,0,0,0,0,0,0,0,0,0,0,0,0,0,0,0,0,0,0,0,0,0,0,0,0,0,0,0,0,0,0,0,0,0,0,0,0,0,0,0,0,0,0,0,0,0,0,0,0,0,
104,0,0,0,0,0,0,0,0,0,0,0,0,0,0,0,0,0,0,0,0,0,0,0,0,0,0,0,0,0,0,0,0,0,0,0,0,0,0,0,0,0,0,0,0,0,0,0,0,0,0,0,0,0,0,0,0,0,0,0,0,0,0,0,0,0,0,0,0,0,0,0,0,0,0,0,0,0,0,0,0,0,0,0,0,0,0,0,0,0,0,0,0,0,0,0,0,0,0,0,0,0,0,0,0,0,0,0,0,0,0,0,0,0,0,0,0,0,0,0,0,0,0,0,0,0,0,0,0,0,0,0,-2,0,0,0,0,0,0,0,0,0,0,0,1,0,3,4,3,3,4,5,4,4,4,4,4,4,5,5,6,8,7,7,5,3,2,3,3,6,5,7,10,11,11,11,14,15,18,18,18,19,20,21,23,22,20,40,39,44,44,41,34,40,38,37,38,39,38,39,39,39,40,39,33,36,36,36,32,33,33,23,32,34,34,22,29,28,27,24,30,26,23,30,27,26,28,28,25,22,29,30,31,29,24,24,22,22,22,21,22,21,20,21,21,21,19,17,17,18,16,13,10,9,9,9,8,7,6,6,6,7,6,6,6,6,6,6,7,7,9,7,9,10,13,16,11,22,19,18,19,20,14,0,0,0,0,0,0,0,0,0,0,0,0,0,10,3,12,12,17,0,0,0,0,0,0,0,0,0,0,0,0,0,0,0,0,0,0,0,0,0,0,0,0,0,0,0,0,0,0,0,0,0,0,0,0,0,0,0,0,0,0,0,0,0,0,0,0,0,0,0,0,0,0,0,0,0,0,0,0,0,0,0,0,0,0,0,0,0,0,0,0,0,0,0,0,0,0,0,0,0,0,0,0,0,0,0,0,0,0,0,0,0,0,0,0,0,0,0,0,0,0,0,0,0,0,0,0,0,0,0,0,0,0,0,0,0,0,0,0,0,0,0,
105,0,0,0,0,0,0,0,0,0,0,0,0,0,0,0,0,0,0,0,0,0,0,0,0,0,0,0,0,0,0,0,0,0,0,0,0,0,0,0,0,0,0,0,0,0,0,0,0,0,0,0,0,0,0,0,0,0,0,0,0,0,0,0,0,0,0,0,0,0,0,0,0,0,0,0,0,0,0,0,0,0,0,0,0,0,0,0,0,0,0,0,0,0,0,0,0,0,0,0,0,0,0,0,0,0,0,0,0,0,0,0,0,0,0,0,0,0,0,0,0,0,0,0,0,0,0,0,0,0,-3,0,0,0,0,0,0,-3,-4,0,0,0,0,0,0,0,0,0,0,0,1,1,2,3,3,3,3,3,3,3,4,4,3,3,2,3,4,5,7,9,10,11,12,12,13,12,13,13,13,14,13,16,16,17,21,21,37,43,43,43,39,36,38,38,38,40,41,38,37,36,38,39,37,38,36,35,33,34,34,24,29,32,32,21,23,30,28,26,27,28,27,29,29,28,28,29,29,26,22,27,27,24,24,24,24,23,21,22,23,24,21,21,19,18,17,18,18,17,16,14,14,15,15,15,14,15,15,15,15,15,14,15,15,12,13,15,15,15,13,13,12,13,14,14,12,11,0,9,14,8,7,4,8,14,13,15,22,10,11,0,0,0,0,0,0,10,12,17,13,0,1,16,9,0,0,-2,0,0,0,8,0,0,0,0,0,0,0,0,0,0,0,0,0,0,0,0,0,0,0,0,0,0,0,0,0,0,0,0,0,0,0,0,0,0,0,0,0,0,0,0,0,0,0,0,0,0,0,0,0,0,0,0,0,0,0,0,0,0,0,0,0,0,0,0,0,0,0,0,0,0,0,0,0,0,0,0,0,0,0,0,0,0,0,0,0,0,0,0,0,0,0,0,0,0,0,0,0,0,0,0,0,0,0,0,0,0,0,0,0,0,0,0,0,0,
106,0,0,0,0,0,0,0,0,0,0,0,0,0,0,0,0,0,0,0,0,0,0,0,0,0,0,0,0,0,0,0,0,0,0,0,0,0,0,0,0,0,0,0,0,0,0,0,0,0,0,0,0,0,0,0,0,0,0,0,0,0,0,0,0,0,0,0,0,0,0,0,0,0,0,0,0,0,0,0,0,0,0,0,0,0,0,0,0,0,0,0,0,0,0,0,0,0,0,0,0,0,0,0,0,0,0,0,0,0,0,0,0,0,0,0,0,0,0,0,0,0,0,0,0,0,0,0,0,0,0,0,0,0,0,0,0,0,-2,0,0,0,0,0,0,0,0,0,0,0,1,1,2,2,3,2,2,2,2,2,2,2,2,3,3,4,5,4,5,0,0,3,3,0,12,11,13,13,13,14,15,15,15,16,21,23,43,46,44,44,35,37,38,39,39,40,39,38,37,38,37,37,38,37,39,33,34,34,27,30,33,33,23,25,27,30,29,27,27,24,26,29,28,27,29,29,28,23,26,29,29,24,25,25,25,24,23,23,23,21,18,18,17,17,17,17,17,15,15,15,15,15,11,10,10,12,15,16,14,13,13,13,10,10,10,8,10,10,12,10,2,5,6,1,0,0,0,0,0,3,3,2,1,1,11,14,19,16,13,0,0,0,-2,0,1,11,9,17,0,0,-4,13,5,0,0,0,0,0,16,16,16,0,0,0,0,0,0,0,0,0,0,0,0,0,0,0,0,0,0,0,0,0,0,0,0,0,0,0,0,0,0,0,0,0,0,0,0,0,0,0,0,0,0,0,0,0,0,0,0,0,0,0,0,0,0,0,0,0,0,0,0,0,0,0,0,0,0,0,0,0,0,0,0,0,0,0,0,0,0,0,0,0,0,0,0,0,0,0,0,0,0,0,0,0,0,0,0,0,0,0,0,0,0,0,0,0,0,0,0,0,0,0,0,0,
107,0,0,0,0,0,0,0,0,0,0,0,0,0,0,0,0,0,0,0,0,0,0,0,0,0,0,0,0,0,0,0,0,0,0,0,0,0,0,0,0,0,0,0,0,0,0,0,0,0,0,0,0,0,0,0,0,0,0,0,0,0,0,0,0,0,0,0,0,0,0,0,0,0,0,0,0,0,0,0,0,0,0,0,0,0,0,0,0,0,0,0,0,0,0,0,0,0,0,0,0,0,0,0,0,0,0,0,0,0,0,0,0,0,0,0,0,0,0,0,0,0,0,0,0,0,0,0,0,0,0,0,0,0,0,0,0,0,-16,0,0,0,0,0,0,0,0,0,-2,0,0,0,0,0,0,0,0,-3,0,0,0,0,0,0,0,0,0,0,0,0,0,-35,-40,-34,7,8,10,10,11,14,15,16,17,17,22,26,46,45,43,42,36,36,38,39,38,37,36,40,38,39,38,37,35,33,33,34,33,28,31,31,31,29,29,33,33,26,26,26,24,27,32,22,24,30,28,28,28,27,27,25,25,26,27,25,25,24,22,21,20,19,20,20,20,20,20,15,15,14,14,11,10,9,10,13,13,12,9,16,14,15,12,7,6,5,5,5,0,0,0,0,0,0,0,0,0,0,0,0,0,0,0,0,0,0,0,2,15,15,15,0,12,11,13,7,10,14,17,0,0,0,-3,0,20,18,19,16,16,21,0,-3,17,7,-9,0,0,0,0,0,0,0,0,0,0,0,0,0,0,0,0,0,0,0,0,0,0,0,0,0,0,0,0,0,0,0,0,0,0,0,0,0,0,0,0,0,0,0,0,0,0,0,0,0,0,0,0,0,0,0,0,0,0,0,0,0,0,0,0,0,0,0,0,0,0,0,0,0,0,0,0,0,0,0,0,0,0,0,0,0,0,0,0,0,0,0,0,0,0,0,0,0,0,0,0,0,0,0,0,0,0,0,0,0,0,0,
108,0,0,0,0,0,0,0,0,0,0,0,0,0,0,0,0,0,0,0,0,0,0,0,0,0,0,0,0,0,0,0,0,0,0,0,0,0,0,0,0,0,0,0,0,0,0,0,0,0,0,0,0,0,0,0,0,0,0,0,0,0,0,0,0,0,0,0,0,0,0,0,0,0,0,0,0,0,0,0,0,0,0,0,0,0,0,0,0,0,0,0,0,0,0,0,0,0,0,0,0,0,0,0,0,0,0,0,0,0,0,0,0,0,0,0,0,0,0,0,0,0,0,0,0,0,0,0,0,0,0,0,0,0,0,0,0,0,0,0,0,0,0,0,0,0,-2,0,0,0,0,0,0,0,0,0,0,0,0,0,0,0,0,0,0,0,0,0,0,0,0,0,-37,0,6,8,9,10,9,13,14,19,18,18,22,46,50,47,43,39,16,36,38,38,36,37,38,37,37,40,35,32,31,33,32,32,34,30,30,30,30,30,32,32,31,28,25,26,33,34,28,29,30,30,27,25,19,20,25,26,25,21,22,22,22,21,20,21,21,18,19,20,17,15,13,12,12,10,10,9,8,7,7,6,6,4,4,4,0,-3,11,-2,0,0,0,0,0,0,0,0,0,0,0,0,0,0,0,0,0,0,0,0,0,0,0,0,0,-3,0,0,28,27,16,13,18,0,0,0,0,0,0,0,0,0,0,0,0,0,0,0,0,9,7,-6,0,0,0,0,0,0,0,0,0,0,0,0,0,0,0,0,0,0,0,0,0,0,0,0,0,0,0,0,0,0,0,0,0,0,0,0,0,0,0,0,0,0,0,0,0,0,0,0,0,0,0,0,0,0,0,0,0,0,0,0,0,0,0,0,0,0,0,0,0,0,0,0,0,0,0,0,0,0,0,0,0,0,0,0,0,0,0,0,0,0,0,0,0,0,0,0,0,0,0,0,0,0,0,0,0,0,0,0,0,0,
109,0,0,0,0,0,0,0,0,0,0,0,0,0,0,0,0,0,0,0,0,0,0,0,0,0,0,0,0,0,0,0,0,0,0,0,0,0,0,0,0,0,0,0,0,0,0,0,0,0,0,0,0,0,0,0,0,0,0,0,0,0,0,0,0,0,0,0,0,0,0,0,0,0,0,0,0,0,0,0,0,0,0,0,0,0,0,0,0,0,0,0,0,0,0,0,0,0,0,0,0,0,0,0,0,0,0,0,0,0,0,0,0,0,0,0,0,0,0,0,0,0,0,0,0,0,0,0,0,0,0,0,0,0,0,0,0,0,0,0,0,0,0,0,0,0,0,0,0,0,0,0,0,0,0,0,0,0,0,0,0,0,0,0,0,0,0,0,0,0,0,0,0,0,7,8,9,10,10,14,14,17,18,19,22,50,51,43,43,35,35,37,38,38,36,38,37,38,38,38,31,31,33,33,33,33,33,28,29,27,29,32,33,34,32,29,26,30,32,29,27,30,30,28,26,24,21,23,26,21,19,19,21,22,22,20,21,20,18,17,19,20,11,12,13,11,11,9,8,7,6,6,6,5,4,4,4,4,0,0,0,0,0,0,0,0,0,0,0,0,0,0,0,0,0,0,0,0,0,0,0,0,0,0,0,0,0,0,0,0,0,0,0,0,0,0,0,0,0,0,0,0,0,0,0,0,0,0,0,0,0,0,1,12,0,0,0,0,0,0,0,0,0,0,0,0,0,0,0,0,0,0,0,0,0,0,0,0,0,0,0,0,0,0,0,0,0,0,0,0,0,0,0,0,0,0,0,0,0,0,0,0,0,0,0,0,0,0,0,0,0,0,0,0,0,0,0,0,0,0,0,0,0,0,0,0,0,0,0,0,0,0,0,0,0,0,0,0,0,0,0,0,0,0,0,0,0,0,0,0,0,0,0,0,0,0,0,0,0,0,0,0,0,0,
110,0,0,0,0,0,0,0,0,0,0,0,0,0,0,0,0,0,0,0,0,0,0,0,0,0,0,0,0,0,0,0,0,0,0,0,0,0,0,0,0,0,0,0,0,0,0,0,0,0,0,0,0,0,0,0,0,0,0,0,0,0,0,0,0,0,0,0,0,0,0,0,0,0,0,0,0,0,0,0,0,0,0,0,0,0,0,0,0,0,0,0,0,0,0,0,0,0,0,0,0,0,0,0,0,0,0,0,0,0,0,0,0,0,0,0,0,0,0,0,0,0,0,0,0,0,0,0,0,0,0,0,0,0,0,0,0,0,0,0,0,0,0,0,0,0,0,0,0,0,0,0,0,0,0,0,0,0,0,0,0,0,0,0,0,0,0,0,0,0,0,0,0,5,8,9,9,9,9,15,16,17,22,23,36,50,48,42,40,37,38,37,39,37,36,37,36,37,40,35,33,32,33,35,36,26,25,26,30,29,30,32,32,31,31,29,30,29,25,22,21,23,26,25,19,20,24,25,23,19,18,19,22,21,19,19,19,15,14,13,10,10,11,10,10,8,7,7,6,6,5,5,4,0,0,0,0,0,0,0,0,0,0,0,0,0,0,0,0,0,0,0,0,0,0,0,0,0,0,0,0,0,0,0,0,0,0,0,0,0,0,0,0,0,0,0,0,0,0,0,0,0,0,0,0,0,0,0,0,0,0,0,0,15,0,0,0,0,0,0,0,0,0,0,0,0,0,0,0,0,0,0,0,0,0,0,0,0,0,0,0,0,0,0,0,0,0,0,0,0,0,0,0,0,0,0,0,0,0,0,0,0,0,0,0,0,0,0,0,0,0,0,0,0,0,0,0,0,0,0,0,0,0,0,0,0,0,0,0,0,0,0,0,0,0,0,0,0,0,0,0,0,0,0,0,0,0,0,0,0,0,0,0,0,0,0,0,0,0,0,0,0,0,0,
111,0,0,0,0,0,0,0,0,0,0,0,0,0,0,0,0,0,0,0,0,0,0,0,0,0,0,0,0,0,0,0,0,0,0,0,0,0,0,0,0,0,0,0,0,0,0,0,0,0,0,0,0,0,0,0,0,0,0,0,0,0,0,0,0,0,0,0,0,0,0,0,0,0,0,0,0,0,0,0,0,0,0,0,0,0,0,0,0,0,0,0,0,0,0,0,0,0,0,0,0,0,0,0,0,0,0,0,0,0,0,0,0,0,0,0,0,0,0,0,0,0,0,0,0,0,0,0,0,0,0,0,0,0,0,0,0,0,0,0,0,0,0,0,0,0,0,0,0,0,0,0,0,0,0,0,0,0,0,0,0,0,0,0,0,0,0,0,0,0,0,0,0,5,10,11,8,5,5,13,17,18,24,25,50,50,43,42,37,37,37,37,38,38,38,35,35,35,35,33,32,34,33,31,29,22,24,29,30,29,31,32,32,22,23,29,28,28,26,22,22,26,25,18,19,21,25,25,22,18,18,20,21,19,18,18,17,14,13,10,8,8,9,8,10,7,7,7,6,6,5,5,0,-2,0,0,0,0,0,0,0,0,0,0,0,0,0,0,0,0,0,0,0,0,0,0,0,0,0,0,0,0,0,0,0,0,0,0,0,0,0,0,0,0,0,0,0,0,0,0,0,0,0,0,0,0,0,0,0,0,0,0,0,0,12,11,0,0,0,0,0,0,0,0,0,0,0,0,0,0,0,0,0,0,0,0,0,0,0,0,0,0,0,0,0,0,0,0,0,0,0,0,0,0,0,0,0,0,0,0,0,0,0,0,0,0,0,0,0,0,0,0,0,0,0,0,0,0,0,0,0,0,0,0,0,0,0,0,0,0,0,0,0,0,0,0,0,0,0,0,0,0,0,0,0,0,0,0,0,0,0,0,0,0,0,0,0,0,0,0,0,0,0,0,
112,0,0,0,0,0,0,0,0,0,0,0,0,0,0,0,0,0,0,0,0,0,0,0,0,0,0,0,0,0,0,0,0,0,0,0,0,0,0,0,0,0,0,0,0,0,0,0,0,0,0,0,0,0,0,0,0,0,0,0,0,0,0,0,0,0,0,0,0,0,0,0,0,0,0,0,0,0,0,0,0,0,0,0,0,0,0,0,0,0,0,0,0,0,0,0,0,0,0,0,0,0,0,0,0,0,0,0,0,0,0,0,0,0,0,0,0,0,0,0,0,0,0,0,0,0,0,0,0,0,0,0,0,0,0,0,0,0,0,0,0,0,0,0,0,0,0,0,0,0,0,0,0,0,0,0,0,0,0,0,0,0,0,0,0,0,0,0,0,0,0,0,0,9,11,11,8,5,7,12,19,27,49,51,51,48,42,40,36,37,40,40,38,35,35,36,36,34,31,29,32,30,22,19,25,31,31,31,32,33,35,32,31,30,29,25,24,17,20,23,26,20,15,14,24,25,22,21,15,19,20,20,15,13,13,13,10,10,11,10,9,9,9,9,9,9,7,4,4,0,0,0,0,0,0,0,0,0,0,0,0,0,0,0,0,0,0,0,0,0,0,0,0,0,0,0,0,0,0,0,0,0,0,0,0,0,0,0,0,0,0,0,0,0,0,0,0,0,0,0,0,0,0,0,0,0,0,0,0,0,0,0,0,0,0,13,0,0,0,0,0,0,0,0,0,0,0,0,0,0,0,0,0,0,0,0,0,0,0,0,0,0,0,0,0,0,0,0,0,0,0,0,0,0,0,0,0,0,0,0,0,0,0,0,0,0,0,0,0,0,0,0,0,0,0,0,0,0,0,0,0,0,0,0,0,0,0,0,0,0,0,0,0,0,0,0,0,0,0,0,0,0,0,0,0,0,0,0,0,0,0,0,0,0,0,0,0,0,0,0,0,0,0,0,
113,0,0,0,0,0,0,0,0,0,0,0,0,0,0,0,0,0,0,0,0,0,0,0,0,0,0,0,0,0,0,0,0,0,0,0,0,0,0,0,0,0,0,0,0,0,0,0,0,0,0,0,0,0,0,0,0,0,0,0,0,0,0,0,0,0,0,0,0,0,0,0,0,0,0,0,0,0,0,0,0,0,0,0,0,0,0,0,0,0,0,0,0,0,0,0,0,0,0,0,0,0,0,0,0,0,0,0,0,0,0,0,0,0,0,0,0,0,0,0,0,0,0,0,0,0,0,0,0,0,0,0,0,0,0,0,0,0,0,0,0,0,0,0,0,0,0,0,0,0,0,0,0,0,0,0,0,0,0,0,0,0,0,0,0,0,0,0,0,0,0,0,6,9,13,14,12,9,8,8,19,50,50,49,44,43,40,39,33,38,39,38,37,37,35,36,35,29,30,32,11,13,32,32,32,32,29,33,36,32,32,30,31,18,19,22,19,20,25,26,21,13,13,22,23,18,11,11,18,19,17,12,11,12,11,11,11,11,10,9,9,9,8,8,7,6,7,0,0,0,0,0,0,0,0,0,0,0,0,0,0,0,0,0,0,0,0,0,0,0,0,0,0,0,0,0,0,0,0,0,0,0,0,0,0,0,0,0,0,0,0,0,0,0,0,0,0,0,0,0,0,0,0,0,0,0,0,0,0,0,0,0,0,0,0,0,0,0,0,0,0,0,0,0,0,0,0,0,0,0,0,0,0,0,0,0,0,0,0,0,0,0,0,0,0,0,0,0,0,0,0,0,0,0,0,0,0,0,0,0,0,0,0,0,0,0,0,0,0,0,0,0,0,0,0,0,0,0,0,0,0,0,0,0,0,0,0,0,0,0,0,0,0,0,0,0,0,0,0,0,0,0,0,0,0,0,0,0,0,0,0,0,0,0,0,0,0,0,0,0,0,0,0,0,
114,0,0,0,0,0,0,0,0,0,0,0,0,0,0,0,0,0,0,0,0,0,0,0,0,0,0,0,0,0,0,0,0,0,0,0,0,0,0,0,0,0,0,0,0,0,0,0,0,0,0,0,0,0,0,0,0,0,0,0,0,0,0,0,0,0,0,0,0,0,0,0,0,0,0,0,0,0,0,0,0,0,0,0,0,0,0,0,0,0,0,0,0,0,0,0,0,0,0,0,0,0,0,0,0,0,0,0,0,0,0,0,0,0,0,0,0,0,0,0,0,0,0,0,0,0,0,0,0,0,0,0,0,0,0,0,0,0,0,0,0,0,0,0,0,0,0,0,0,0,0,0,0,0,0,0,0,0,0,0,0,0,0,0,0,0,0,0,0,0,0,0,7,11,15,15,13,10,6,7,18,50,51,52,44,41,41,31,32,42,38,37,37,34,35,36,31,28,27,13,31,33,33,31,30,29,30,33,32,32,31,17,17,23,23,20,21,24,25,22,16,16,18,22,18,15,10,14,19,16,14,10,11,11,11,11,11,9,8,7,7,7,7,7,6,2,-3,0,0,0,0,0,0,0,0,0,0,0,0,0,0,0,0,0,0,0,0,0,0,0,0,0,0,0,0,0,0,0,0,0,0,0,0,0,0,0,0,0,0,0,0,0,0,0,0,0,0,0,0,0,0,0,0,0,0,0,0,0,0,0,0,0,0,0,0,0,0,0,0,0,0,0,0,0,0,0,0,0,0,0,0,0,0,0,0,0,0,0,0,0,0,0,0,0,0,0,0,0,0,0,0,0,0,0,0,0,0,0,0,0,0,0,0,0,0,0,0,0,0,0,0,0,0,0,0,0,0,0,0,0,0,0,0,0,0,0,0,0,0,0,0,0,0,0,0,0,0,0,0,0,0,0,0,0,0,0,0,0,0,0,0,0,0,0,0,0,0,0,0,0,0,0,0,0,
115,0,0,0,0,0,0,0,0,0,0,0,0,0,0,0,0,0,0,0,0,0,0,0,0,0,0,0,0,0,0,0,0,0,0,0,0,0,0,0,0,0,0,0,0,0,0,0,0,0,0,0,0,0,0,0,0,0,0,0,0,0,0,0,0,0,0,0,0,0,0,0,0,0,0,0,0,0,0,0,0,0,0,0,0,0,0,0,0,0,0,0,0,0,0,0,0,0,0,0,0,0,0,0,0,0,0,0,0,0,0,0,0,0,0,0,0,0,0,0,0,0,0,0,0,0,0,0,0,0,0,0,0,0,0,0,0,0,0,0,0,0,0,0,0,0,0,0,0,0,0,0,0,0,0,0,0,0,0,0,0,0,0,0,0,0,0,0,0,0,0,0,8,12,19,19,14,9,8,27,29,50,46,44,42,41,40,37,39,38,35,36,35,36,27,29,22,33,32,32,33,33,30,30,30,29,30,32,25,18,14,23,20,15,13,14,22,24,20,13,9,12,16,12,11,12,16,17,15,10,8,8,9,9,8,8,8,7,7,8,8,8,4,2,0,0,0,0,0,0,0,0,0,0,0,0,0,0,0,0,0,0,0,0,0,0,0,0,0,0,0,0,0,0,0,0,0,0,0,0,0,0,0,0,0,0,0,0,0,0,0,0,0,0,0,0,0,0,0,0,0,0,0,0,0,0,0,0,0,0,0,0,0,0,0,0,0,0,0,0,0,0,0,0,0,0,0,0,0,0,0,0,0,0,0,0,0,0,0,0,0,0,0,0,0,0,0,0,0,0,0,0,0,0,0,0,0,0,0,0,0,0,0,0,0,0,0,0,0,0,0,0,0,0,0,0,0,0,0,0,0,0,0,0,0,0,0,0,0,0,0,0,0,0,0,0,0,0,0,0,0,0,0,0,0,0,0,0,0,0,0,0,0,0,0,0,0,0,0,0,0,0,0,0,
116,0,0,0,0,0,0,0,0,0,0,0,0,0,0,0,0,0,0,0,0,0,0,0,0,0,0,0,0,0,0,0,0,0,0,0,0,0,0,0,0,0,0,0,0,0,0,0,0,0,0,0,0,0,0,0,0,0,0,0,0,0,0,0,0,0,0,0,0,0,0,0,0,0,0,0,0,0,0,0,0,0,0,0,0,0,0,0,0,0,0,0,0,0,0,0,0,0,0,0,0,0,0,0,0,0,0,0,0,0,0,0,0,0,0,0,0,0,0,0,0,0,0,0,0,0,0,0,0,0,0,0,0,0,0,0,0,0,0,0,0,0,0,0,0,0,0,0,0,0,0,0,0,0,0,0,0,0,0,0,0,0,0,0,0,0,0,0,0,0,0,0,9,16,20,20,10,7,10,28,41,49,42,41,42,42,39,37,39,37,32,34,37,24,26,35,35,32,30,32,31,31,29,29,29,29,31,32,20,17,21,20,18,13,12,13,19,20,15,11,7,8,10,10,12,14,15,15,11,7,7,8,9,9,8,8,8,8,8,8,1,3,0,0,0,0,0,0,0,0,0,0,0,0,0,0,0,0,0,0,0,0,0,0,0,0,0,0,0,0,0,0,0,0,0,0,0,0,0,0,0,0,0,0,0,0,0,0,0,0,0,0,0,0,0,0,0,0,0,0,0,0,0,0,0,0,0,0,0,0,0,0,0,0,0,0,0,0,0,0,0,0,0,0,0,0,0,0,0,0,0,0,0,0,0,0,0,0,0,0,0,0,0,0,0,0,0,0,0,0,0,0,0,0,0,0,0,0,0,0,0,0,0,0,0,0,0,0,0,0,0,0,0,0,0,0,0,0,0,0,0,0,0,0,0,0,0,0,0,0,0,0,0,0,0,0,0,0,0,0,0,0,0,0,0,0,0,0,0,0,0,0,0,0,0,0,0,0,0,0,0,0,0,0,
117,0,0,0,0,0,0,0,0,0,0,0,0,0,0,0,0,0,0,0,0,0,0,0,0,0,0,0,0,0,0,0,0,0,0,0,0,0,0,0,0,0,0,0,0,0,0,0,0,0,0,0,0,0,0,0,0,0,0,0,0,0,0,0,0,0,0,0,0,0,0,0,0,0,0,0,0,0,0,0,0,0,0,0,0,0,0,0,0,0,0,0,0,0,0,0,0,0,0,0,0,0,0,0,0,0,0,0,0,0,0,0,0,0,0,0,0,0,0,0,0,0,0,0,0,0,0,0,0,0,0,0,0,0,0,0,0,0,0,0,0,0,0,0,0,0,0,0,0,0,0,0,0,0,0,0,0,0,0,0,0,0,0,0,0,0,0,0,0,0,0,-5,0,20,22,18,14,16,26,49,49,48,45,44,42,41,35,32,33,32,28,36,35,35,31,30,30,30,31,30,28,28,26,29,30,30,21,16,15,18,21,21,23,20,23,19,17,16,15,14,9,7,7,8,11,12,10,8,6,7,9,10,9,8,7,6,6,4,0,0,0,0,0,0,0,0,0,0,0,0,0,0,0,0,0,0,0,0,0,0,0,0,0,0,0,0,0,0,0,0,0,0,0,0,0,0,0,0,0,0,0,0,0,0,0,0,0,0,0,0,0,0,0,0,0,0,0,0,0,0,0,0,0,0,0,0,0,0,0,0,0,0,0,0,0,0,0,0,0,0,0,0,0,0,0,0,0,0,0,0,0,0,0,0,0,0,0,0,0,0,0,0,0,0,0,0,0,0,0,0,0,0,0,0,0,0,0,0,0,0,0,0,0,0,0,0,0,0,0,0,0,0,0,0,0,0,0,0,0,0,0,0,0,0,0,0,0,0,0,0,0,0,0,0,0,0,0,0,0,0,0,0,0,0,0,0,0,0,0,0,0,0,0,0,0,0,0,0,0,0,0,0,0,0,
118,0,0,0,0,0,0,0,0,0,0,0,0,0,0,0,0,0,0,0,0,0,0,0,0,0,0,0,0,0,0,0,0,0,0,0,0,0,0,0,0,0,0,0,0,0,0,0,0,0,0,0,0,0,0,0,0,0,0,0,0,0,0,0,0,0,0,0,0,0,0,0,0,0,0,0,0,0,0,0,0,0,0,0,0,0,0,0,0,0,0,0,0,0,0,0,0,0,0,0,0,0,0,0,0,0,0,0,0,0,0,0,0,0,0,0,0,0,0,0,0,0,0,0,0,0,0,0,0,0,0,0,0,0,0,0,0,0,0,0,0,0,0,0,0,0,0,0,0,0,0,0,0,0,0,0,0,0,0,0,0,0,0,0,0,0,0,0,0,0,-31,5,24,24,24,24,26,27,43,49,48,47,44,44,34,34,32,36,37,36,35,33,33,32,27,28,27,27,28,26,22,25,25,20,19,16,18,23,28,28,26,24,24,17,18,18,16,16,14,13,11,8,9,10,8,7,6,9,11,12,11,5,4,4,1,0,0,0,0,0,0,0,0,0,0,0,0,0,0,0,0,0,0,0,0,0,0,0,0,0,0,0,0,0,0,0,0,0,0,0,0,0,0,0,0,0,0,0,0,0,0,0,0,0,0,0,0,0,0,0,0,0,0,0,0,0,0,0,0,0,0,0,0,0,0,0,0,0,0,0,0,0,0,0,0,0,0,0,0,0,0,0,0,0,0,0,0,0,0,0,0,0,0,0,0,0,0,0,0,0,0,0,0,0,0,0,0,0,0,0,0,0,0,0,0,0,0,0,0,0,0,0,0,0,0,0,0,0,0,0,0,0,0,0,0,0,0,0,0,0,0,0,0,0,0,0,0,0,0,0,0,0,0,0,0,0,0,0,0,0,0,0,0,0,0,0,0,0,0,0,0,0,0,0,0,0,0,0,0,0,0,0,0,0,
119,0,0,0,0,0,0,0,0,0,0,0,0,0,0,0,0,0,0,0,0,0,0,0,0,0,0,0,0,0,0,0,0,0,0,0,0,0,0,0,0,0,0,0,0,0,0,0,0,0,0,0,0,0,0,0,0,0,0,0,0,0,0,0,0,0,0,0,0,0,0,0,0,0,0,0,0,0,0,0,0,0,0,0,0,0,0,0,0,0,0,0,0,0,0,0,0,0,0,0,0,0,0,0,0,0,0,0,0,0,0,0,0,0,0,0,0,0,0,0,0,0,0,0,0,0,0,0,0,0,0,0,0,0,0,0,0,0,0,0,0,0,0,0,0,0,0,0,0,0,0,0,0,0,0,0,0,0,0,0,0,0,0,0,0,0,0,0,0,-18,20,25,26,25,27,27,27,30,50,49,47,44,47,37,33,34,33,37,35,33,32,34,25,26,26,25,27,28,23,19,22,23,19,18,17,21,26,28,28,27,23,15,14,12,13,10,9,10,11,10,8,8,9,10,8,8,13,12,11,5,4,3,0,0,0,0,0,0,0,0,0,0,0,0,0,0,0,0,0,0,0,0,0,0,0,0,0,0,0,0,0,0,0,0,0,0,0,0,0,0,0,0,0,0,0,0,0,0,0,0,0,0,0,0,0,0,0,0,0,0,0,0,0,0,0,0,0,0,0,0,0,0,0,0,0,0,0,0,0,0,0,0,0,0,0,0,0,0,0,0,0,0,0,0,0,0,0,0,0,0,0,0,0,0,0,0,0,0,0,0,0,0,0,0,0,0,0,0,0,0,0,0,0,0,0,0,0,0,0,0,0,0,0,0,0,0,0,0,0,0,0,0,0,0,0,0,0,0,0,0,0,0,0,0,0,0,0,0,0,0,0,0,0,0,0,0,0,0,0,0,0,0,0,0,0,0,0,0,0,0,0,0,0,0,0,0,0,0,0,0,0,0,0,0,
120,0,0,0,0,0,0,0,0,0,0,0,0,0,0,0,0,0,0,0,0,0,0,0,0,0,0,0,0,0,0,0,0,0,0,0,0,0,0,0,0,0,0,0,0,0,0,0,0,0,0,0,0,0,0,0,0,0,0,0,0,0,0,0,0,0,0,0,0,0,0,0,0,0,0,0,0,0,0,0,0,0,0,0,0,0,0,0,0,0,0,0,0,0,0,0,0,0,0,0,0,0,0,0,0,0,0,0,0,0,0,0,0,0,0,0,0,0,0,0,0,0,0,0,0,0,0,0,0,0,0,0,0,0,0,0,0,0,0,0,0,0,0,0,0,0,0,0,0,0,0,0,0,0,0,0,0,0,0,0,0,0,0,0,0,-8,20,8,14,23,26,25,25,27,31,38,48,52,49,47,47,37,32,30,34,35,34,36,35,31,24,24,24,24,26,23,21,18,17,18,23,26,27,28,28,24,22,18,17,17,18,14,11,10,9,7,5,5,4,4,6,6,6,6,6,7,5,5,5,0,0,0,0,0,0,0,0,0,0,0,0,0,0,0,0,0,0,0,0,0,0,0,0,0,0,0,0,0,0,0,0,0,0,0,0,0,0,0,0,0,0,0,0,0,0,0,0,0,0,0,0,0,0,0,0,0,0,0,0,0,0,0,0,0,0,0,0,0,0,0,0,0,0,0,0,0,0,0,0,0,0,0,0,0,0,0,0,0,0,0,0,0,0,0,0,0,0,0,0,0,0,0,0,0,0,0,0,0,0,0,0,0,0,0,0,0,0,0,0,0,0,0,0,0,0,0,0,0,0,0,0,0,0,0,0,0,0,0,0,0,0,0,0,0,0,0,0,0,0,0,0,0,0,0,0,0,0,0,0,0,0,0,0,0,0,0,0,0,0,0,0,0,0,0,0,0,0,0,0,0,0,0,0,0,0,0,0,0,0,0,0,0,0,0,
121,0,0,0,0,0,0,0,0,0,0,0,0,0,0,0,0,0,0,0,0,0,0,0,0,0,0,0,0,0,0,0,0,0,0,0,0,0,0,0,0,0,0,0,0,0,0,0,0,0,0,0,0,0,0,0,0,0,0,0,0,0,0,0,0,0,0,0,0,0,0,0,0,0,0,0,0,0,0,0,0,0,0,0,0,0,0,0,0,0,0,0,0,0,0,0,0,0,0,0,0,0,0,0,0,0,0,0,0,0,0,0,0,0,0,0,0,0,0,0,0,0,0,0,0,0,0,0,0,0,0,0,0,0,0,0,0,0,0,0,0,0,0,0,0,0,0,0,0,0,0,0,0,0,0,0,0,-33,-50,-42,-24,3,19,19,22,20,23,24,28,25,26,29,28,29,44,52,52,50,49,48,43,32,31,32,37,36,37,25,24,23,23,26,26,26,25,26,27,28,28,28,27,27,23,22,21,20,17,16,17,16,13,13,14,15,15,13,9,8,6,5,5,10,7,11,8,0,0,0,0,0,0,0,0,0,0,0,0,0,0,0,0,0,0,0,0,0,0,0,0,0,0,0,0,0,0,0,0,0,0,0,0,0,0,0,0,0,0,0,0,0,0,0,0,0,0,0,0,0,0,0,0,0,0,0,0,0,0,0,0,0,0,0,0,0,0,0,0,0,0,0,0,0,0,0,0,0,0,0,0,0,0,0,0,0,0,0,0,0,0,0,0,0,0,0,0,0,0,0,0,0,0,0,0,0,0,0,0,0,0,0,0,0,0,0,0,0,0,0,0,0,0,0,0,0,0,0,0,0,0,0,0,0,0,0,0,0,0,0,0,0,0,0,0,0,0,0,0,0,0,0,0,0,0,0,0,0,0,0,0,0,0,0,0,0,0,0,0,0,0,0,0,0,0,0,0,0,0,0,0,0,0,0,0,0,0,0,0,0,0,0,0,0,0,0,
122,0,0,0,0,0,0,0,0,0,0,0,0,0,0,0,0,0,0,0,0,0,0,0,0,0,0,0,0,0,0,0,0,0,0,0,0,0,0,0,0,0,0,0,0,0,0,0,0,0,0,0,0,0,0,0,0,0,0,0,0,0,0,0,0,0,0,0,0,0,0,0,0,0,0,0,0,0,0,0,0,0,0,0,0,0,0,0,0,0,0,0,0,0,0,0,0,0,0,0,0,0,0,0,0,0,0,0,0,0,0,0,0,0,0,0,0,0,0,0,0,0,0,0,0,0,0,0,0,0,0,0,0,0,0,0,0,0,0,0,0,0,0,0,0,0,0,0,0,0,0,0,0,0,0,-5,-2,0,-10,8,19,19,24,20,19,20,23,27,25,25,26,31,32,30,48,51,47,50,52,44,42,33,31,35,37,36,29,26,29,26,28,27,27,27,26,26,27,27,26,27,23,22,22,22,20,17,15,15,16,16,12,11,12,15,14,13,15,15,12,13,17,15,15,2,2,0,0,0,0,0,0,0,0,0,0,0,0,0,0,0,0,0,0,0,0,0,0,0,0,0,0,0,0,0,0,0,0,0,0,0,0,0,0,0,0,0,0,0,0,0,0,0,0,0,0,0,0,0,0,0,0,0,0,0,0,0,0,0,0,0,0,0,0,0,0,0,0,0,0,0,0,0,0,0,0,0,0,0,0,0,0,0,0,0,0,0,0,0,0,0,0,0,0,0,0,0,0,0,0,0,0,0,0,0,0,0,0,0,0,0,0,0,0,0,0,0,0,0,0,0,0,0,0,0,0,0,0,0,0,0,0,0,0,0,0,0,0,0,0,0,0,0,0,0,0,0,0,0,0,0,0,0,0,0,0,0,0,0,0,0,0,0,0,0,0,0,0,0,0,0,0,0,0,0,0,0,0,0,0,0,0,0,0,0,0,0,0,0,0,0,0,0,0,0,
123,0,0,0,0,0,0,0,0,0,0,0,0,0,0,0,0,0,0,0,0,0,0,0,0,0,0,0,0,0,0,0,0,0,0,0,0,0,0,0,0,0,0,0,0,0,0,0,0,0,0,0,0,0,0,0,0,0,0,0,0,0,0,0,0,0,0,0,0,0,0,0,0,0,0,0,0,0,0,0,0,0,0,0,0,0,0,0,0,0,0,0,0,0,0,0,0,0,0,0,0,0,0,0,0,0,0,0,0,0,0,0,0,0,0,0,0,0,0,0,0,0,0,0,0,0,0,0,0,0,0,0,0,0,0,0,0,0,0,0,0,0,0,0,0,0,0,0,0,0,0,0,0,0,4,7,10,17,19,20,19,20,20,21,22,22,22,23,26,28,28,29,29,39,49,51,51,52,43,44,41,32,39,38,35,35,33,32,31,29,26,26,26,27,26,26,26,26,25,25,24,23,22,21,20,21,11,19,17,1,2,1,0,0,1,0,0,0,0,0,0,0,0,0,0,0,0,0,0,0,0,0,0,0,0,0,0,0,0,0,0,0,0,0,0,0,0,0,0,0,0,0,0,0,0,0,0,0,0,0,0,0,0,0,0,0,0,0,0,0,0,0,0,0,0,0,0,0,0,0,0,0,0,0,0,0,0,0,0,0,0,0,0,0,0,0,0,0,0,0,0,0,0,0,0,0,0,0,0,0,0,0,0,0,0,0,0,0,0,0,0,0,0,0,0,0,0,0,0,0,0,0,0,0,0,0,0,0,0,0,0,0,0,0,0,0,0,0,0,0,0,0,0,0,0,0,0,0,0,0,0,0,0,0,0,0,0,0,0,0,0,0,0,0,0,0,0,0,0,0,0,0,0,0,0,0,0,0,0,0,0,0,0,0,0,0,0,0,0,0,0,0,0,0,0,0,0,0,0,0,0,0,0,0,0,0,0,0,0,0,0,0,0,0,
124,0,0,0,0,0,0,0,0,0,0,0,0,0,0,0,0,0,0,0,0,0,0,0,0,0,0,0,0,0,0,0,0,0,0,0,0,0,0,0,0,0,0,0,0,0,0,0,0,0,0,0,0,0,0,0,0,0,0,0,0,0,0,0,0,0,0,0,0,0,0,0,0,0,0,0,0,0,0,0,0,0,0,0,0,0,0,0,0,0,0,0,0,0,0,0,0,0,0,0,0,0,0,0,0,0,0,0,0,0,0,0,0,0,0,0,0,0,0,0,0,0,0,0,0,0,0,0,0,0,0,0,0,0,0,0,0,0,0,0,0,0,0,0,0,0,0,0,0,0,0,0,1,4,6,11,15,19,20,21,21,21,20,21,23,23,24,25,29,27,28,27,30,43,52,54,51,52,44,43,42,42,36,36,35,36,30,30,30,29,28,27,25,18,24,24,24,25,24,24,23,19,13,11,10,8,8,8,0,0,0,0,0,0,0,0,0,0,0,0,0,0,0,0,0,0,0,0,0,0,0,0,0,0,0,0,0,0,0,0,0,0,0,0,0,0,0,0,0,0,0,0,0,0,0,0,0,0,0,0,0,0,0,0,0,0,0,0,0,0,0,0,0,0,0,0,0,0,0,0,0,0,0,0,0,0,0,0,0,0,0,0,0,0,0,0,0,0,0,0,0,0,0,0,0,0,0,0,0,0,0,0,0,0,0,0,0,0,0,0,0,0,0,0,0,0,0,0,0,0,0,0,0,0,0,0,0,0,0,0,0,0,0,0,0,0,0,0,0,0,0,0,0,0,0,0,0,0,0,0,0,0,0,0,0,0,0,0,0,0,0,0,0,0,0,0,0,0,0,0,0,0,0,0,0,0,0,0,0,0,0,0,0,0,0,0,0,0,0,0,0,0,0,0,0,0,0,0,0,0,0,0,0,0,0,0,0,0,0,0,0,0,0,0,
125,0,0,0,0,0,0,0,0,0,0,0,0,0,0,0,0,0,0,0,0,0,0,0,0,0,0,0,0,0,0,0,0,0,0,0,0,0,0,0,0,0,0,0,0,0,0,0,0,0,0,0,0,0,0,0,0,0,0,0,0,0,0,0,0,0,0,0,0,0,0,0,0,0,0,0,0,0,0,0,0,0,0,0,0,0,0,0,0,0,0,0,0,0,0,0,0,0,0,0,0,0,0,0,0,0,0,0,0,0,0,0,0,0,0,0,0,0,0,0,0,0,0,0,0,0,0,0,0,0,0,0,0,0,0,0,0,0,0,0,0,0,0,0,0,0,0,0,0,0,0,0,4,8,14,16,19,22,23,23,24,23,23,24,24,26,27,28,27,26,24,38,34,32,51,51,51,56,54,43,42,37,35,34,31,31,30,27,27,26,25,24,23,24,23,22,18,18,15,7,6,5,5,0,0,0,0,0,0,0,0,0,0,0,0,0,0,0,0,0,0,0,0,0,0,0,0,0,0,0,0,0,0,0,0,0,0,0,0,0,0,0,0,0,0,0,0,0,0,0,0,0,0,0,0,0,0,0,0,0,0,0,0,0,0,0,0,0,0,0,0,0,0,0,0,0,0,0,0,0,0,0,0,0,0,0,0,0,0,0,0,0,0,0,0,0,0,0,0,0,0,0,0,0,0,0,0,0,0,0,0,0,0,0,0,0,0,0,0,0,0,0,0,0,0,0,0,0,0,0,0,0,0,0,0,0,0,0,0,0,0,0,0,0,0,0,0,0,0,0,0,0,0,0,0,0,0,0,0,0,0,0,0,0,0,0,0,0,0,0,0,0,0,0,0,0,0,0,0,0,0,0,0,0,0,0,0,0,0,0,0,0,0,0,0,0,0,0,0,0,0,0,0,0,0,0,0,0,0,0,0,0,0,0,0,0,0,0,0,0,0,0,0,0,
126,0,0,0,0,0,0,0,0,0,0,0,0,0,0,0,0,0,0,0,0,0,0,0,0,0,0,0,0,0,0,0,0,0,0,0,0,0,0,0,0,0,0,0,0,0,0,0,0,0,0,0,0,0,0,0,0,0,0,0,0,0,0,0,0,0,0,0,0,0,0,0,0,0,0,0,0,0,0,0,0,0,0,0,0,0,0,0,0,0,0,0,0,0,0,0,0,0,0,0,0,0,0,0,0,0,0,0,0,0,0,0,0,0,0,0,0,0,0,0,0,0,0,0,0,0,0,0,0,0,0,0,0,0,0,0,0,0,0,0,0,0,0,0,0,0,0,0,0,0,0,2,6,15,16,23,23,23,24,24,26,26,25,24,24,25,27,33,28,26,32,37,34,47,58,56,44,42,47,37,40,35,41,38,29,28,27,24,23,19,14,17,15,11,5,1,0,0,0,0,0,0,0,0,0,0,0,0,0,0,0,0,0,0,0,0,0,0,0,0,0,0,0,0,0,0,0,0,0,0,0,0,0,0,0,0,0,0,0,0,0,0,0,0,0,0,0,0,0,0,0,0,0,0,0,0,0,0,0,0,0,0,0,0,0,0,0,0,0,0,0,0,0,0,0,0,0,0,0,0,0,0,0,0,0,0,0,0,0,0,0,0,0,0,0,0,0,0,0,0,0,0,0,0,0,0,0,0,0,0,0,0,0,0,0,0,0,0,0,0,0,0,0,0,0,0,0,0,0,0,0,0,0,0,0,0,0,0,0,0,0,0,0,0,0,0,0,0,0,0,0,0,0,0,0,0,0,0,0,0,0,0,0,0,0,0,0,0,0,0,0,0,0,0,0,0,0,0,0,0,0,0,0,0,0,0,0,0,0,0,0,0,0,0,0,0,0,0,0,0,0,0,0,0,0,0,0,0,0,0,0,0,0,0,0,0,0,0,0,0,0,0,0,0,
127,0,0,0,0,0,0,0,0,0,0,0,0,0,0,0,0,0,0,0,0,0,0,0,0,0,0,0,0,0,0,0,0,0,0,0,0,0,0,0,0,0,0,0,0,0,0,0,0,0,0,0,0,0,0,0,0,0,0,0,0,0,0,0,0,0,0,0,0,0,0,0,0,0,0,0,0,0,0,0,0,0,0,0,0,0,0,0,0,0,0,0,0,0,0,0,0,0,0,0,0,0,0,0,0,0,0,0,0,0,0,0,0,0,0,0,0,0,0,0,0,0,0,0,0,0,0,0,0,0,0,0,0,0,0,0,0,0,0,0,0,0,0,0,0,0,0,0,0,0,0,3,9,16,21,24,24,26,28,26,26,26,28,24,25,29,30,30,11,28,35,34,47,48,60,60,48,47,45,44,42,46,37,32,28,26,25,22,20,16,12,10,6,3,0,0,0,0,0,0,0,0,0,0,0,0,0,0,0,0,0,0,0,0,0,0,0,0,0,0,0,0,0,0,0,0,0,0,0,0,0,0,0,0,0,0,0,0,0,0,0,0,0,0,0,0,0,0,0,0,0,0,0,0,0,0,0,0,0,0,0,0,0,0,0,0,0,0,0,0,0,0,0,0,0,0,0,0,0,0,0,0,0,0,0,0,0,0,0,0,0,0,0,0,0,0,0,0,0,0,0,0,0,0,0,0,0,0,0,0,0,0,0,0,0,0,0,0,0,0,0,0,0,0,0,0,0,0,0,0,0,0,0,0,0,0,0,0,0,0,0,0,0,0,0,0,0,0,0,0,0,0,0,0,0,0,0,0,0,0,0,0,0,0,0,0,0,0,0,0,0,0,0,0,0,0,0,0,0,0,0,0,0,0,0,0,0,0,0,0,0,0,0,0,0,0,0,0,0,0,0,0,0,0,0,0,0,0,0,0,0,0,0,0,0,0,0,0,0,0,0,0,0,0,
128,0,0,0,0,0,0,0,0,0,0,0,0,0,0,0,0,0,0,0,0,0,0,0,0,0,0,0,0,0,0,0,0,0,0,0,0,0,0,0,0,0,0,0,0,0,0,0,0,0,0,0,0,0,0,0,0,0,0,0,0,0,0,0,0,0,0,0,0,0,0,0,0,0,0,0,0,0,0,0,0,0,0,0,0,0,0,0,0,0,0,0,0,0,0,0,0,0,0,0,0,0,0,0,0,0,0,0,0,0,0,0,0,0,0,0,0,0,0,0,0,0,0,0,0,0,0,0,0,0,0,0,0,0,0,0,0,0,0,0,0,0,0,0,0,0,0,0,0,0,0,2,24,24,26,27,29,28,27,27,29,28,28,30,30,29,20,24,29,32,30,44,43,52,55,49,53,49,41,41,36,33,27,26,22,17,12,0,1,0,0,0,0,0,0,0,0,0,0,0,0,0,0,0,0,0,0,0,0,0,0,0,0,0,0,0,0,0,0,0,0,0,0,0,0,0,0,0,0,0,0,0,0,0,0,0,0,0,0,0,0,0,0,0,0,0,0,0,0,0,0,0,0,0,0,0,0,0,0,0,0,0,0,0,0,0,0,0,0,0,0,0,0,0,0,0,0,0,0,0,0,0,0,0,0,0,0,0,0,0,0,0,0,0,0,0,0,0,0,0,0,0,0,0,0,0,0,0,0,0,0,0,0,0,0,0,0,0,0,0,0,0,0,0,0,0,0,0,0,0,0,0,0,0,0,0,0,0,0,0,0,0,0,0,0,0,0,0,0,0,0,0,0,0,0,0,0,0,0,0,0,0,0,0,0,0,0,0,0,0,0,0,0,0,0,0,0,0,0,0,0,0,0,0,0,0,0,0,0,0,0,0,0,0,0,0,0,0,0,0,0,0,0,0,0,0,0,0,0,0,0,0,0,0,0,0,0,0,0,0,0,0,0,0,
129,0,0,0,0,0,0,0,0,0,0,0,0,0,0,0,0,0,0,0,0,0,0,0,0,0,0,0,0,0,0,0,0,0,0,0,0,0,0,0,0,0,0,0,0,0,0,0,0,0,0,0,0,0,0,0,0,0,0,0,0,0,0,0,0,0,0,0,0,0,0,0,0,0,0,0,0,0,0,0,0,0,0,0,0,0,0,0,0,0,0,0,0,0,0,0,0,0,0,0,0,0,0,0,0,0,0,0,0,0,0,0,0,0,0,0,0,0,0,0,0,0,0,0,0,0,0,0,0,0,0,0,0,0,0,0,0,0,0,0,3,3,4,2,1,0,1,-3,-2,-4,-6,8,30,29,29,30,28,30,30,30,34,31,30,32,32,31,31,31,29,33,42,45,52,47,53,52,45,41,39,32,29,24,19,16,10,5,0,0,0,0,0,0,0,0,0,0,0,0,0,0,0,0,0,0,0,0,0,0,0,0,0,0,0,0,0,0,0,0,0,0,0,0,0,0,0,0,0,0,0,0,0,0,0,0,0,0,0,0,0,0,0,0,0,0,0,0,0,0,0,0,0,0,0,0,0,0,0,0,0,0,0,0,0,0,0,0,0,0,0,0,0,0,0,0,0,0,0,0,0,0,0,0,0,0,0,0,0,0,0,0,0,0,0,0,0,0,0,0,0,0,0,0,0,0,0,0,0,0,0,0,0,0,0,0,0,0,0,0,0,0,0,0,0,0,0,0,0,0,0,0,0,0,0,0,0,0,0,0,0,0,0,0,0,0,0,0,0,0,0,0,0,0,0,0,0,0,0,0,0,0,0,0,0,0,0,0,0,0,0,0,0,0,0,0,0,0,0,0,0,0,0,0,0,0,0,0,0,0,0,0,0,0,0,0,0,0,0,0,0,0,0,0,0,0,0,0,0,0,0,0,0,0,0,0,0,0,0,0,0,0,0,0,0,0,
130,0,0,0,0,0,0,0,0,0,0,0,0,0,0,0,0,0,0,0,0,0,0,0,0,0,0,0,0,0,0,0,0,0,0,0,0,0,0,0,0,0,0,0,0,0,0,0,0,0,0,0,0,0,0,0,0,0,0,0,0,0,0,0,0,0,0,0,0,0,0,0,0,0,0,0,0,0,0,0,0,0,0,0,0,0,0,0,0,0,0,0,0,0,0,0,0,0,0,0,0,0,0,0,0,0,0,0,0,0,0,0,0,0,0,0,0,0,0,0,0,0,0,0,0,0,0,0,0,0,0,0,0,0,0,0,0,0,0,3,4,6,6,6,6,6,7,8,5,11,30,29,29,29,28,31,29,31,36,35,34,31,30,31,31,31,29,28,27,34,43,51,51,48,52,46,42,40,36,28,26,19,10,7,4,0,0,0,0,0,0,0,0,0,0,0,0,0,0,0,0,0,0,0,0,0,0,0,0,0,0,0,0,0,0,0,0,0,0,0,0,0,0,0,0,0,0,0,0,0,0,0,0,0,0,0,0,0,0,0,0,0,0,0,0,0,0,0,0,0,0,0,0,0,0,0,0,0,0,0,0,0,0,0,0,0,0,0,0,0,0,0,0,0,0,0,0,0,0,0,0,0,0,0,0,0,0,0,0,0,0,0,0,0,0,0,0,0,0,0,0,0,0,0,0,0,0,0,0,0,0,0,0,0,0,0,0,0,0,0,0,0,0,0,0,0,0,0,0,0,0,0,0,0,0,0,0,0,0,0,0,0,0,0,0,0,0,0,0,0,0,0,0,0,0,0,0,0,0,0,0,0,0,0,0,0,0,0,0,0,0,0,0,0,0,0,0,0,0,0,0,0,0,0,0,0,0,0,0,0,0,0,0,0,0,0,0,0,0,0,0,0,0,0,0,0,0,0,0,0,0,0,0,0,0,0,0,0,0,0,0,0,0,0,
131,0,0,0,0,0,0,0,0,0,0,0,0,0,0,0,0,0,0,0,0,0,0,0,0,0,0,0,0,0,0,0,0,0,0,0,0,0,0,0,0,0,0,0,0,0,0,0,0,0,0,0,0,0,0,0,0,0,0,0,0,0,0,0,0,0,0,0,0,0,0,0,0,0,0,0,0,0,0,0,0,0,0,0,0,0,0,0,0,0,0,0,0,0,0,0,0,0,0,0,0,0,0,0,0,0,0,0,0,0,0,0,0,0,0,0,0,0,0,0,0,0,0,0,0,0,0,0,0,0,0,0,0,0,0,0,3,6,6,7,8,8,9,10,10,12,12,13,30,30,30,30,30,32,32,32,34,32,40,39,34,31,31,34,32,29,28,28,25,47,48,48,47,47,46,46,37,35,28,22,14,5,2,1,0,0,0,0,0,0,0,0,0,0,0,0,0,0,0,0,0,0,0,0,0,0,0,0,0,0,0,0,0,0,0,0,0,0,0,0,0,0,0,0,0,0,0,0,0,0,0,0,0,0,0,0,0,0,0,0,0,0,0,0,0,0,0,0,0,0,0,0,0,0,0,0,0,0,0,0,0,0,0,0,0,0,0,0,0,0,0,0,0,0,0,0,0,0,0,0,0,0,0,0,0,0,0,0,0,0,0,0,0,0,0,0,0,0,0,0,0,0,0,0,0,0,0,0,0,0,0,0,0,0,0,0,0,0,0,0,0,0,0,0,0,0,0,0,0,0,0,0,0,0,0,0,0,0,0,0,0,0,0,0,0,0,0,0,0,0,0,0,0,0,0,0,0,0,0,0,0,0,0,0,0,0,0,0,0,0,0,0,0,0,0,0,0,0,0,0,0,0,0,0,0,0,0,0,0,0,0,0,0,0,0,0,0,0,0,0,0,0,0,0,0,0,0,0,0,0,0,0,0,0,0,0,0,0,0,0,0,0,0,0,
132,0,0,0,0,0,0,0,0,0,0,0,0,0,0,0,0,0,0,0,0,0,0,0,0,0,0,0,0,0,0,0,0,0,0,0,0,0,0,0,0,0,0,0,0,0,0,0,0,0,0,0,0,0,0,0,0,0,0,0,0,0,0,0,0,0,0,0,0,0,0,0,0,0,0,0,0,0,0,0,0,0,0,0,0,0,0,0,0,0,0,0,0,0,0,0,0,0,0,0,0,0,0,0,0,0,0,0,0,0,0,0,0,0,0,0,0,0,0,0,0,0,0,0,0,0,0,0,0,0,0,0,0,0,6,1,8,7,7,8,9,10,12,17,15,19,25,30,30,30,31,31,32,32,31,40,37,33,33,34,35,34,30,30,30,26,25,24,27,47,49,46,45,54,45,44,30,29,25,18,-24,-2,-5,0,0,0,0,0,0,0,0,0,0,0,0,0,0,0,0,0,0,0,0,0,0,0,0,0,0,0,0,0,0,0,0,0,0,0,0,0,0,0,0,0,0,0,0,0,0,0,0,0,0,0,0,0,0,0,0,0,0,0,0,0,0,0,0,0,0,0,0,0,0,0,0,0,0,0,0,0,0,0,0,0,0,0,0,0,0,0,0,0,0,0,0,0,0,0,0,0,0,0,0,0,0,0,0,0,0,0,0,0,0,0,0,0,0,0,0,0,0,0,0,0,0,0,0,0,0,0,0,0,0,0,0,0,0,0,0,0,0,0,0,0,0,0,0,0,0,0,0,0,0,0,0,0,0,0,0,0,0,0,0,0,0,0,0,0,0,0,0,0,0,0,0,0,0,0,0,0,0,0,0,0,0,0,0,0,0,0,0,0,0,0,0,0,0,0,0,0,0,0,0,0,0,0,0,0,0,0,0,0,0,0,0,0,0,0,0,0,0,0,0,0,0,0,0,0,0,0,0,0,0,0,0,0,0,0,0,0,0,0,0,0,
133,0,0,0,0,0,0,0,0,0,0,0,0,0,0,0,0,0,0,0,0,0,0,0,0,0,0,0,0,0,0,0,0,0,0,0,0,0,0,0,0,0,0,0,0,0,-3,0,-3,-3,-2,-2,27,-2,0,26,19,0,0,0,0,0,0,0,0,0,0,0,0,0,0,0,0,0,0,0,0,0,0,0,0,0,0,0,0,0,0,0,0,0,0,0,0,0,0,0,0,0,0,0,0,0,0,0,0,0,0,0,0,0,0,0,0,0,0,0,0,0,0,0,0,0,0,0,0,0,0,0,4,0,6,6,8,9,10,10,10,10,11,14,14,18,23,24,21,30,32,32,31,32,35,32,32,38,37,34,33,34,36,35,31,30,28,28,26,26,23,21,25,52,52,42,50,48,51,38,30,27,21,17,0,-56,0,0,0,0,0,0,0,0,0,0,0,0,0,0,0,0,0,0,0,0,0,0,0,0,0,0,0,0,0,0,0,0,0,0,0,0,0,0,0,0,0,0,0,0,0,0,0,0,0,0,0,0,0,0,0,0,0,0,0,0,0,0,0,0,0,0,0,0,0,0,0,0,0,0,0,0,0,0,0,0,0,0,0,0,0,0,0,0,0,0,0,0,0,0,0,0,0,0,0,0,0,0,0,0,0,0,0,0,0,0,0,0,0,0,0,0,0,0,0,0,0,0,0,0,0,0,0,0,0,0,0,0,0,0,0,0,0,0,0,0,0,0,0,0,0,0,0,0,0,0,0,0,0,0,0,0,0,0,0,0,0,0,0,0,0,0,0,0,0,0,0,0,0,0,0,0,0,0,0,0,0,0,0,0,0,0,0,0,0,0,0,0,0,0,0,0,0,0,0,0,0,0,0,0,0,0,0,0,0,0,0,0,0,0,0,0,0,0,0,0,0,0,0,0,0,0,0,0,0,0,0,0,0,0,0,0,0,0,0,0,0,0,
134,0,0,0,0,0,0,0,0,0,0,0,0,0,0,0,0,0,0,0,0,0,0,0,0,0,0,0,0,0,0,0,0,0,0,0,0,0,0,0,0,0,0,0,0,0,3,5,-3,-7,-2,6,4,-2,-3,38,0,-5,-3,0,0,0,0,0,0,0,0,0,0,0,0,0,0,0,0,0,0,0,0,0,0,0,0,0,-8,-5,1,4,4,4,5,5,2,3,4,1,-11,0,0,0,0,0,0,0,0,0,0,0,0,0,0,0,0,0,0,0,0,0,0,0,0,3,4,3,5,7,7,7,10,9,10,12,11,12,11,12,13,13,17,22,25,25,27,30,30,31,31,34,36,33,31,31,37,33,33,31,31,32,34,33,29,30,28,28,27,24,24,23,27,51,49,43,53,44,44,39,28,25,20,16,13,-14,0,0,0,0,0,0,0,0,0,0,0,0,0,0,0,0,0,0,0,0,0,0,0,0,0,0,0,0,0,0,0,0,0,0,0,0,0,0,0,0,0,0,0,0,0,0,0,0,0,0,0,0,0,0,0,0,0,0,0,0,0,0,0,0,0,0,0,0,0,0,0,0,0,0,0,0,0,0,0,0,0,0,0,0,0,0,0,0,0,0,0,0,0,0,0,0,0,0,0,0,0,0,0,0,0,0,0,0,0,0,0,0,0,0,0,0,0,0,0,0,0,0,0,0,0,0,0,0,0,0,0,0,0,0,0,0,0,0,0,0,0,0,0,0,0,0,0,0,0,0,0,0,0,0,0,0,0,0,0,0,0,0,0,0,0,0,0,0,0,0,0,0,0,0,0,0,0,0,0,0,0,0,0,0,0,0,0,0,0,0,0,0,0,0,0,0,0,0,0,0,0,0,0,0,0,0,0,0,0,0,0,0,0,0,0,0,0,0,0,0,0,0,0,0,0,0,0,0,0,0,0,0,0,0,0,0,0,0,0,0,0,0,
135,0,0,0,0,0,0,0,0,0,0,0,0,0,0,0,0,0,0,0,0,0,0,0,0,0,0,0,0,0,0,0,0,0,0,0,0,0,0,0,0,0,0,0,0,0,0,3,-8,-8,-3,4,3,-4,-3,2,40,23,1,-6,0,0,0,0,0,0,0,0,0,0,0,0,0,0,0,0,0,-3,-3,-3,-4,7,-3,-7,4,1,2,5,5,6,6,6,7,8,7,8,7,3,-14,-9,0,0,0,0,0,0,0,0,0,0,0,0,0,0,0,0,0,0,0,1,1,5,6,7,8,8,8,9,13,12,11,12,12,10,13,14,21,16,16,26,27,29,30,30,32,32,32,36,35,31,32,31,36,33,34,32,31,33,31,28,32,30,29,27,25,22,24,24,47,51,41,50,50,46,50,38,29,25,19,14,12,-8,0,0,0,0,0,0,0,0,0,0,0,0,0,0,0,0,0,0,0,0,0,0,0,0,0,0,0,0,0,0,0,0,0,0,0,0,0,0,0,0,0,0,0,0,0,0,0,0,0,0,0,0,0,0,0,0,0,0,0,0,0,0,0,0,0,0,0,0,0,0,0,0,0,0,0,0,0,0,0,0,0,0,0,0,0,0,0,0,0,0,0,0,0,0,0,0,0,0,0,0,0,0,0,0,0,0,0,0,0,0,0,0,0,0,0,0,0,0,0,0,0,0,0,0,0,0,0,0,0,0,0,0,0,0,0,0,0,0,0,0,0,0,0,0,0,0,0,0,0,0,0,0,0,0,0,0,0,0,0,0,0,0,0,0,0,0,0,0,0,0,0,0,0,0,0,0,0,0,0,0,0,0,0,0,0,0,0,0,0,0,0,0,0,0,0,0,0,0,0,0,0,0,0,0,0,0,0,0,0,0,0,0,0,0,0,0,0,0,0,0,0,0,0,0,0,0,0,0,0,0,0,0,0,0,0,0,0,0,0,0,0,0,
136,0,0,0,0,0,0,0,0,0,0,0,0,0,0,0,0,0,0,0,0,0,0,0,0,0,0,0,0,0,0,0,0,0,-3,2,9,20,20,19,16,15,15,14,9,0,-2,2,-4,-4,1,3,1,2,2,-3,7,0,0,0,0,0,0,0,0,0,0,0,0,3,1,1,2,0,3,3,3,4,5,5,4,4,5,5,6,7,7,8,8,9,10,12,12,12,11,11,10,12,12,12,12,12,11,4,2,2,0,0,0,0,0,0,0,0,0,0,0,-2,0,8,8,8,10,11,12,11,11,12,13,13,12,11,16,16,22,21,16,29,29,31,32,31,32,33,33,33,37,35,34,40,33,29,31,30,30,31,31,27,26,30,28,24,26,21,21,21,20,20,24,50,45,51,48,47,43,42,25,23,17,14,10,0,0,0,0,0,0,0,0,0,0,0,0,0,0,0,0,0,0,0,0,0,0,0,0,0,0,0,0,0,0,0,0,0,0,0,0,0,0,0,0,0,0,0,0,0,0,0,0,0,0,0,0,0,0,0,0,0,0,0,0,0,0,0,0,0,0,0,0,0,0,0,0,0,0,0,0,0,0,0,0,0,0,0,0,0,0,0,0,0,0,0,0,0,0,0,0,0,0,0,0,0,0,0,0,0,0,0,0,0,0,0,0,0,0,0,0,0,0,0,0,0,0,0,0,0,0,0,0,0,0,0,0,0,0,0,0,0,0,0,0,0,0,0,0,0,0,0,0,0,0,0,0,0,0,0,0,0,0,0,0,0,0,0,0,0,0,0,0,0,0,0,0,0,0,0,0,0,0,0,0,0,0,0,0,0,0,0,0,0,0,0,0,0,0,0,0,0,0,0,0,0,0,0,0,0,0,0,0,0,0,0,0,0,0,0,0,0,0,0,0,0,0,0,0,0,0,0,0,0,0,0,0,0,0,0,0,0,0,0,0,0,0,0,
137,0,0,0,0,0,0,0,0,0,0,0,0,0,0,0,0,0,0,0,0,0,0,0,0,0,0,0,0,2,2,7,6,6,11,16,20,0,0,0,0,21,19,16,23,24,24,28,6,5,3,4,4,4,5,2,3,1,2,4,0,0,0,0,0,2,2,3,8,8,8,7,7,0,8,7,8,7,7,7,7,8,8,9,10,10,11,12,13,14,15,15,15,16,15,16,16,14,17,16,16,16,16,16,16,14,15,15,4,4,-2,0,0,0,0,0,2,7,14,12,12,12,12,12,12,13,13,14,14,16,15,17,24,24,19,18,32,31,32,34,34,34,35,35,32,36,34,32,30,30,29,29,28,29,29,20,21,31,30,30,35,26,23,23,24,22,20,20,25,53,48,47,41,41,40,36,21,18,13,10,8,0,0,0,0,0,0,0,0,0,0,0,0,0,0,0,0,0,0,0,0,0,0,0,0,0,0,0,0,0,0,0,0,0,0,0,0,0,0,0,0,0,0,0,0,0,0,0,0,0,0,0,0,0,0,0,0,0,0,0,0,0,0,0,0,0,0,0,0,0,0,0,0,0,0,0,0,0,0,0,0,0,0,0,0,0,0,0,0,0,0,0,0,0,0,0,0,0,0,0,0,0,0,0,0,0,0,0,0,0,0,0,0,0,0,0,0,0,0,0,0,0,0,0,0,0,0,0,0,0,0,0,0,0,0,0,0,0,0,0,0,0,0,0,0,0,0,0,0,0,0,0,0,0,0,0,0,0,0,0,0,0,0,0,0,0,0,0,0,0,0,0,0,0,0,0,0,0,0,0,0,0,0,0,0,0,0,0,0,0,0,0,0,0,0,0,0,0,0,0,0,0,0,0,0,0,0,0,0,0,0,0,0,0,0,0,0,0,0,0,0,0,0,0,0,0,0,0,0,0,0,0,0,0,0,0,0,0,0,0,0,0,0,0,
138,0,0,0,0,0,0,0,0,0,0,0,0,0,0,0,0,0,0,0,0,0,0,0,0,0,0,1,1,6,6,13,17,17,17,0,0,0,0,0,0,0,0,0,8,17,11,28,29,28,4,4,6,6,6,5,9,8,6,6,2,0,0,0,0,1,4,5,9,10,10,11,13,12,9,11,10,10,9,10,9,10,9,10,11,12,13,12,14,16,16,17,17,16,17,18,20,21,20,20,20,20,21,20,18,17,18,19,20,16,3,4,-18,-50,0,4,5,13,20,15,15,12,12,11,13,14,15,15,18,19,16,22,18,18,34,33,32,33,33,35,34,34,35,36,34,35,32,30,30,28,29,29,27,27,21,27,27,31,27,22,23,23,24,23,22,21,19,23,45,48,48,39,39,44,30,26,20,18,15,9,6,0,0,0,0,0,0,0,0,0,0,0,0,0,0,0,0,0,0,0,0,0,0,0,0,0,0,0,0,0,0,0,0,0,0,0,0,0,0,0,0,0,0,0,0,0,0,0,0,0,0,0,0,0,0,0,0,0,0,0,0,0,0,0,0,0,0,0,0,0,0,0,0,0,0,0,0,0,0,0,0,0,0,0,0,0,0,0,0,0,0,0,0,0,0,0,0,0,0,0,0,0,0,0,0,0,0,0,0,0,0,0,0,0,0,0,0,0,0,0,0,0,0,0,0,0,0,0,0,0,0,0,0,0,0,0,0,0,0,0,0,0,0,0,0,0,0,0,0,0,0,0,0,0,0,0,0,0,0,0,0,0,0,0,0,0,0,0,0,0,0,0,0,0,0,0,0,0,0,0,0,0,0,0,0,0,0,0,0,0,0,0,0,0,0,0,0,0,0,0,0,0,0,0,0,0,0,0,0,0,0,0,0,0,0,0,0,0,0,0,0,0,0,0,0,0,0,0,0,0,0,0,0,0,0,0,0,0,0,0,0,0,0,0,
139,-3,-7,0,0,0,0,0,-34,-29,0,8,9,-26,-7,2,2,5,6,6,6,5,5,7,0,9,1,6,8,13,13,0,0,0,0,0,0,0,0,0,0,0,0,0,0,0,0,0,6,8,14,12,20,9,12,14,13,13,10,9,11,3,1,1,2,4,8,8,11,10,12,13,14,13,15,15,12,14,12,13,13,12,12,12,14,16,18,18,19,18,19,22,20,20,22,21,21,22,21,22,21,21,20,23,22,23,23,22,22,21,21,22,24,23,23,21,22,26,26,24,21,19,19,16,17,19,18,19,25,19,21,27,39,38,38,36,39,37,38,39,35,35,38,34,34,32,32,31,28,30,26,25,27,27,27,30,30,27,25,28,25,26,26,27,26,27,23,36,54,48,48,34,37,42,33,22,20,17,15,2,0,0,0,0,0,0,0,0,0,0,0,0,0,0,0,0,0,0,0,0,0,0,0,0,0,0,0,0,0,0,0,0,0,0,0,0,0,0,0,0,0,0,0,0,0,0,0,0,0,0,0,0,0,0,0,0,0,0,0,0,0,0,0,0,0,0,0,0,0,0,0,0,0,0,0,0,0,0,0,0,0,0,0,0,0,0,0,0,0,0,0,0,0,0,0,0,0,0,0,0,0,0,0,0,0,0,0,0,0,0,0,0,0,0,0,0,0,0,0,0,0,0,0,0,0,0,0,0,0,0,0,0,0,0,0,0,0,0,0,0,0,0,0,0,0,0,0,0,0,0,0,0,0,0,0,0,0,0,0,0,0,0,0,0,0,0,0,0,0,0,0,0,0,0,0,0,0,0,0,0,0,0,0,0,0,0,0,0,0,0,0,0,0,0,0,0,0,0,0,0,0,0,0,0,0,0,0,0,0,0,0,0,0,0,0,0,0,0,0,0,0,0,0,0,0,0,0,0,0,0,0,0,0,0,0,0,0,0,0,0,0,0,0,0,
140,1,14,16,4,4,-23,-38,7,8,0,12,13,14,14,15,3,7,8,8,7,8,10,7,5,12,35,15,13,0,0,0,0,0,0,0,0,0,0,0,0,0,0,0,0,0,0,0,5,6,13,11,10,12,13,14,15,13,11,11,5,9,1,1,8,5,8,6,8,13,14,14,13,18,16,15,16,15,14,15,15,14,13,14,18,17,19,19,20,20,22,23,24,22,23,23,23,23,23,24,23,24,23,23,24,25,24,24,23,23,22,23,24,23,25,22,29,29,25,24,24,24,24,21,22,22,24,25,27,28,29,40,40,39,38,44,47,45,44,42,38,45,37,34,32,36,34,29,29,28,27,29,28,28,27,30,29,31,26,29,31,31,28,28,29,30,36,43,48,48,48,32,43,42,25,24,21,19,16,0,0,0,0,0,0,0,0,0,0,0,0,0,0,0,0,0,0,0,0,0,0,0,0,0,0,0,0,0,0,0,0,0,0,0,0,0,0,0,0,0,0,0,0,0,0,0,0,0,0,0,0,0,0,0,0,0,0,0,0,0,0,0,0,0,0,0,0,0,0,0,0,0,0,0,0,0,0,0,0,0,0,0,0,0,0,0,0,0,0,0,0,0,0,0,0,0,0,0,0,0,0,0,0,0,0,0,0,0,0,0,0,0,0,0,0,0,0,0,0,0,0,0,0,0,0,0,0,0,0,0,0,0,0,0,0,0,0,0,0,0,0,0,0,0,0,0,0,0,0,0,0,0,0,0,0,0,0,0,0,0,0,0,0,0,0,0,0,0,0,0,0,0,0,0,0,0,0,0,0,0,0,0,0,0,0,0,0,0,0,0,0,0,0,0,0,0,0,0,0,0,0,0,0,0,0,0,0,0,0,0,0,0,0,0,0,0,0,0,0,0,0,0,0,0,0,0,0,0,0,0,0,0,0,0,0,0,0,0,0,0,0,0,0,0,
141,0,2,1,4,12,2,5,10,12,14,13,12,15,17,18,19,20,13,19,19,14,12,3,19,6,-22,0,0,0,0,0,0,0,0,0,0,0,0,0,0,0,0,0,0,0,0,0,0,5,11,12,10,12,12,13,16,14,12,12,14,5,9,9,9,10,9,8,7,10,18,20,21,21,22,21,17,16,15,15,17,19,21,21,20,20,23,27,28,25,25,28,30,29,26,27,26,27,26,27,28,28,31,28,28,26,25,25,24,26,26,26,26,27,27,31,25,27,30,31,26,24,24,21,25,23,27,27,31,48,48,46,45,46,45,46,45,41,41,41,42,40,39,41,43,39,37,36,37,33,33,31,29,35,34,33,33,29,30,30,29,29,30,42,39,46,24,25,33,51,39,43,42,33,26,24,22,21,18,0,0,0,0,0,0,0,0,0,0,0,0,0,0,0,0,0,0,0,0,0,0,0,0,0,0,0,0,0,0,0,0,0,0,0,0,0,0,0,0,0,0,0,0,0,0,0,0,0,0,0,0,0,0,0,0,0,0,0,0,0,0,0,0,0,0,0,0,0,0,0,0,0,0,0,0,0,0,0,0,0,0,0,0,0,0,0,0,0,0,0,0,0,0,0,0,0,0,0,0,0,0,0,0,0,0,0,0,0,0,0,0,0,0,0,0,0,0,0,0,0,0,0,0,0,0,0,0,0,0,0,0,0,0,0,0,0,0,0,0,0,0,0,0,0,0,0,0,0,0,0,0,0,0,0,0,0,0,0,0,0,0,0,0,0,0,0,0,0,0,0,0,0,0,0,0,0,0,0,0,0,0,0,0,0,0,0,0,0,0,0,0,0,0,0,0,0,0,0,0,0,0,0,0,0,0,0,0,0,0,0,0,0,0,0,0,0,0,0,0,0,0,0,0,0,0,0,0,0,0,0,0,0,0,0,0,0,0,0,0,0,0,0,0,0,
142,0,0,0,0,0,3,5,12,14,17,17,17,18,17,12,14,17,14,22,21,15,9,20,19,18,15,12,11,3,-15,0,0,0,0,0,0,0,0,0,0,0,0,0,0,0,0,0,13,9,11,12,15,16,14,18,23,23,14,15,12,20,23,17,21,20,15,13,3,23,29,27,26,20,20,18,20,21,19,18,21,27,25,22,29,29,27,28,30,38,37,35,45,47,48,40,37,32,33,33,39,37,39,32,30,28,28,28,30,28,28,29,29,30,27,30,27,28,29,28,28,29,30,30,29,33,44,41,51,49,52,45,45,49,49,48,42,42,40,39,44,46,46,46,43,40,39,37,37,41,40,40,41,43,44,41,37,32,24,26,42,42,42,46,30,26,25,27,52,36,42,38,33,29,24,22,21,20,18,0,0,0,0,0,0,0,0,0,0,0,0,0,0,0,0,0,0,0,0,0,0,0,0,0,0,0,0,0,0,0,0,0,0,0,0,0,0,0,0,0,0,0,0,0,0,0,0,0,0,0,0,0,0,0,0,0,0,0,0,0,0,0,0,0,0,0,0,0,0,0,0,0,0,0,0,0,0,0,0,0,0,0,0,0,0,0,0,0,0,0,0,0,0,0,0,0,0,0,0,0,0,0,0,0,0,0,0,0,0,0,0,0,0,0,0,0,0,0,0,0,0,0,0,0,0,0,0,0,0,0,0,0,0,0,0,0,0,0,0,0,0,0,0,0,0,0,0,0,0,0,0,0,0,0,0,0,0,0,0,0,0,0,0,0,0,0,0,0,0,0,0,0,0,0,0,0,0,0,0,0,0,0,0,0,0,0,0,0,0,0,0,0,0,0,0,0,0,0,0,0,0,0,0,0,0,0,0,0,0,0,0,0,0,0,0,0,0,0,0,0,0,0,0,0,0,0,0,0,0,0,0,0,0,0,0,0,0,0,0,0,0,0,0,0,
143,0,0,0,0,0,3,7,15,15,17,18,19,16,20,21,23,23,23,21,22,22,24,26,23,22,17,15,15,7,1,-8,0,0,0,0,0,0,0,0,0,0,0,0,0,0,0,15,14,15,15,17,17,17,20,19,18,18,15,14,16,15,16,19,20,18,22,20,37,41,26,24,18,20,18,21,23,20,23,25,23,29,34,25,25,26,28,33,41,39,46,45,45,45,45,52,51,51,48,50,48,35,31,43,33,48,50,31,32,31,32,34,29,30,31,33,31,32,31,32,34,32,31,31,37,39,48,56,53,51,51,49,49,49,40,40,42,42,41,40,43,45,43,42,39,39,38,39,40,41,37,37,39,46,47,41,39,13,20,28,42,41,46,27,27,27,43,51,41,41,41,33,31,27,24,22,19,20,18,3,0,0,0,0,0,0,0,0,0,0,0,0,0,0,0,0,0,0,0,0,0,0,0,0,0,0,0,0,0,0,0,0,0,0,0,0,0,0,0,0,0,0,0,0,0,0,0,0,0,0,0,0,0,0,0,0,0,0,0,0,0,0,0,0,0,0,0,0,0,0,0,0,0,0,0,0,0,0,0,0,0,0,0,0,0,0,0,0,0,0,0,0,0,0,0,0,0,0,0,0,0,0,0,0,0,0,0,0,0,0,0,0,0,0,0,0,0,0,0,0,0,0,0,0,0,0,0,0,0,0,0,0,0,0,0,0,0,0,0,0,0,0,0,0,0,0,0,0,0,0,0,0,0,0,0,0,0,0,0,0,0,0,0,0,0,0,0,0,0,0,0,0,0,0,0,0,0,0,0,0,0,0,0,0,0,0,0,0,0,0,0,0,0,0,0,0,0,0,0,0,0,0,0,0,0,0,0,0,0,0,0,0,0,0,0,0,0,0,0,0,0,0,0,0,0,0,0,0,0,0,0,0,0,0,0,0,0,0,0,0,0,0,0,0,
144,0,0,0,0,0,10,17,22,24,23,24,22,23,23,23,26,26,28,28,27,25,27,27,29,28,28,26,25,25,17,12,9,4,-17,-29,0,0,0,0,0,0,0,0,0,19,18,17,18,17,17,18,21,25,25,27,20,22,19,18,22,18,25,24,27,28,30,27,26,26,26,26,33,31,31,24,33,36,22,27,27,31,38,38,41,40,43,43,45,60,55,51,50,49,47,42,42,56,53,59,56,56,57,57,56,50,50,48,48,48,51,51,52,52,52,50,52,51,48,58,58,56,56,57,57,57,45,47,43,43,44,52,44,44,47,47,42,38,37,39,38,38,39,38,39,39,37,36,40,38,41,42,47,39,15,14,13,14,36,39,32,31,31,32,36,52,34,22,33,32,29,26,27,26,23,21,19,19,16,6,0,0,0,0,0,0,0,0,0,0,0,0,0,0,0,0,0,0,0,0,0,0,0,0,0,0,0,0,0,0,0,0,0,0,0,0,0,0,0,0,0,0,0,0,0,0,0,0,0,0,0,0,0,0,0,0,0,0,0,0,0,0,0,0,0,0,0,0,0,0,0,0,0,0,0,0,0,0,0,0,0,0,0,0,0,0,0,0,0,0,0,0,0,0,0,0,0,0,0,0,0,0,0,0,0,0,0,0,0,0,0,0,0,0,0,0,0,0,0,0,0,0,0,0,0,0,0,0,0,0,0,0,0,0,0,0,0,0,0,0,0,0,0,0,0,0,0,0,0,0,0,0,0,0,0,0,0,0,0,0,0,0,0,0,0,0,0,0,0,0,0,0,0,0,0,0,0,0,0,0,0,0,0,0,0,0,0,0,0,0,0,0,0,0,0,0,0,0,0,0,0,0,0,0,0,0,0,0,0,0,0,0,0,0,0,0,0,0,0,0,0,0,0,0,0,0,0,0,0,0,0,0,0,0,0,0,0,0,0,0,0,0,0,0,
145,0,0,0,0,-66,20,19,23,24,24,26,25,24,23,25,26,27,29,29,30,30,30,30,30,29,27,28,27,30,31,31,17,18,7,8,-25,0,0,0,0,0,0,0,0,32,21,20,19,25,26,25,24,31,29,38,41,40,23,23,19,18,22,28,22,25,26,27,33,31,26,31,29,30,42,29,38,31,27,32,38,32,37,42,43,43,59,59,59,58,54,51,53,52,48,60,56,59,60,55,54,54,51,50,52,54,54,60,53,49,50,49,50,49,49,53,55,56,55,57,52,44,46,43,43,43,44,44,49,50,51,50,47,49,40,40,39,37,36,39,37,37,35,38,38,38,39,37,37,36,40,38,37,16,16,23,20,18,35,33,31,31,33,47,52,40,18,17,34,28,25,26,27,25,23,21,20,19,13,3,0,0,0,0,0,0,0,0,0,0,0,0,0,0,0,0,0,0,0,0,0,0,0,0,0,0,0,0,0,0,0,0,0,0,0,0,0,0,0,0,0,0,0,0,0,0,0,0,0,0,0,0,0,0,0,0,0,0,0,0,0,0,0,0,0,0,0,0,0,0,0,0,0,0,0,0,0,0,0,0,0,0,0,0,0,0,0,0,0,0,0,0,0,0,0,0,0,0,0,0,0,0,0,0,0,0,0,0,0,0,0,0,0,0,0,0,0,0,0,0,0,0,0,0,0,0,0,0,0,0,0,0,0,0,0,0,0,0,0,0,0,0,0,0,0,0,0,0,0,0,0,0,0,0,0,0,0,0,0,0,0,0,0,0,0,0,0,0,0,0,0,0,0,0,0,0,0,0,0,0,0,0,0,0,0,0,0,0,0,0,0,0,0,0,0,0,0,0,0,0,0,0,0,0,0,0,0,0,0,0,0,0,0,0,0,0,0,0,0,0,0,0,0,0,0,0,0,0,0,0,0,0,0,0,0,0,0,0,0,0,0,0,0,0,
146,0,0,12,25,27,27,28,27,27,26,27,29,28,27,29,29,30,29,30,29,28,30,28,27,24,31,31,31,32,32,31,28,31,25,25,14,8,-105,-12,13,15,18,13,43,38,38,25,26,27,26,26,25,44,44,40,31,29,30,29,26,24,24,31,28,30,26,26,25,26,26,40,44,49,42,40,47,44,56,61,58,59,57,57,68,65,62,63,61,59,57,56,58,60,61,61,63,59,58,57,56,60,58,59,58,59,54,52,61,59,63,61,62,56,53,52,56,48,53,46,46,48,48,54,53,50,53,47,44,46,48,46,48,47,43,43,43,42,41,39,38,38,37,37,40,39,37,34,32,28,20,20,28,31,32,34,33,36,46,50,50,53,52,28,30,15,14,20,26,35,24,26,26,24,17,19,21,19,12,4,0,0,0,0,0,0,0,0,0,0,0,0,0,0,0,0,0,0,0,0,0,0,0,0,0,0,0,0,0,0,0,0,0,0,0,0,0,0,0,0,0,0,0,0,0,0,0,0,0,0,0,0,0,0,0,0,0,0,0,0,0,0,0,0,0,0,0,0,0,0,0,0,0,0,0,0,0,0,0,0,0,0,0,0,0,0,0,0,0,0,0,0,0,0,0,0,0,0,0,0,0,0,0,0,0,0,0,0,0,0,0,0,0,0,0,0,0,0,0,0,0,0,0,0,0,0,0,0,0,0,0,0,0,0,0,0,0,0,0,0,0,0,0,0,0,0,0,0,0,0,0,0,0,0,0,0,0,0,0,0,0,0,0,0,0,0,0,0,0,0,0,0,0,0,0,0,0,0,0,0,0,0,0,0,0,0,0,0,0,0,0,0,0,0,0,0,0,0,0,0,0,0,0,0,0,0,0,0,0,0,0,0,0,0,0,0,0,0,0,0,0,0,0,0,0,0,0,0,0,0,0,0,0,0,0,0,0,0,0,0,0,0,0,0,
147,0,0,33,33,31,31,31,31,31,32,34,32,32,30,30,32,32,33,33,33,33,35,34,35,35,34,33,34,33,34,33,39,33,31,31,48,31,24,30,30,23,18,18,19,19,26,27,24,27,28,27,35,27,25,24,27,24,26,25,26,24,24,24,24,24,23,26,25,39,43,41,37,41,55,57,63,61,65,61,66,68,66,65,64,59,62,63,63,63,62,62,62,61,61,62,62,63,63,62,60,62,63,59,59,62,61,63,46,59,59,58,49,44,48,44,42,59,57,50,55,52,55,53,56,55,50,58,56,45,45,44,43,43,39,38,37,37,38,38,39,40,42,43,41,37,32,28,28,29,30,31,33,32,35,32,36,54,53,50,29,28,25,18,16,19,23,28,27,26,25,27,26,22,19,20,20,18,13,2,0,0,0,0,0,0,0,0,0,0,0,0,0,0,0,0,0,0,0,0,0,0,0,0,0,0,0,0,0,0,0,0,0,0,0,0,0,0,0,0,0,0,0,0,0,0,0,0,0,0,0,0,0,0,0,0,0,0,0,0,0,0,0,0,0,0,0,0,0,0,0,0,0,0,0,0,0,0,0,0,0,0,0,0,0,0,0,0,0,0,0,0,0,0,0,0,0,0,0,0,0,0,0,0,0,0,0,0,0,0,0,0,0,0,0,0,0,0,0,0,0,0,0,0,0,0,0,0,0,0,0,0,0,0,0,0,0,0,0,0,0,0,0,0,0,0,0,0,0,0,0,0,0,0,0,0,0,0,0,0,0,0,0,0,0,0,0,0,0,0,0,0,0,0,0,0,0,0,0,0,0,0,0,0,0,0,0,0,0,0,0,0,0,0,0,0,0,0,0,0,0,0,0,0,0,0,0,0,0,0,0,0,0,0,0,0,0,0,0,0,0,0,0,0,0,0,0,0,0,0,0,0,0,0,0,0,0,0,0,0,0,0,0,0,
148,0,0,39,39,35,36,33,34,34,33,32,33,33,34,33,32,33,34,33,33,35,35,36,36,36,35,35,34,34,37,36,41,37,40,34,58,50,57,60,26,22,20,27,27,29,28,30,29,30,33,32,28,26,26,25,23,25,25,22,25,25,24,24,24,24,24,23,25,39,40,42,43,52,61,66,64,65,60,58,58,69,64,62,59,60,60,60,61,63,62,62,61,62,61,61,61,58,60,57,57,62,59,62,62,59,49,45,45,45,47,47,46,43,44,43,43,43,43,44,46,46,50,52,56,56,58,50,51,45,45,43,41,41,39,39,39,39,39,40,39,41,45,45,31,31,30,29,29,33,32,32,31,31,30,45,54,54,42,30,28,21,16,17,17,23,24,26,27,25,25,26,24,16,21,21,19,16,12,2,0,0,0,0,0,0,0,0,0,0,0,0,0,0,0,0,0,0,0,0,0,0,0,0,0,0,0,0,0,0,0,0,0,0,0,0,0,0,0,0,0,0,0,0,0,0,0,0,0,0,0,0,0,0,0,0,0,0,0,0,0,0,0,0,0,0,0,0,0,0,0,0,0,0,0,0,0,0,0,0,0,0,0,0,0,0,0,0,0,0,0,0,0,0,0,0,0,0,0,0,0,0,0,0,0,0,0,0,0,0,0,0,0,0,0,0,0,0,0,0,0,0,0,0,0,0,0,0,0,0,0,0,0,0,0,0,0,0,0,0,0,0,0,0,0,0,0,0,0,0,0,0,0,0,0,0,0,0,0,0,0,0,0,0,0,0,0,0,0,0,0,0,0,0,0,0,0,0,0,0,0,0,0,0,0,0,0,0,0,0,0,0,0,0,0,0,0,0,0,0,0,0,0,0,0,0,0,0,0,0,0,0,0,0,0,0,0,0,0,0,0,0,0,0,0,0,0,0,0,0,0,0,0,0,0,0,0,0,0,0,0,0,0,0,
149,0,0,36,36,36,35,34,33,34,34,37,37,36,35,35,37,37,38,38,36,40,40,37,36,36,35,36,38,38,38,35,42,52,57,42,39,29,26,34,37,36,35,35,35,34,31,30,29,28,28,31,29,29,28,27,27,26,26,26,26,26,26,25,25,25,23,24,28,33,39,47,64,71,60,63,60,54,54,68,62,64,57,57,59,61,61,61,61,60,62,61,60,60,60,59,60,61,63,62,57,50,58,46,49,45,45,45,44,46,47,48,48,49,47,47,48,47,48,48,49,48,46,43,43,42,42,42,42,40,41,43,39,40,42,42,43,44,44,44,33,32,32,33,30,31,31,26,27,28,41,45,40,51,44,31,29,28,28,27,18,14,23,31,30,23,25,26,25,26,25,20,17,19,21,20,16,14,9,3,0,0,0,0,0,0,0,0,0,0,0,0,0,0,0,0,0,0,0,0,0,0,0,0,0,0,0,0,0,0,0,0,0,0,0,0,0,0,0,0,0,0,0,0,0,0,0,0,0,0,0,0,0,0,0,0,0,0,0,0,0,0,0,0,0,0,0,0,0,0,0,0,0,0,0,0,0,0,0,0,0,0,0,0,0,0,0,0,0,0,0,0,0,0,0,0,0,0,0,0,0,0,0,0,0,0,0,0,0,0,0,0,0,0,0,0,0,0,0,0,0,0,0,0,0,0,0,0,0,0,0,0,0,0,0,0,0,0,0,0,0,0,0,0,0,0,0,0,0,0,0,0,0,0,0,0,0,0,0,0,0,0,0,0,0,0,0,0,0,0,0,0,0,0,0,0,0,0,0,0,0,0,0,0,0,0,0,0,0,0,0,0,0,0,0,0,0,0,0,0,0,0,0,0,0,0,0,0,0,0,0,0,0,0,0,0,0,0,0,0,0,0,0,0,0,0,0,0,0,0,0,0,0,0,0,0,0,0,0,0,0,0,0,0,
150,0,0,0,38,38,39,39,40,42,40,40,39,39,41,40,38,37,35,37,36,35,36,36,36,35,35,36,36,35,41,34,33,37,36,36,36,38,38,34,34,33,34,34,35,34,33,33,32,31,31,29,28,28,27,27,26,26,26,26,26,26,26,26,29,29,34,47,46,62,64,64,64,63,61,65,69,70,65,55,55,55,53,52,51,54,60,61,61,61,58,57,61,61,61,61,56,51,50,50,47,46,45,45,45,46,49,53,53,55,48,46,47,48,47,43,45,45,44,45,46,44,43,42,41,42,42,41,40,39,39,37,35,35,34,33,32,31,31,31,31,30,30,30,34,31,30,30,30,32,38,36,45,30,31,27,30,27,22,16,14,17,27,27,25,25,27,25,25,23,23,15,16,22,20,18,14,12,8,1,0,0,0,0,0,0,0,0,0,0,0,0,0,0,0,0,0,0,0,0,0,0,0,0,0,0,0,0,0,0,0,0,0,0,0,0,0,0,0,0,0,0,0,0,0,0,0,0,0,0,0,0,0,0,0,0,0,0,0,0,0,0,0,0,0,0,0,0,0,0,0,0,0,0,0,0,0,0,0,0,0,0,0,0,0,0,0,0,0,0,0,0,0,0,0,0,0,0,0,0,0,0,0,0,0,0,0,0,0,0,0,0,0,0,0,0,0,0,0,0,0,0,0,0,0,0,0,0,0,0,0,0,0,0,0,0,0,0,0,0,0,0,0,0,0,0,0,0,0,0,0,0,0,0,0,0,0,0,0,0,0,0,0,0,0,0,0,0,0,0,0,0,0,0,0,0,0,0,0,0,0,0,0,0,0,0,0,0,0,0,0,0,0,0,0,0,0,0,0,0,0,0,0,0,0,0,0,0,0,0,0,0,0,0,0,0,0,0,0,0,0,0,0,0,0,0,0,0,0,0,0,0,0,0,0,0,0,0,0,0,0,0,0,0,
151,0,0,0,41,41,40,40,42,40,41,40,44,41,41,40,37,37,37,35,35,35,35,36,36,35,36,37,37,35,35,34,36,36,36,35,34,34,34,36,36,36,36,35,34,32,32,30,30,31,31,29,28,28,28,28,27,27,27,27,27,27,26,43,45,47,48,64,64,64,64,64,64,62,65,65,63,63,63,57,55,54,53,53,52,62,65,67,54,53,49,50,55,60,54,54,54,51,50,49,48,47,46,45,54,54,53,49,48,47,47,46,46,46,44,45,45,45,47,46,47,45,47,43,43,43,42,42,41,37,37,34,34,33,33,32,32,33,33,32,32,32,32,33,32,30,30,31,35,35,32,32,30,31,30,27,30,22,17,19,15,32,31,26,26,27,26,25,25,19,16,17,21,22,18,17,13,11,6,0,0,0,0,0,0,0,0,0,0,0,0,0,0,0,0,0,0,0,0,0,0,0,0,0,0,0,0,0,0,0,0,0,0,0,0,0,0,0,0,0,0,0,0,0,0,0,0,0,0,0,0,0,0,0,0,0,0,0,0,0,0,0,0,0,0,0,0,0,0,0,0,0,0,0,0,0,0,0,0,0,0,0,0,0,0,0,0,0,0,0,0,0,0,0,0,0,0,0,0,0,0,0,0,0,0,0,0,0,0,0,0,0,0,0,0,0,0,0,0,0,0,0,0,0,0,0,0,0,0,0,0,0,0,0,0,0,0,0,0,0,0,0,0,0,0,0,0,0,0,0,0,0,0,0,0,0,0,0,0,0,0,0,0,0,0,0,0,0,0,0,0,0,0,0,0,0,0,0,0,0,0,0,0,0,0,0,0,0,0,0,0,0,0,0,0,0,0,0,0,0,0,0,0,0,0,0,0,0,0,0,0,0,0,0,0,0,0,0,0,0,0,0,0,0,0,0,0,0,0,0,0,0,0,0,0,0,0,0,0,0,0,0,0,0,
152,0,0,0,40,41,40,38,40,43,37,39,39,37,36,36,38,39,39,39,38,36,36,37,37,36,36,36,36,36,35,35,35,35,36,36,36,34,34,33,33,33,32,32,32,31,31,31,32,33,30,29,30,30,30,30,29,30,31,31,44,47,47,48,49,64,64,64,53,64,65,63,58,63,59,60,53,52,51,49,49,50,55,56,58,55,54,51,51,53,52,55,55,56,57,54,54,49,48,48,49,49,51,51,51,48,47,50,49,48,47,45,47,47,46,43,44,44,43,44,46,45,44,42,41,41,39,39,37,40,39,37,37,34,35,39,35,34,34,33,33,33,31,31,31,31,30,36,34,30,28,28,28,13,17,28,23,14,14,29,41,28,28,27,28,25,24,22,15,15,16,22,22,21,17,15,11,10,7,0,0,0,0,0,0,0,0,0,0,0,0,0,0,0,0,0,0,0,0,0,0,0,0,0,0,0,0,0,0,0,0,0,0,0,0,0,0,0,0,0,0,0,0,0,0,0,0,0,0,0,0,0,0,0,0,0,0,0,0,0,0,0,0,0,0,0,0,0,0,0,0,0,0,0,0,0,0,0,0,0,0,0,0,0,0,0,0,0,0,0,0,0,0,0,0,0,0,0,0,0,0,0,0,0,0,0,0,0,0,0,0,0,0,0,0,0,0,0,0,0,0,0,0,0,0,0,0,0,0,0,0,0,0,0,0,0,0,0,0,0,0,0,0,0,0,0,0,0,0,0,0,0,0,0,0,0,0,0,0,0,0,0,0,0,0,0,0,0,0,0,0,0,0,0,0,0,0,0,0,0,0,0,0,0,0,0,0,0,0,0,0,0,0,0,0,0,0,0,0,0,0,0,0,0,0,0,0,0,0,0,0,0,0,0,0,0,0,0,0,0,0,0,0,0,0,0,0,0,0,0,0,0,0,0,0,0,0,0,0,0,0,0,0,0,
153,0,0,0,38,37,37,41,43,43,42,36,38,38,39,36,40,41,41,39,40,38,45,37,39,39,36,36,35,35,35,36,36,36,35,35,34,34,33,33,33,33,33,33,32,32,32,32,33,33,32,31,31,32,31,32,33,32,32,44,47,49,49,51,64,64,55,54,65,64,63,60,64,61,52,52,51,50,49,49,50,51,54,54,54,54,54,53,53,53,52,56,56,57,58,54,51,49,48,50,53,53,52,49,49,51,52,52,49,49,48,49,49,48,46,43,43,43,51,50,45,41,43,42,41,40,38,42,41,41,38,40,40,39,37,37,37,35,36,34,33,32,32,31,32,34,33,29,26,27,29,29,20,15,20,22,17,16,34,41,39,26,26,27,24,24,18,16,15,18,20,22,22,19,17,14,11,9,6,0,0,0,0,0,0,0,0,0,0,0,0,0,0,0,0,0,0,0,0,0,0,0,0,0,0,0,0,0,0,0,0,0,0,0,0,0,0,0,0,0,0,0,0,0,0,0,0,0,0,0,0,0,0,0,0,0,0,0,0,0,0,0,0,0,0,0,0,0,0,0,0,0,0,0,0,0,0,0,0,0,0,0,0,0,0,0,0,0,0,0,0,0,0,0,0,0,0,0,0,0,0,0,0,0,0,0,0,0,0,0,0,0,0,0,0,0,0,0,0,0,0,0,0,0,0,0,0,0,0,0,0,0,0,0,0,0,0,0,0,0,0,0,0,0,0,0,0,0,0,0,0,0,0,0,0,0,0,0,0,0,0,0,0,0,0,0,0,0,0,0,0,0,0,0,0,0,0,0,0,0,0,0,0,0,0,0,0,0,0,0,0,0,0,0,0,0,0,0,0,0,0,0,0,0,0,0,0,0,0,0,0,0,0,0,0,0,0,0,0,0,0,0,0,0,0,0,0,0,0,0,0,0,0,0,0,0,0,0,0,0,0,0,0,0,
154,0,0,0,40,35,40,40,37,37,37,37,36,37,37,37,37,36,39,39,40,37,37,37,38,37,37,37,37,37,37,36,36,36,35,35,35,35,34,34,35,34,34,35,34,34,34,33,36,36,36,33,33,34,34,34,34,44,48,49,51,63,65,65,64,54,65,64,62,61,61,65,57,51,49,49,48,48,48,48,48,48,48,48,47,48,47,45,45,51,55,55,54,55,56,52,48,48,52,52,53,52,53,54,52,52,48,48,48,48,48,47,47,44,44,40,40,38,36,35,36,38,37,36,38,39,38,38,38,39,39,37,37,36,34,35,36,36,36,35,34,35,30,30,29,32,30,30,29,29,26,25,27,31,28,31,31,31,30,40,27,27,27,22,20,16,15,17,20,20,19,21,20,17,15,13,10,8,5,0,0,0,0,0,0,0,0,0,0,0,0,0,0,0,0,0,0,0,0,0,0,0,0,0,0,0,0,0,0,0,0,0,0,0,0,0,0,0,0,0,0,0,0,0,0,0,0,0,0,0,0,0,0,0,0,0,0,0,0,0,0,0,0,0,0,0,0,0,0,0,0,0,0,0,0,0,0,0,0,0,0,0,0,0,0,0,0,0,0,0,0,0,0,0,0,0,0,0,0,0,0,0,0,0,0,0,0,0,0,0,0,0,0,0,0,0,0,0,0,0,0,0,0,0,0,0,0,0,0,0,0,0,0,0,0,0,0,0,0,0,0,0,0,0,0,0,0,0,0,0,0,0,0,0,0,0,0,0,0,0,0,0,0,0,0,0,0,0,0,0,0,0,0,0,0,0,0,0,0,0,0,0,0,0,0,0,0,0,0,0,0,0,0,0,0,0,0,0,0,0,0,0,0,0,0,0,0,0,0,0,0,0,0,0,0,0,0,0,0,0,0,0,0,0,0,0,0,0,0,0,0,0,0,0,0,0,0,0,0,0,0,0,0,0,
155,0,0,0,44,43,41,43,41,41,40,38,37,37,37,37,37,37,40,38,38,39,41,39,37,38,37,37,37,37,37,37,37,37,37,37,36,36,37,35,36,36,36,36,38,37,37,37,39,38,43,38,38,36,36,37,45,50,57,62,63,65,64,54,64,63,63,63,65,63,52,49,49,48,48,48,48,47,47,47,47,47,47,48,47,46,43,43,49,55,58,53,55,54,51,48,53,53,55,54,52,53,53,52,51,49,49,46,45,45,47,46,46,42,42,40,44,42,42,43,43,42,41,42,41,41,40,40,39,38,37,36,35,35,35,35,36,35,34,33,32,33,30,33,33,32,32,31,31,31,30,31,31,29,31,28,28,30,26,25,18,19,19,18,18,20,21,21,20,20,21,20,19,16,13,11,9,8,3,-3,-12,0,0,0,0,0,0,0,0,0,0,0,0,0,0,0,0,0,0,0,0,0,0,0,0,0,0,0,0,0,0,0,0,0,0,0,0,0,0,0,0,0,0,0,0,0,0,0,0,0,0,0,0,0,0,0,0,0,0,0,0,0,0,0,0,0,0,0,0,0,0,0,0,0,0,0,0,0,0,0,0,0,0,0,0,0,0,0,0,0,0,0,0,0,0,0,0,0,0,0,0,0,0,0,0,0,0,0,0,0,0,0,0,0,0,0,0,0,0,0,0,0,0,0,0,0,0,0,0,0,0,0,0,0,0,0,0,0,0,0,0,0,0,0,0,0,0,0,0,0,0,0,0,0,0,0,0,0,0,0,0,0,0,0,0,0,0,0,0,0,0,0,0,0,0,0,0,0,0,0,0,0,0,0,0,0,0,0,0,0,0,0,0,0,0,0,0,0,0,0,0,0,0,0,0,0,0,0,0,0,0,0,0,0,0,0,0,0,0,0,0,0,0,0,0,0,0,0,0,0,0,0,0,0,0,0,0,0,0,0,0,0,0,0,
156,0,0,0,46,45,45,45,43,42,42,40,40,36,42,38,37,52,43,43,44,45,48,45,42,39,39,38,38,38,38,38,39,38,38,38,39,40,40,40,41,42,42,41,40,42,40,40,40,40,43,43,40,40,41,43,49,61,54,54,64,64,65,65,64,62,64,65,65,52,49,49,49,48,48,48,47,47,47,47,47,47,47,47,46,45,43,55,52,58,52,51,55,55,50,50,51,53,54,52,52,53,52,52,51,49,48,47,45,45,48,45,41,42,42,42,43,42,42,42,42,42,42,42,42,42,38,39,39,37,37,37,37,36,35,34,34,34,33,33,33,33,31,32,33,35,32,31,31,31,31,30,32,29,30,27,27,28,22,21,16,19,19,19,23,22,21,20,20,21,21,19,18,15,12,10,9,7,1,0,0,0,0,0,0,0,0,0,0,0,0,0,0,0,0,0,0,0,0,0,0,0,0,0,0,0,0,0,0,0,0,0,0,0,0,0,0,0,0,0,0,0,0,0,0,0,0,0,0,0,0,0,0,0,0,0,0,0,0,0,0,0,0,0,0,0,0,0,0,0,0,0,0,0,0,0,0,0,0,0,0,0,0,0,0,0,0,0,0,0,0,0,0,0,0,0,0,0,0,0,0,0,0,0,0,0,0,0,0,0,0,0,0,0,0,0,0,0,0,0,0,0,0,0,0,0,0,0,0,0,0,0,0,0,0,0,0,0,0,0,0,0,0,0,0,0,0,0,0,0,0,0,0,0,0,0,0,0,0,0,0,0,0,0,0,0,0,0,0,0,0,0,0,0,0,0,0,0,0,0,0,0,0,0,0,0,0,0,0,0,0,0,0,0,0,0,0,0,0,0,0,0,0,0,0,0,0,0,0,0,0,0,0,0,0,0,0,0,0,0,0,0,0,0,0,0,0,0,0,0,0,0,0,0,0,0,0,0,0,0,0,0,0,0,
157,0,0,0,48,48,48,47,45,46,49,48,47,49,50,49,48,49,49,50,52,51,55,55,49,50,48,51,52,47,47,48,47,48,49,50,47,45,46,45,46,44,43,44,47,45,46,46,48,49,55,55,49,53,53,58,60,60,69,68,67,64,63,62,62,64,65,58,50,49,48,48,48,48,48,48,47,47,47,47,46,46,49,50,52,57,54,53,53,46,48,47,49,46,50,50,50,53,52,53,54,54,53,51,50,48,47,47,51,42,41,39,41,42,42,38,40,39,39,37,39,38,38,38,37,37,37,36,36,36,37,34,33,34,32,32,32,32,32,31,30,30,48,46,42,38,35,32,34,32,29,28,31,24,28,22,24,24,28,21,23,34,28,25,23,19,20,21,22,21,20,18,17,12,9,9,7,6,0,0,0,0,0,0,0,0,0,0,0,0,0,0,0,0,0,0,0,0,0,0,0,0,0,0,0,0,0,0,0,0,0,0,0,0,0,0,0,0,0,0,0,0,0,0,0,0,0,0,0,0,0,0,0,0,0,0,0,0,0,0,0,0,0,0,0,0,0,0,0,0,0,0,0,0,0,0,0,0,0,0,0,0,0,0,0,0,0,0,0,0,0,0,0,0,0,0,0,0,0,0,0,0,0,0,0,0,0,0,0,0,0,0,0,0,0,0,0,0,0,0,0,0,0,0,0,0,0,0,0,0,0,0,0,0,0,0,0,0,0,0,0,0,0,0,0,0,0,0,0,0,0,0,0,0,0,0,0,0,0,0,0,0,0,0,0,0,0,0,0,0,0,0,0,0,0,0,0,0,0,0,0,0,0,0,0,0,0,0,0,0,0,0,0,0,0,0,0,0,0,0,0,0,0,0,0,0,0,0,0,0,0,0,0,0,0,0,0,0,0,0,0,0,0,0,0,0,0,0,0,0,0,0,0,0,0,0,0,0,0,0,0,0,0,0,
158,0,0,0,51,50,51,53,51,54,57,50,49,52,55,52,52,51,49,55,52,50,52,55,53,52,54,48,48,48,48,51,51,51,47,48,49,51,51,53,53,58,54,57,63,62,60,58,57,51,59,59,51,55,57,70,71,69,68,67,62,61,61,61,63,68,50,49,49,48,48,48,48,48,48,48,47,46,46,46,46,47,47,46,46,48,47,45,45,44,45,45,47,48,49,48,49,51,50,51,50,50,48,47,46,46,46,43,43,43,42,41,38,37,36,35,36,35,36,36,36,40,39,38,37,33,35,34,34,35,35,35,31,31,31,31,34,39,40,46,46,48,38,35,35,33,33,31,31,30,29,29,28,28,28,31,30,30,30,31,26,25,25,22,22,23,23,23,22,19,17,14,12,9,8,7,6,5,0,0,0,0,0,0,0,0,0,0,0,0,0,0,0,0,0,0,0,0,0,0,0,0,0,0,0,0,0,0,0,0,0,0,0,0,0,0,0,0,0,0,0,0,0,0,0,0,0,0,0,0,0,0,0,0,0,0,0,0,0,0,0,0,0,0,0,0,0,0,0,0,0,0,0,0,0,0,0,0,0,0,0,0,0,0,0,0,0,0,0,0,0,0,0,0,0,0,0,0,0,0,0,0,0,0,0,0,0,0,0,0,0,0,0,0,0,0,0,0,0,0,0,0,0,0,0,0,0,0,0,0,0,0,0,0,0,0,0,0,0,0,0,0,0,0,0,0,0,0,0,0,0,0,0,0,0,0,0,0,0,0,0,0,0,0,0,0,0,0,0,0,0,0,0,0,0,0,0,0,0,0,0,0,0,0,0,0,0,0,0,0,0,0,0,0,0,0,0,0,0,0,0,0,0,0,0,0,0,0,0,0,0,0,0,0,0,0,0,0,0,0,0,0,0,0,0,0,0,0,0,0,0,0,0,0,0,0,0,0,0,0,0,0,0,0,
159,0,0,0,51,51,53,52,51,51,50,51,51,50,49,57,47,47,55,50,55,49,50,49,48,49,47,50,49,51,51,49,52,50,53,52,54,54,52,52,52,54,55,54,62,57,61,51,51,51,55,59,52,57,60,72,72,68,62,62,63,62,61,62,62,61,50,49,49,49,48,49,49,48,48,47,47,46,46,46,46,46,46,47,46,45,45,44,43,43,44,45,50,50,48,48,48,48,46,47,49,49,46,46,47,47,44,44,44,43,40,38,38,36,36,36,36,36,38,39,39,40,39,36,35,34,34,34,36,35,44,38,32,40,40,37,42,43,43,45,36,34,33,34,32,31,32,29,30,29,30,29,29,30,29,28,28,31,30,29,26,25,27,27,26,25,23,23,20,16,14,12,11,9,7,7,6,4,0,0,0,0,0,0,0,0,0,0,0,0,0,0,0,0,0,0,0,0,0,0,0,0,0,0,0,0,0,0,0,0,0,0,0,0,0,0,0,0,0,0,0,0,0,0,0,0,0,0,0,0,0,0,0,0,0,0,0,0,0,0,0,0,0,0,0,0,0,0,0,0,0,0,0,0,0,0,0,0,0,0,0,0,0,0,0,0,0,0,0,0,0,0,0,0,0,0,0,0,0,0,0,0,0,0,0,0,0,0,0,0,0,0,0,0,0,0,0,0,0,0,0,0,0,0,0,0,0,0,0,0,0,0,0,0,0,0,0,0,0,0,0,0,0,0,0,0,0,0,0,0,0,0,0,0,0,0,0,0,0,0,0,0,0,0,0,0,0,0,0,0,0,0,0,0,0,0,0,0,0,0,0,0,0,0,0,0,0,0,0,0,0,0,0,0,0,0,0,0,0,0,0,0,0,0,0,0,0,0,0,0,0,0,0,0,0,0,0,0,0,0,0,0,0,0,0,0,0,0,0,0,0,0,0,0,0,0,0,0,0,0,0,0,0,0,
160,0,0,0,0,52,52,53,52,52,52,52,52,71,51,52,52,52,51,52,51,51,51,50,50,50,50,54,54,55,58,56,55,55,56,60,56,55,57,59,57,58,55,55,53,52,55,55,54,54,56,61,63,67,69,66,64,63,67,66,64,64,63,68,65,56,57,58,50,49,49,48,48,47,47,46,46,46,46,46,46,45,45,45,45,46,45,44,43,44,50,49,48,49,49,48,48,47,46,47,44,46,46,40,40,41,42,42,42,42,38,36,36,36,37,37,38,39,41,44,42,42,38,41,44,36,49,47,49,46,32,34,36,36,40,42,37,37,37,34,32,32,31,31,30,31,31,32,32,32,31,30,29,28,28,29,29,28,27,27,26,26,27,27,26,25,21,20,14,12,12,11,11,10,8,7,5,3,0,0,0,0,0,0,0,0,0,0,0,0,0,0,0,0,0,0,0,0,0,0,0,0,0,0,0,0,0,0,0,0,0,0,0,0,0,0,0,0,0,0,0,0,0,0,0,0,0,0,0,0,0,0,0,0,0,0,0,0,0,0,0,0,0,0,0,0,0,0,0,0,0,0,0,0,0,0,0,0,0,0,0,0,0,0,0,0,0,0,0,0,0,0,0,0,0,0,0,0,0,0,0,0,0,0,0,0,0,0,0,0,0,0,0,0,0,0,0,0,0,0,0,0,0,0,0,0,0,0,0,0,0,0,0,0,0,0,0,0,0,0,0,0,0,0,0,0,0,0,0,0,0,0,0,0,0,0,0,0,0,0,0,0,0,0,0,0,0,0,0,0,0,0,0,0,0,0,0,0,0,0,0,0,0,0,0,0,0,0,0,0,0,0,0,0,0,0,0,0,0,0,0,0,0,0,0,0,0,0,0,0,0,0,0,0,0,0,0,0,0,0,0,0,0,0,0,0,0,0,0,0,0,0,0,0,0,0,0,0,0,0,0,0,0,0,
161,0,0,0,0,52,52,53,52,52,52,54,54,53,55,53,53,54,53,52,52,53,52,54,52,51,50,51,51,51,51,58,57,54,57,54,59,58,55,57,57,55,58,54,56,55,55,54,54,53,61,62,63,68,69,63,68,69,66,65,65,64,75,64,61,58,52,60,50,49,49,48,48,47,47,46,46,46,46,46,46,46,45,45,45,45,45,46,45,49,50,49,50,49,49,48,48,49,47,46,49,49,44,45,41,45,44,43,41,43,38,37,37,37,40,42,42,45,43,43,44,43,42,45,34,33,34,33,33,33,32,34,37,37,35,36,35,35,34,32,32,32,31,32,32,32,32,31,30,31,32,29,27,28,28,27,28,28,27,27,26,25,25,25,24,22,17,16,14,13,13,12,11,10,8,7,4,2,0,0,0,0,0,0,0,0,0,0,0,0,0,0,0,0,0,0,0,0,0,0,0,0,0,0,0,0,0,0,0,0,0,0,0,0,0,0,0,0,0,0,0,0,0,0,0,0,0,0,0,0,0,0,0,0,0,0,0,0,0,0,0,0,0,0,0,0,0,0,0,0,0,0,0,0,0,0,0,0,0,0,0,0,0,0,0,0,0,0,0,0,0,0,0,0,0,0,0,0,0,0,0,0,0,0,0,0,0,0,0,0,0,0,0,0,0,0,0,0,0,0,0,0,0,0,0,0,0,0,0,0,0,0,0,0,0,0,0,0,0,0,0,0,0,0,0,0,0,0,0,0,0,0,0,0,0,0,0,0,0,0,0,0,0,0,0,0,0,0,0,0,0,0,0,0,0,0,0,0,0,0,0,0,0,0,0,0,0,0,0,0,0,0,0,0,0,0,0,0,0,0,0,0,0,0,0,0,0,0,0,0,0,0,0,0,0,0,0,0,0,0,0,0,0,0,0,0,0,0,0,0,0,0,0,0,0,0,0,0,0,0,0,0,0,0,
162,0,0,0,0,52,53,53,53,53,54,54,56,53,53,53,53,55,54,56,56,55,55,55,54,55,55,54,54,56,57,52,52,52,52,52,54,56,58,57,57,56,55,55,56,55,55,55,62,62,67,65,69,71,70,72,74,67,63,70,63,56,56,55,54,53,51,50,50,51,51,51,51,51,51,50,50,49,48,47,46,45,46,46,46,46,46,46,46,48,49,49,49,49,49,51,51,48,48,48,46,47,45,48,47,47,46,43,41,42,41,41,39,39,38,37,37,36,34,33,33,37,34,34,36,34,36,37,39,36,37,36,34,34,33,33,33,31,32,33,33,33,34,32,34,33,33,32,31,30,30,29,27,26,26,27,26,26,24,25,24,24,23,20,18,14,14,15,16,14,13,12,11,9,8,6,2,1,0,0,0,0,0,0,0,0,0,0,0,0,0,0,0,0,0,0,0,0,0,0,0,0,0,0,0,0,0,0,0,0,0,0,0,0,0,0,0,0,0,0,0,0,0,0,0,0,0,0,0,0,0,0,0,0,0,0,0,0,0,0,0,0,0,0,0,0,0,0,0,0,0,0,0,0,0,0,0,0,0,0,0,0,0,0,0,0,0,0,0,0,0,0,0,0,0,0,0,0,0,0,0,0,0,0,0,0,0,0,0,0,0,0,0,0,0,0,0,0,0,0,0,0,0,0,0,0,0,0,0,0,0,0,0,0,0,0,0,0,0,0,0,0,0,0,0,0,0,0,0,0,0,0,0,0,0,0,0,0,0,0,0,0,0,0,0,0,0,0,0,0,0,0,0,0,0,0,0,0,0,0,0,0,0,0,0,0,0,0,0,0,0,0,0,0,0,0,0,0,0,0,0,0,0,0,0,0,0,0,0,0,0,0,0,0,0,0,0,0,0,0,0,0,0,0,0,0,0,0,0,0,0,0,0,0,0,0,0,0,0,0,0,0,0,0,
163,0,0,0,0,54,54,54,55,54,54,54,55,54,54,54,54,54,53,53,54,55,55,55,54,55,55,55,55,55,55,54,55,57,58,52,53,55,55,53,55,58,62,61,56,69,70,69,71,72,72,72,70,72,73,56,55,59,53,56,55,54,57,54,51,52,52,57,60,61,61,59,58,58,50,52,50,50,50,48,49,48,48,48,47,47,47,48,48,49,47,48,49,51,51,50,48,48,51,51,50,51,43,43,44,42,43,42,40,39,38,39,40,37,37,36,35,35,36,37,37,35,34,35,35,35,34,33,33,33,33,32,32,32,35,35,33,33,32,32,31,32,32,34,33,32,31,31,29,29,28,26,25,25,27,26,26,26,24,22,22,20,18,15,15,15,16,16,15,13,12,12,11,10,7,5,1,0,0,0,0,0,0,0,0,0,0,0,0,0,0,0,0,0,0,0,0,0,0,0,0,0,0,0,0,0,0,0,0,0,0,0,0,0,0,0,0,0,0,0,0,0,0,0,0,0,0,0,0,0,0,0,0,0,0,0,0,0,0,0,0,0,0,0,0,0,0,0,0,0,0,0,0,0,0,0,0,0,0,0,0,0,0,0,0,0,0,0,0,0,0,0,0,0,0,0,0,0,0,0,0,0,0,0,0,0,0,0,0,0,0,0,0,0,0,0,0,0,0,0,0,0,0,0,0,0,0,0,0,0,0,0,0,0,0,0,0,0,0,0,0,0,0,0,0,0,0,0,0,0,0,0,0,0,0,0,0,0,0,0,0,0,0,0,0,0,0,0,0,0,0,0,0,0,0,0,0,0,0,0,0,0,0,0,0,0,0,0,0,0,0,0,0,0,0,0,0,0,0,0,0,0,0,0,0,0,0,0,0,0,0,0,0,0,0,0,0,0,0,0,0,0,0,0,0,0,0,0,0,0,0,0,0,0,0,0,0,0,0,0,0,0,0,0,
164,0,0,0,0,55,55,55,55,56,56,55,55,55,55,55,54,54,54,55,55,55,55,55,56,54,55,54,56,55,54,54,55,54,58,58,56,57,60,67,71,71,70,59,72,66,64,75,73,73,70,71,58,54,53,53,53,58,57,54,56,51,51,51,51,52,56,56,54,56,50,50,51,50,50,51,50,49,48,48,47,46,47,47,48,48,47,50,48,48,49,50,51,51,50,49,48,50,49,49,52,42,43,42,42,43,43,38,36,37,39,40,38,37,36,36,36,35,35,36,35,35,34,34,34,33,33,34,32,32,32,32,32,32,35,34,33,32,32,30,30,31,31,31,32,30,30,29,28,28,27,25,24,27,27,25,26,26,24,23,21,19,18,16,16,16,16,15,14,13,13,12,11,9,6,3,0,0,0,0,0,0,0,0,0,0,0,0,0,0,0,0,0,0,0,0,0,0,0,0,0,0,0,0,0,0,0,0,0,0,0,0,0,0,0,0,0,0,0,0,0,0,0,0,0,0,0,0,0,0,0,0,0,0,0,0,0,0,0,0,0,0,0,0,0,0,0,0,0,0,0,0,0,0,0,0,0,0,0,0,0,0,0,0,0,0,0,0,0,0,0,0,0,0,0,0,0,0,0,0,0,0,0,0,0,0,0,0,0,0,0,0,0,0,0,0,0,0,0,0,0,0,0,0,0,0,0,0,0,0,0,0,0,0,0,0,0,0,0,0,0,0,0,0,0,0,0,0,0,0,0,0,0,0,0,0,0,0,0,0,0,0,0,0,0,0,0,0,0,0,0,0,0,0,0,0,0,0,0,0,0,0,0,0,0,0,0,0,0,0,0,0,0,0,0,0,0,0,0,0,0,0,0,0,0,0,0,0,0,0,0,0,0,0,0,0,0,0,0,0,0,0,0,0,0,0,0,0,0,0,0,0,0,0,0,0,0,0,0,0,0,0,0,0,
165,0,0,0,0,56,56,56,57,58,57,57,57,56,55,55,55,55,55,56,58,58,56,54,55,54,55,55,65,65,69,81,75,74,75,77,91,90,81,79,76,80,77,78,82,75,75,71,70,69,69,54,55,54,54,53,52,56,51,51,50,49,49,49,49,49,49,48,48,48,49,49,49,48,48,48,48,48,48,47,47,48,47,47,47,47,48,47,47,47,48,48,50,50,50,49,48,47,49,49,44,43,47,46,45,43,43,41,44,42,38,38,38,38,38,37,35,35,34,35,36,38,35,34,33,33,33,33,32,32,32,32,32,31,30,30,29,29,29,30,32,30,32,30,30,30,30,29,28,27,27,27,26,24,26,24,23,22,21,21,20,20,19,17,16,15,15,15,15,14,13,11,10,8,5,3,0,0,0,0,0,0,0,0,0,0,0,0,0,0,0,0,0,0,0,0,0,0,0,0,0,0,0,0,0,0,0,0,0,0,0,0,0,0,0,0,0,0,0,0,0,0,0,0,0,0,0,0,0,0,0,0,0,0,0,0,0,0,0,0,0,0,0,0,0,0,0,0,0,0,0,0,0,0,0,0,0,0,0,0,0,0,0,0,0,0,0,0,0,0,0,0,0,0,0,0,0,0,0,0,0,0,0,0,0,0,0,0,0,0,0,0,0,0,0,0,0,0,0,0,0,0,0,0,0,0,0,0,0,0,0,0,0,0,0,0,0,0,0,0,0,0,0,0,0,0,0,0,0,0,0,0,0,0,0,0,0,0,0,0,0,0,0,0,0,0,0,0,0,0,0,0,0,0,0,0,0,0,0,0,0,0,0,0,0,0,0,0,0,0,0,0,0,0,0,0,0,0,0,0,0,0,0,0,0,0,0,0,0,0,0,0,0,0,0,0,0,0,0,0,0,0,0,0,0,0,0,0,0,0,0,0,0,0,0,0,0,0,0,0,0,0,0,0,
166,0,0,0,0,55,55,56,56,58,56,56,56,56,56,57,57,59,57,59,58,59,57,56,57,66,72,78,79,84,77,72,81,85,70,79,65,95,84,77,85,74,82,70,69,73,58,61,65,58,55,54,54,53,52,53,52,52,51,51,50,49,49,49,48,48,48,48,48,48,48,48,48,48,47,47,47,47,47,47,47,47,47,47,47,47,48,48,48,47,47,48,50,50,50,48,47,46,50,46,47,47,46,43,43,41,41,41,42,42,51,46,51,38,38,37,37,37,34,37,37,34,34,34,34,33,33,33,32,36,33,32,31,31,30,29,29,29,29,28,30,30,30,29,28,32,31,29,28,26,24,24,25,24,24,23,22,21,20,20,20,19,19,17,16,16,16,15,14,13,12,10,9,7,4,0,0,0,0,0,0,0,0,0,0,0,0,0,0,0,0,0,0,0,0,0,0,0,0,0,0,0,0,0,0,0,0,0,0,0,0,0,0,0,0,0,0,0,0,0,0,0,0,0,0,0,0,0,0,0,0,0,0,0,0,0,0,0,0,0,0,0,0,0,0,0,0,0,0,0,0,0,0,0,0,0,0,0,0,0,0,0,0,0,0,0,0,0,0,0,0,0,0,0,0,0,0,0,0,0,0,0,0,0,0,0,0,0,0,0,0,0,0,0,0,0,0,0,0,0,0,0,0,0,0,0,0,0,0,0,0,0,0,0,0,0,0,0,0,0,0,0,0,0,0,0,0,0,0,0,0,0,0,0,0,0,0,0,0,0,0,0,0,0,0,0,0,0,0,0,0,0,0,0,0,0,0,0,0,0,0,0,0,0,0,0,0,0,0,0,0,0,0,0,0,0,0,0,0,0,0,0,0,0,0,0,0,0,0,0,0,0,0,0,0,0,0,0,0,0,0,0,0,0,0,0,0,0,0,0,0,0,0,0,0,0,0,0,0,0,0,0,0,0,
167,0,0,0,0,57,57,57,57,57,57,57,57,57,57,59,57,60,58,57,63,60,65,59,60,71,72,73,85,75,79,78,74,62,65,61,62,60,66,67,64,59,67,66,59,61,57,57,53,53,53,53,52,52,51,53,52,51,51,50,50,49,49,49,49,49,48,48,48,48,48,48,48,48,47,47,48,48,48,48,48,48,48,47,47,47,46,46,46,46,47,48,50,50,47,47,47,49,46,45,42,41,41,41,41,42,42,43,42,42,40,40,40,44,44,41,38,37,35,36,36,35,34,35,34,34,35,35,34,32,31,31,30,30,29,29,29,29,29,31,31,32,32,30,30,29,29,28,27,26,25,25,24,19,19,16,18,20,20,20,19,18,18,17,17,17,15,14,14,12,12,9,8,6,0,0,0,0,0,0,0,0,0,0,0,0,0,0,0,0,0,0,0,0,0,0,0,0,0,0,0,0,0,0,0,0,0,0,0,0,0,0,0,0,0,0,0,0,0,0,0,0,0,0,0,0,0,0,0,0,0,0,0,0,0,0,0,0,0,0,0,0,0,0,0,0,0,0,0,0,0,0,0,0,0,0,0,0,0,0,0,0,0,0,0,0,0,0,0,0,0,0,0,0,0,0,0,0,0,0,0,0,0,0,0,0,0,0,0,0,0,0,0,0,0,0,0,0,0,0,0,0,0,0,0,0,0,0,0,0,0,0,0,0,0,0,0,0,0,0,0,0,0,0,0,0,0,0,0,0,0,0,0,0,0,0,0,0,0,0,0,0,0,0,0,0,0,0,0,0,0,0,0,0,0,0,0,0,0,0,0,0,0,0,0,0,0,0,0,0,0,0,0,0,0,0,0,0,0,0,0,0,0,0,0,0,0,0,0,0,0,0,0,0,0,0,0,0,0,0,0,0,0,0,0,0,0,0,0,0,0,0,0,0,0,0,0,0,0,0,0,0,0,0,
168,0,0,0,0,57,58,59,58,58,57,58,57,58,58,60,57,58,58,59,59,60,61,67,64,73,72,62,61,59,60,75,63,61,59,58,58,57,59,66,59,67,59,58,57,53,52,52,52,53,52,52,52,52,52,56,52,51,51,50,49,49,49,49,49,49,49,49,48,49,49,51,52,52,50,48,48,48,48,47,47,47,47,46,46,46,46,46,46,47,49,51,50,50,50,50,45,43,41,41,40,41,44,44,44,39,43,41,40,41,38,38,37,38,38,38,41,37,40,37,37,36,35,34,34,33,33,32,31,30,30,29,29,29,29,29,29,29,29,29,30,30,29,29,28,27,26,26,25,22,22,21,23,22,23,21,21,21,19,19,19,17,16,15,15,15,15,15,14,12,10,8,7,5,0,0,0,0,0,0,0,0,0,0,0,0,0,0,0,0,0,0,0,0,0,0,0,0,0,0,0,0,0,0,0,0,0,0,0,0,0,0,0,0,0,0,0,0,0,0,0,0,0,0,0,0,0,0,0,0,0,0,0,0,0,0,0,0,0,0,0,0,0,0,0,0,0,0,0,0,0,0,0,0,0,0,0,0,0,0,0,0,0,0,0,0,0,0,0,0,0,0,0,0,0,0,0,0,0,0,0,0,0,0,0,0,0,0,0,0,0,0,0,0,0,0,0,0,0,0,0,0,0,0,0,0,0,0,0,0,0,0,0,0,0,0,0,0,0,0,0,0,0,0,0,0,0,0,0,0,0,0,0,0,0,0,0,0,0,0,0,0,0,0,0,0,0,0,0,0,0,0,0,0,0,0,0,0,0,0,0,0,0,0,0,0,0,0,0,0,0,0,0,0,0,0,0,0,0,0,0,0,0,0,0,0,0,0,0,0,0,0,0,0,0,0,0,0,0,0,0,0,0,0,0,0,0,0,0,0,0,0,0,0,0,0,0,0,0,0,0,0,0,0,
169,0,0,0,0,57,57,57,57,57,57,58,58,59,59,59,60,60,60,62,62,59,60,61,72,73,65,59,59,59,60,71,61,59,58,58,58,59,60,66,66,64,60,57,54,53,52,52,52,53,53,53,52,52,52,53,53,51,50,50,49,49,49,49,50,49,49,48,48,49,52,50,50,50,50,50,48,47,47,46,46,46,46,45,45,45,46,46,46,47,51,50,51,51,50,45,44,42,42,42,41,42,41,41,40,39,38,39,38,38,37,37,37,37,38,36,36,36,35,35,35,34,34,34,33,33,32,30,30,30,30,30,29,29,29,29,29,29,29,29,29,29,29,29,28,26,26,24,24,22,22,22,21,20,21,18,18,16,18,19,19,17,15,15,15,15,15,15,13,10,8,7,6,4,0,0,0,0,0,0,0,0,0,0,0,0,0,0,0,0,0,0,0,0,0,0,0,0,0,0,0,0,0,0,0,0,0,0,0,0,0,0,0,0,0,0,0,0,0,0,0,0,0,0,0,0,0,0,0,0,0,0,0,0,0,0,0,0,0,0,0,0,0,0,0,0,0,0,0,0,0,0,0,0,0,0,0,0,0,0,0,0,0,0,0,0,0,0,0,0,0,0,0,0,0,0,0,0,0,0,0,0,0,0,0,0,0,0,0,0,0,0,0,0,0,0,0,0,0,0,0,0,0,0,0,0,0,0,0,0,0,0,0,0,0,0,0,0,0,0,0,0,0,0,0,0,0,0,0,0,0,0,0,0,0,0,0,0,0,0,0,0,0,0,0,0,0,0,0,0,0,0,0,0,0,0,0,0,0,0,0,0,0,0,0,0,0,0,0,0,0,0,0,0,0,0,0,0,0,0,0,0,0,0,0,0,0,0,0,0,0,0,0,0,0,0,0,0,0,0,0,0,0,0,0,0,0,0,0,0,0,0,0,0,0,0,0,0,0,0,0,0,0,0,
170,0,0,0,0,58,58,58,58,59,59,60,60,60,60,60,60,60,60,60,60,61,61,71,72,70,61,61,62,71,71,71,61,60,58,59,60,60,60,65,61,65,54,54,53,53,53,53,57,53,52,52,52,52,52,56,51,51,50,53,51,52,53,54,54,53,51,51,52,49,51,50,52,52,52,52,51,51,45,46,45,45,45,46,45,45,46,46,48,50,53,53,54,49,46,44,43,43,41,41,40,40,39,38,38,38,38,37,36,36,36,36,36,35,36,35,34,34,33,33,32,33,32,32,32,32,32,31,30,30,29,30,29,30,29,30,29,29,29,29,28,27,26,26,25,25,25,24,24,18,17,16,16,15,15,22,22,21,21,21,17,16,16,15,15,14,13,12,11,8,7,2,0,0,0,0,0,0,0,0,0,0,0,0,0,0,0,0,0,0,0,0,0,0,0,0,0,0,0,0,0,0,0,0,0,0,0,0,0,0,0,0,0,0,0,0,0,0,0,0,0,0,0,0,0,0,0,0,0,0,0,0,0,0,0,0,0,0,0,0,0,0,0,0,0,0,0,0,0,0,0,0,0,0,0,0,0,0,0,0,0,0,0,0,0,0,0,0,0,0,0,0,0,0,0,0,0,0,0,0,0,0,0,0,0,0,0,0,0,0,0,0,0,0,0,0,0,0,0,0,0,0,0,0,0,0,0,0,0,0,0,0,0,0,0,0,0,0,0,0,0,0,0,0,0,0,0,0,0,0,0,0,0,0,0,0,0,0,0,0,0,0,0,0,0,0,0,0,0,0,0,0,0,0,0,0,0,0,0,0,0,0,0,0,0,0,0,0,0,0,0,0,0,0,0,0,0,0,0,0,0,0,0,0,0,0,0,0,0,0,0,0,0,0,0,0,0,0,0,0,0,0,0,0,0,0,0,0,0,0,0,0,0,0,0,0,0,0,0,0,0,0,0,0,
171,0,0,0,0,59,58,59,59,59,60,60,60,60,60,60,60,60,60,60,60,62,63,72,69,70,61,70,70,68,61,70,60,60,60,60,60,61,67,61,65,54,54,54,53,53,58,58,61,54,53,52,52,58,60,61,64,64,63,61,63,62,59,56,57,53,50,50,50,51,50,50,49,48,46,45,45,45,45,46,53,57,55,55,53,52,51,56,57,54,53,51,48,45,43,43,43,42,40,40,40,39,39,39,39,39,42,39,37,37,36,37,36,35,35,33,34,33,32,33,33,31,31,30,31,30,29,29,30,29,29,29,29,29,29,28,28,28,27,27,26,25,25,25,26,24,24,23,24,24,23,23,22,22,19,20,20,20,18,18,16,16,15,15,15,14,12,12,9,0,0,0,0,0,0,0,0,0,0,0,0,0,0,0,0,0,0,0,0,0,0,0,0,0,0,0,0,0,0,0,0,0,0,0,0,0,0,0,0,0,0,0,0,0,0,0,0,0,0,0,0,0,0,0,0,0,0,0,0,0,0,0,0,0,0,0,0,0,0,0,0,0,0,0,0,0,0,0,0,0,0,0,0,0,0,0,0,0,0,0,0,0,0,0,0,0,0,0,0,0,0,0,0,0,0,0,0,0,0,0,0,0,0,0,0,0,0,0,0,0,0,0,0,0,0,0,0,0,0,0,0,0,0,0,0,0,0,0,0,0,0,0,0,0,0,0,0,0,0,0,0,0,0,0,0,0,0,0,0,0,0,0,0,0,0,0,0,0,0,0,0,0,0,0,0,0,0,0,0,0,0,0,0,0,0,0,0,0,0,0,0,0,0,0,0,0,0,0,0,0,0,0,0,0,0,0,0,0,0,0,0,0,0,0,0,0,0,0,0,0,0,0,0,0,0,0,0,0,0,0,0,0,0,0,0,0,0,0,0,0,0,0,0,0,0,0,0,0,0,0,0,0,0,0,
172,0,0,0,0,58,58,59,59,59,60,60,61,60,68,59,62,60,61,62,62,63,63,72,62,69,65,69,70,62,61,69,61,60,60,60,60,63,68,64,65,65,58,59,56,79,71,74,78,79,72,82,78,74,70,69,68,67,64,64,64,62,61,60,57,54,52,52,51,52,51,51,49,48,47,46,46,46,48,58,58,52,53,54,51,51,54,56,53,52,51,49,46,45,43,42,42,41,41,40,40,40,39,39,38,37,37,37,37,39,36,36,34,35,34,33,32,31,31,31,31,34,32,31,30,30,28,28,29,30,29,29,29,29,28,28,27,27,27,26,26,26,25,24,24,24,24,24,24,23,22,22,22,21,21,20,20,19,17,17,16,16,15,15,14,13,11,10,0,-12,0,0,0,0,0,0,0,0,0,0,0,0,0,0,0,0,0,0,0,0,0,0,0,0,0,0,0,0,0,0,0,0,0,0,0,0,0,0,0,0,0,0,0,0,0,0,0,0,0,0,0,0,0,0,0,0,0,0,0,0,0,0,0,0,0,0,0,0,0,0,0,0,0,0,0,0,0,0,0,0,0,0,0,0,0,0,0,0,0,0,0,0,0,0,0,0,0,0,0,0,0,0,0,0,0,0,0,0,0,0,0,0,0,0,0,0,0,0,0,0,0,0,0,0,0,0,0,0,0,0,0,0,0,0,0,0,0,0,0,0,0,0,0,0,0,0,0,0,0,0,0,0,0,0,0,0,0,0,0,0,0,0,0,0,0,0,0,0,0,0,0,0,0,0,0,0,0,0,0,0,0,0,0,0,0,0,0,0,0,0,0,0,0,0,0,0,0,0,0,0,0,0,0,0,0,0,0,0,0,0,0,0,0,0,0,0,0,0,0,0,0,0,0,0,0,0,0,0,0,0,0,0,0,0,0,0,0,0,0,0,0,0,0,0,0,0,0,0,0,0,0,0,0,0,
173,0,0,0,0,59,59,59,61,62,64,64,64,65,65,64,65,65,64,69,68,84,80,70,71,70,71,70,69,68,68,71,71,75,77,73,69,69,68,67,66,65,73,67,65,70,69,69,70,70,70,69,61,61,62,61,60,59,60,60,59,60,61,60,59,54,52,51,50,51,51,51,52,52,52,52,53,54,57,57,56,53,52,51,52,52,53,52,52,52,46,49,49,50,48,49,46,41,39,40,40,40,38,38,38,37,37,36,36,35,37,34,34,33,32,32,32,32,32,31,30,31,31,30,30,30,28,28,28,28,28,27,27,27,27,26,27,26,25,25,24,24,24,24,23,22,22,22,21,22,23,20,20,19,20,19,19,18,17,17,15,15,14,13,12,9,0,-15,0,0,0,0,0,0,0,0,0,0,0,0,0,0,0,0,0,0,0,0,0,0,0,0,0,0,0,0,0,0,0,0,0,0,0,0,0,0,0,0,0,0,0,0,0,0,0,0,0,0,0,0,0,0,0,0,0,0,0,0,0,0,0,0,0,0,0,0,0,0,0,0,0,0,0,0,0,0,0,0,0,0,0,0,0,0,0,0,0,0,0,0,0,0,0,0,0,0,0,0,0,0,0,0,0,0,0,0,0,0,0,0,0,0,0,0,0,0,0,0,0,0,0,0,0,0,0,0,0,0,0,0,0,0,0,0,0,0,0,0,0,0,0,0,0,0,0,0,0,0,0,0,0,0,0,0,0,0,0,0,0,0,0,0,0,0,0,0,0,0,0,0,0,0,0,0,0,0,0,0,0,0,0,0,0,0,0,0,0,0,0,0,0,0,0,0,0,0,0,0,0,0,0,0,0,0,0,0,0,0,0,0,0,0,0,0,0,0,0,0,0,0,0,0,0,0,0,0,0,0,0,0,0,0,0,0,0,0,0,0,0,0,0,0,0,0,0,0,0,0,0,0,0,0,0,0,
174,0,0,0,0,61,62,61,63,65,66,65,65,66,65,68,69,72,69,70,81,80,79,74,74,73,70,70,68,71,73,74,76,77,71,74,72,71,69,70,69,69,69,69,66,65,67,65,60,62,62,62,60,61,60,60,61,60,59,59,58,58,59,60,60,58,57,53,53,53,53,53,53,55,54,53,58,58,54,53,54,54,54,55,55,55,55,55,53,48,46,49,51,49,46,50,49,45,43,40,39,39,38,38,37,37,37,36,36,35,34,34,33,33,33,32,32,31,31,32,33,30,31,31,32,32,28,29,28,26,27,28,28,27,27,27,26,25,25,24,24,24,24,24,22,21,21,22,21,20,23,22,21,20,20,19,19,18,16,16,15,14,13,11,9,0,-71,0,0,0,0,0,0,0,0,0,0,0,0,0,0,0,0,0,0,0,0,0,0,0,0,0,0,0,0,0,0,0,0,0,0,0,0,0,0,0,0,0,0,0,0,0,0,0,0,0,0,0,0,0,0,0,0,0,0,0,0,0,0,0,0,0,0,0,0,0,0,0,0,0,0,0,0,0,0,0,0,0,0,0,0,0,0,0,0,0,0,0,0,0,0,0,0,0,0,0,0,0,0,0,0,0,0,0,0,0,0,0,0,0,0,0,0,0,0,0,0,0,0,0,0,0,0,0,0,0,0,0,0,0,0,0,0,0,0,0,0,0,0,0,0,0,0,0,0,0,0,0,0,0,0,0,0,0,0,0,0,0,0,0,0,0,0,0,0,0,0,0,0,0,0,0,0,0,0,0,0,0,0,0,0,0,0,0,0,0,0,0,0,0,0,0,0,0,0,0,0,0,0,0,0,0,0,0,0,0,0,0,0,0,0,0,0,0,0,0,0,0,0,0,0,0,0,0,0,0,0,0,0,0,0,0,0,0,0,0,0,0,0,0,0,0,0,0,0,0,0,0,0,0,0,0,0,0,
175,0,0,0,0,80,78,79,84,76,72,66,67,67,67,85,78,79,71,71,72,74,75,74,75,78,74,73,71,72,74,69,70,69,77,68,69,69,64,64,64,62,56,56,56,57,56,55,55,55,54,54,54,53,53,53,53,52,50,53,54,53,57,59,59,59,59,59,59,58,57,56,56,57,56,55,54,51,50,51,50,55,54,56,54,55,53,44,45,46,46,44,46,48,47,46,46,44,42,43,38,38,37,37,37,36,36,35,35,35,34,34,34,33,32,32,31,31,31,31,30,30,32,31,29,29,28,29,29,29,29,30,29,29,30,29,28,26,26,26,25,25,24,24,23,23,23,23,23,20,21,21,21,19,18,19,15,13,11,12,12,12,12,7,0,0,0,0,0,0,0,0,0,0,0,0,0,0,0,0,0,0,0,0,0,0,0,0,0,0,0,0,0,0,0,0,0,0,0,0,0,0,0,0,0,0,0,0,0,0,0,0,0,0,0,0,0,0,0,0,0,0,0,0,0,0,0,0,0,0,0,0,0,0,0,0,0,0,0,0,0,0,0,0,0,0,0,0,0,0,0,0,0,0,0,0,0,0,0,0,0,0,0,0,0,0,0,0,0,0,0,0,0,0,0,0,0,0,0,0,0,0,0,0,0,0,0,0,0,0,0,0,0,0,0,0,0,0,0,0,0,0,0,0,0,0,0,0,0,0,0,0,0,0,0,0,0,0,0,0,0,0,0,0,0,0,0,0,0,0,0,0,0,0,0,0,0,0,0,0,0,0,0,0,0,0,0,0,0,0,0,0,0,0,0,0,0,0,0,0,0,0,0,0,0,0,0,0,0,0,0,0,0,0,0,0,0,0,0,0,0,0,0,0,0,0,0,0,0,0,0,0,0,0,0,0,0,0,0,0,0,0,0,0,0,0,0,0,0,0,0,0,0,0,0,0,0,0,0,0,0,0,0,0,
176,0,0,0,0,69,68,67,81,84,82,77,78,75,77,75,73,76,76,76,76,76,76,74,73,76,72,73,73,72,73,67,64,64,66,65,63,62,62,63,58,57,57,55,54,54,53,54,55,56,53,53,52,51,51,52,51,52,51,52,52,55,53,52,52,51,50,50,49,48,48,47,48,48,48,49,50,51,51,51,49,47,45,45,44,44,44,44,44,47,47,48,49,48,49,45,47,45,44,38,42,38,37,36,36,36,35,35,34,34,33,33,33,33,32,31,31,31,30,30,29,29,29,31,31,30,28,28,28,28,28,27,26,26,26,25,25,25,25,25,24,24,24,23,23,23,23,23,21,20,19,19,18,14,14,15,11,9,10,9,7,-15,-79,0,0,0,0,0,0,0,0,0,0,0,0,0,0,0,0,0,0,0,0,0,0,0,0,0,0,0,0,0,0,0,0,0,0,0,0,0,0,0,0,0,0,0,0,0,0,0,0,0,0,0,0,0,0,0,0,0,0,0,0,0,0,0,0,0,0,0,0,0,0,0,0,0,0,0,0,0,0,0,0,0,0,0,0,0,0,0,0,0,0,0,0,0,0,0,0,0,0,0,0,0,0,0,0,0,0,0,0,0,0,0,0,0,0,0,0,0,0,0,0,0,0,0,0,0,0,0,0,0,0,0,0,0,0,0,0,0,0,0,0,0,0,0,0,0,0,0,0,0,0,0,0,0,0,0,0,0,0,0,0,0,0,0,0,0,0,0,0,0,0,0,0,0,0,0,0,0,0,0,0,0,0,0,0,0,0,0,0,0,0,0,0,0,0,0,0,0,0,0,0,0,0,0,0,0,0,0,0,0,0,0,0,0,0,0,0,0,0,0,0,0,0,0,0,0,0,0,0,0,0,0,0,0,0,0,0,0,0,0,0,0,0,0,0,0,0,0,0,0,0,0,0,0,0,0,0,0,0,0,0,0,
177,0,0,0,0,76,70,79,72,76,77,76,77,76,73,79,75,74,73,72,72,73,73,73,74,72,72,74,69,76,65,63,62,62,62,68,63,62,62,59,60,58,56,57,54,54,54,57,62,58,56,56,56,53,59,56,56,55,54,56,59,54,53,52,51,50,49,49,48,48,48,47,48,48,49,49,49,49,48,47,46,46,44,44,44,44,44,43,44,45,46,45,50,51,47,44,44,42,42,39,37,37,37,36,36,36,35,35,34,34,34,33,33,32,31,31,31,31,30,29,29,29,28,28,29,28,28,27,27,27,26,26,25,25,25,24,24,24,24,23,23,23,23,23,22,21,22,20,19,17,17,17,13,13,8,11,7,6,7,8,-61,0,0,0,0,0,0,0,0,0,0,0,0,0,0,0,0,0,0,0,0,0,0,0,0,0,0,0,0,0,0,0,0,0,0,0,0,0,0,0,0,0,0,0,0,0,0,0,0,0,0,0,0,0,0,0,0,0,0,0,0,0,0,0,0,0,0,0,0,0,0,0,0,0,0,0,0,0,0,0,0,0,0,0,0,0,0,0,0,0,0,0,0,0,0,0,0,0,0,0,0,0,0,0,0,0,0,0,0,0,0,0,0,0,0,0,0,0,0,0,0,0,0,0,0,0,0,0,0,0,0,0,0,0,0,0,0,0,0,0,0,0,0,0,0,0,0,0,0,0,0,0,0,0,0,0,0,0,0,0,0,0,0,0,0,0,0,0,0,0,0,0,0,0,0,0,0,0,0,0,0,0,0,0,0,0,0,0,0,0,0,0,0,0,0,0,0,0,0,0,0,0,0,0,0,0,0,0,0,0,0,0,0,0,0,0,0,0,0,0,0,0,0,0,0,0,0,0,0,0,0,0,0,0,0,0,0,0,0,0,0,0,0,0,0,0,0,0,0,0,0,0,0,0,0,0,0,0,0,0,0,0,0,0,
178,0,0,0,0,0,78,77,75,75,71,72,72,71,71,71,70,70,70,69,68,70,68,69,70,69,73,66,66,63,63,63,63,63,66,63,65,64,66,66,68,68,67,69,74,72,71,62,56,55,53,53,55,52,51,50,49,49,49,48,49,48,48,48,48,49,48,48,48,48,49,48,46,46,46,46,45,44,44,43,44,45,48,50,50,49,47,57,64,62,59,58,55,49,44,49,52,42,41,40,42,40,39,38,39,36,35,34,34,33,34,32,33,31,31,31,30,29,29,29,29,28,28,27,27,27,26,26,25,26,26,25,24,24,24,24,23,23,23,22,22,19,21,20,18,15,17,13,10,11,11,9,8,9,8,6,3,0,0,0,0,0,0,0,0,0,0,0,0,0,0,0,0,0,0,0,0,0,0,0,0,0,0,0,0,0,0,0,0,0,0,0,0,0,0,0,0,0,0,0,0,0,0,0,0,0,0,0,0,0,0,0,0,0,0,0,0,0,0,0,0,0,0,0,0,0,0,0,0,0,0,0,0,0,0,0,0,0,0,0,0,0,0,0,0,0,0,0,0,0,0,0,0,0,0,0,0,0,0,0,0,0,0,0,0,0,0,0,0,0,0,0,0,0,0,0,0,0,0,0,0,0,0,0,0,0,0,0,0,0,0,0,0,0,0,0,0,0,0,0,0,0,0,0,0,0,0,0,0,0,0,0,0,0,0,0,0,0,0,0,0,0,0,0,0,0,0,0,0,0,0,0,0,0,0,0,0,0,0,0,0,0,0,0,0,0,0,0,0,0,0,0,0,0,0,0,0,0,0,0,0,0,0,0,0,0,0,0,0,0,0,0,0,0,0,0,0,0,0,0,0,0,0,0,0,0,0,0,0,0,0,0,0,0,0,0,0,0,0,0,0,0,0,0,0,0,0,0,0,0,0,0,0,0,0,0,0,0,0,0,0,0,0,0,
179,0,0,0,0,0,81,80,77,75,67,67,67,64,70,69,68,69,69,70,68,68,68,66,66,68,65,64,63,64,64,67,66,68,66,66,63,64,63,63,63,61,64,61,62,60,60,59,58,58,55,53,51,50,50,49,49,48,47,47,47,47,47,46,46,46,46,46,46,46,47,47,46,45,45,44,44,44,45,46,47,48,48,48,56,57,46,45,44,44,46,42,41,41,46,40,39,38,38,37,37,37,36,35,35,34,34,33,33,32,31,31,30,30,29,29,28,29,28,27,27,27,27,26,25,26,25,24,24,24,24,24,23,23,23,22,21,22,20,19,17,16,16,16,10,0,10,7,-3,-66,0,0,0,0,0,0,0,0,0,0,0,0,0,0,0,0,0,0,0,0,0,0,0,0,0,0,0,0,0,0,0,0,0,0,0,0,0,0,0,0,0,0,0,0,0,0,0,0,0,0,0,0,0,0,0,0,0,0,0,0,0,0,0,0,0,0,0,0,0,0,0,0,0,0,0,0,0,0,0,0,0,0,0,0,0,0,0,0,0,0,0,0,0,0,0,0,0,0,0,0,0,0,0,0,0,0,0,0,0,0,0,0,0,0,0,0,0,0,0,0,0,0,0,0,0,0,0,0,0,0,0,0,0,0,0,0,0,0,0,0,0,0,0,0,0,0,0,0,0,0,0,0,0,0,0,0,0,0,0,0,0,0,0,0,0,0,0,0,0,0,0,0,0,0,0,0,0,0,0,0,0,0,0,0,0,0,0,0,0,0,0,0,0,0,0,0,0,0,0,0,0,0,0,0,0,0,0,0,0,0,0,0,0,0,0,0,0,0,0,0,0,0,0,0,0,0,0,0,0,0,0,0,0,0,0,0,0,0,0,0,0,0,0,0,0,0,0,0,0,0,0,0,0,0,0,0,0,0,0,0,0,0,0,0,0,0,0,0,0,0,0,0,0,0,
180,0,0,0,0,0,77,78,76,77,67,72,65,64,65,70,72,69,70,71,69,68,69,68,66,70,72,74,72,73,73,72,69,68,65,63,63,63,63,63,60,60,59,58,55,56,55,54,53,53,53,52,51,50,49,48,48,47,47,46,46,46,45,45,45,45,45,44,44,44,43,44,45,45,44,44,44,44,45,45,45,45,43,44,44,43,42,43,43,42,42,41,40,40,40,39,38,38,37,37,36,36,35,35,35,34,34,33,32,31,32,31,31,29,29,29,28,28,27,27,27,26,26,25,25,25,24,24,23,23,23,23,22,23,22,21,20,19,12,13,14,14,13,14,6,0,0,0,0,0,0,0,0,0,0,0,0,0,0,0,0,0,0,0,0,0,0,0,0,0,0,0,0,0,0,0,0,0,0,0,0,0,0,0,0,0,0,0,0,0,0,0,0,0,0,0,0,0,0,0,0,0,0,0,0,0,0,0,0,0,0,0,0,0,0,0,0,0,0,0,0,0,0,0,0,0,0,0,0,0,0,0,0,0,0,0,0,0,0,0,0,0,0,0,0,0,0,0,0,0,0,0,0,0,0,0,0,0,0,0,0,0,0,0,0,0,0,0,0,0,0,0,0,0,0,0,0,0,0,0,0,0,0,0,0,0,0,0,0,0,0,0,0,0,0,0,0,0,0,0,0,0,0,0,0,0,0,0,0,0,0,0,0,0,0,0,0,0,0,0,0,0,0,0,0,0,0,0,0,0,0,0,0,0,0,0,0,0,0,0,0,0,0,0,0,0,0,0,0,0,0,0,0,0,0,0,0,0,0,0,0,0,0,0,0,0,0,0,0,0,0,0,0,0,0,0,0,0,0,0,0,0,0,0,0,0,0,0,0,0,0,0,0,0,0,0,0,0,0,0,0,0,0,0,0,0,0,0,0,0,0,0,0,0,0,0,0,0,0,0,0,0,0,0,
181,0,0,0,0,0,81,77,81,77,73,75,75,74,73,72,72,72,72,72,72,72,72,73,70,67,66,68,63,62,63,63,60,59,59,66,64,65,64,63,61,61,60,59,54,52,52,51,51,51,50,50,48,48,47,47,46,46,46,45,45,45,45,45,44,44,43,44,44,44,44,43,44,43,42,42,42,42,43,42,42,42,42,41,41,41,41,40,40,40,40,39,39,38,38,37,37,36,36,36,35,35,34,33,33,32,32,31,31,30,30,29,29,28,28,27,26,26,26,26,25,24,24,24,23,23,23,22,22,22,20,13,13,11,6,8,0,0,0,0,0,0,0,0,0,0,0,0,0,0,0,0,0,0,0,0,0,0,0,0,0,0,0,0,0,0,0,0,0,0,0,0,0,0,0,0,0,0,0,0,0,0,0,0,0,0,0,0,0,0,0,0,0,0,0,0,0,0,0,0,0,0,0,0,0,0,0,0,0,0,0,0,0,0,0,0,0,0,0,0,0,0,0,0,0,0,0,0,0,0,0,0,0,0,0,0,0,0,0,0,0,0,0,0,0,0,0,0,0,0,0,0,0,0,0,0,0,0,0,0,0,0,0,0,0,0,0,0,0,0,0,0,0,0,0,0,0,0,0,0,0,0,0,0,0,0,0,0,0,0,0,0,0,0,0,0,0,0,0,0,0,0,0,0,0,0,0,0,0,0,0,0,0,0,0,0,0,0,0,0,0,0,0,0,0,0,0,0,0,0,0,0,0,0,0,0,0,0,0,0,0,0,0,0,0,0,0,0,0,0,0,0,0,0,0,0,0,0,0,0,0,0,0,0,0,0,0,0,0,0,0,0,0,0,0,0,0,0,0,0,0,0,0,0,0,0,0,0,0,0,0,0,0,0,0,0,0,0,0,0,0,0,0,0,0,0,0,0,0,0,0,0,0,0,0,0,0,0,0,0,0,0,0,0,
182,0,0,0,0,0,92,87,83,78,83,83,80,73,70,72,72,73,72,73,73,72,72,71,70,72,70,63,69,68,72,67,69,66,58,68,61,66,66,65,65,63,60,58,57,51,51,51,50,50,49,49,47,48,48,47,47,46,45,46,45,45,45,44,44,44,44,43,43,43,42,42,43,42,42,41,41,41,42,43,43,42,41,41,41,40,40,40,39,39,39,39,38,38,37,37,36,36,35,35,34,34,33,33,32,32,32,31,30,30,29,28,28,27,27,26,28,25,25,24,24,23,24,23,23,23,23,22,22,21,19,11,5,0,0,0,0,0,0,0,0,0,0,0,0,0,0,0,0,0,0,0,0,0,0,0,0,0,0,0,0,0,0,0,0,0,0,0,0,0,0,0,0,0,0,0,0,0,0,0,0,0,0,0,0,0,0,0,0,0,0,0,0,0,0,0,0,0,0,0,0,0,0,0,0,0,0,0,0,0,0,0,0,0,0,0,0,0,0,0,0,0,0,0,0,0,0,0,0,0,0,0,0,0,0,0,0,0,0,0,0,0,0,0,0,0,0,0,0,0,0,0,0,0,0,0,0,0,0,0,0,0,0,0,0,0,0,0,0,0,0,0,0,0,0,0,0,0,0,0,0,0,0,0,0,0,0,0,0,0,0,0,0,0,0,0,0,0,0,0,0,0,0,0,0,0,0,0,0,0,0,0,0,0,0,0,0,0,0,0,0,0,0,0,0,0,0,0,0,0,0,0,0,0,0,0,0,0,0,0,0,0,0,0,0,0,0,0,0,0,0,0,0,0,0,0,0,0,0,0,0,0,0,0,0,0,0,0,0,0,0,0,0,0,0,0,0,0,0,0,0,0,0,0,0,0,0,0,0,0,0,0,0,0,0,0,0,0,0,0,0,0,0,0,0,0,0,0,0,0,0,0,0,0,0,0,0,0,0,0,0,0,0,0,
183,0,0,0,0,0,61,62,74,71,73,73,73,61,60,61,59,59,58,57,57,57,57,59,57,59,57,57,60,60,60,58,58,58,57,56,56,62,60,55,54,53,53,61,58,56,56,58,58,49,49,49,48,48,47,47,47,47,45,45,44,44,45,45,45,41,42,41,41,41,41,41,41,42,42,42,41,41,41,41,40,40,40,40,39,39,39,38,38,38,38,37,36,36,35,35,35,34,33,33,32,32,31,31,31,31,31,30,29,29,28,27,27,26,25,25,24,24,23,23,23,22,22,22,22,21,20,16,5,0,0,0,0,0,0,0,0,0,0,0,0,0,0,0,0,0,0,0,0,0,0,0,0,0,0,0,0,0,0,0,0,0,0,0,0,0,0,0,0,0,0,0,0,0,0,0,0,0,0,0,0,0,0,0,0,0,0,0,0,0,0,0,0,0,0,0,0,0,0,0,0,0,0,0,0,0,0,0,0,0,0,0,0,0,0,0,0,0,0,0,0,0,0,0,0,0,0,0,0,0,0,0,0,0,0,0,0,0,0,0,0,0,0,0,0,0,0,0,0,0,0,0,0,0,0,0,0,0,0,0,0,0,0,0,0,0,0,0,0,0,0,0,0,0,0,0,0,0,0,0,0,0,0,0,0,0,0,0,0,0,0,0,0,0,0,0,0,0,0,0,0,0,0,0,0,0,0,0,0,0,0,0,0,0,0,0,0,0,0,0,0,0,0,0,0,0,0,0,0,0,0,0,0,0,0,0,0,0,0,0,0,0,0,0,0,0,0,0,0,0,0,0,0,0,0,0,0,0,0,0,0,0,0,0,0,0,0,0,0,0,0,0,0,0,0,0,0,0,0,0,0,0,0,0,0,0,0,0,0,0,0,0,0,0,0,0,0,0,0,0,0,0,0,0,0,0,0,0,0,0,0,0,0,0,0,0,0,0,0,0,0,0,0,0,
184,0,0,0,0,0,57,57,56,57,57,58,59,58,57,56,55,55,56,55,55,55,55,56,58,62,56,57,58,71,74,79,81,79,71,71,70,61,60,60,57,55,56,53,55,59,59,56,51,56,57,56,58,52,50,47,47,46,45,45,43,42,42,41,41,39,40,39,39,39,39,40,40,40,39,40,40,40,40,40,40,39,39,39,39,38,38,37,37,37,36,36,36,36,36,35,36,35,34,35,34,33,33,31,31,30,30,29,28,27,26,25,25,24,24,23,23,23,23,22,21,20,20,18,17,12,0,0,0,0,0,0,0,0,0,0,0,0,0,0,0,0,0,0,0,0,0,0,0,0,0,0,0,0,0,0,0,0,0,0,0,0,0,0,0,0,0,0,0,0,0,0,0,0,0,0,0,0,0,0,0,0,0,0,0,0,0,0,0,0,0,0,0,0,0,0,0,0,0,0,0,0,0,0,0,0,0,0,0,0,0,0,0,0,0,0,0,0,0,0,0,0,0,0,0,0,0,0,0,0,0,0,0,0,0,0,0,0,0,0,0,0,0,0,0,0,0,0,0,0,0,0,0,0,0,0,0,0,0,0,0,0,0,0,0,0,0,0,0,0,0,0,0,0,0,0,0,0,0,0,0,0,0,0,0,0,0,0,0,0,0,0,0,0,0,0,0,0,0,0,0,0,0,0,0,0,0,0,0,0,0,0,0,0,0,0,0,0,0,0,0,0,0,0,0,0,0,0,0,0,0,0,0,0,0,0,0,0,0,0,0,0,0,0,0,0,0,0,0,0,0,0,0,0,0,0,0,0,0,0,0,0,0,0,0,0,0,0,0,0,0,0,0,0,0,0,0,0,0,0,0,0,0,0,0,0,0,0,0,0,0,0,0,0,0,0,0,0,0,0,0,0,0,0,0,0,0,0,0,0,0,0,0,0,0,0,0,0,0,0,0,0,0,0,
185,0,0,0,0,0,56,56,56,56,56,57,57,59,59,58,55,54,54,55,55,55,55,56,58,61,63,67,66,68,58,71,56,57,55,58,58,55,60,55,53,56,52,52,50,50,54,49,49,49,53,56,54,53,53,52,51,50,46,44,43,41,41,40,40,38,38,39,38,39,38,39,39,39,39,39,38,40,39,38,39,39,38,38,38,38,38,36,36,36,36,36,36,36,35,34,35,35,36,35,34,33,32,31,30,30,29,28,27,26,25,24,24,23,23,23,23,22,22,21,20,19,19,14,7,0,0,0,0,0,0,0,0,0,0,0,0,0,0,0,0,0,0,0,0,0,0,0,0,0,0,0,0,0,0,0,0,0,0,0,0,0,0,0,0,0,0,0,0,0,0,0,0,0,0,0,0,0,0,0,0,0,0,0,0,0,0,0,0,0,0,0,0,0,0,0,0,0,0,0,0,0,0,0,0,0,0,0,0,0,0,0,0,0,0,0,0,0,0,0,0,0,0,0,0,0,0,0,0,0,0,0,0,0,0,0,0,0,0,0,0,0,0,0,0,0,0,0,0,0,0,0,0,0,0,0,0,0,0,0,0,0,0,0,0,0,0,0,0,0,0,0,0,0,0,0,0,0,0,0,0,0,0,0,0,0,0,0,0,0,0,0,0,0,0,0,0,0,0,0,0,0,0,0,0,0,0,0,0,0,0,0,0,0,0,0,0,0,0,0,0,0,0,0,0,0,0,0,0,0,0,0,0,0,0,0,0,0,0,0,0,0,0,0,0,0,0,0,0,0,0,0,0,0,0,0,0,0,0,0,0,0,0,0,0,0,0,0,0,0,0,0,0,0,0,0,0,0,0,0,0,0,0,0,0,0,0,0,0,0,0,0,0,0,0,0,0,0,0,0,0,0,0,0,0,0,0,0,0,0,0,0,0,0,0,0,0,0,0,0,0,0,0,0,
186,0,0,0,0,0,72,92,58,58,59,61,62,53,59,55,55,56,58,59,59,55,59,54,54,53,54,52,52,52,50,49,50,49,51,51,52,53,54,57,55,54,53,51,51,49,48,48,47,48,47,47,47,54,53,49,49,50,48,47,44,41,40,39,38,37,37,37,36,37,36,37,37,38,38,38,38,37,37,37,37,37,37,37,37,37,37,37,36,36,37,35,35,35,35,35,35,34,34,34,34,34,35,33,33,29,28,27,26,25,24,23,22,22,21,22,21,21,15,11,11,0,0,0,0,0,0,0,0,0,0,0,0,0,0,0,0,0,0,0,0,0,0,0,0,0,0,0,0,0,0,0,0,0,0,0,0,0,0,0,0,0,0,0,0,0,0,0,0,0,0,0,0,0,0,0,0,0,0,0,0,0,0,0,0,0,0,0,0,0,0,0,0,0,0,0,0,0,0,0,0,0,0,0,0,0,0,0,0,0,0,0,0,0,0,0,0,0,0,0,0,0,0,0,0,0,0,0,0,0,0,0,0,0,0,0,0,0,0,0,0,0,0,0,0,0,0,0,0,0,0,0,0,0,0,0,0,0,0,0,0,0,0,0,0,0,0,0,0,0,0,0,0,0,0,0,0,0,0,0,0,0,0,0,0,0,0,0,0,0,0,0,0,0,0,0,0,0,0,0,0,0,0,0,0,0,0,0,0,0,0,0,0,0,0,0,0,0,0,0,0,0,0,0,0,0,0,0,0,0,0,0,0,0,0,0,0,0,0,0,0,0,0,0,0,0,0,0,0,0,0,0,0,0,0,0,0,0,0,0,0,0,0,0,0,0,0,0,0,0,0,0,0,0,0,0,0,0,0,0,0,0,0,0,0,0,0,0,0,0,0,0,0,0,0,0,0,0,0,0,0,0,0,0,0,0,0,0,0,0,0,0,0,0,0,0,0,0,0,0,0,0,0,0,
187,0,0,0,0,0,54,54,52,52,53,52,50,48,53,54,55,54,54,54,54,54,54,53,52,51,52,50,52,51,50,50,49,42,44,43,51,50,49,52,52,52,52,50,51,49,48,47,46,46,46,45,45,46,52,50,48,51,50,47,46,42,41,40,40,37,37,38,38,38,36,38,38,37,36,37,37,37,37,37,37,36,37,37,36,36,35,35,36,36,35,35,35,34,34,34,34,34,33,33,33,33,35,32,31,31,29,26,25,24,22,22,22,20,21,21,20,18,15,10,0,0,0,0,0,0,0,0,0,0,0,0,0,0,0,0,0,0,0,0,0,0,0,0,0,0,0,0,0,0,0,0,0,0,0,0,0,0,0,0,0,0,0,0,0,0,0,0,0,0,0,0,0,0,0,0,0,0,0,0,0,0,0,0,0,0,0,0,0,0,0,0,0,0,0,0,0,0,0,0,0,0,0,0,0,0,0,0,0,0,0,0,0,0,0,0,0,0,0,0,0,0,0,0,0,0,0,0,0,0,0,0,0,0,0,0,0,0,0,0,0,0,0,0,0,0,0,0,0,0,0,0,0,0,0,0,0,0,0,0,0,0,0,0,0,0,0,0,0,0,0,0,0,0,0,0,0,0,0,0,0,0,0,0,0,0,0,0,0,0,0,0,0,0,0,0,0,0,0,0,0,0,0,0,0,0,0,0,0,0,0,0,0,0,0,0,0,0,0,0,0,0,0,0,0,0,0,0,0,0,0,0,0,0,0,0,0,0,0,0,0,0,0,0,0,0,0,0,0,0,0,0,0,0,0,0,0,0,0,0,0,0,0,0,0,0,0,0,0,0,0,0,0,0,0,0,0,0,0,0,0,0,0,0,0,0,0,0,0,0,0,0,0,0,0,0,0,0,0,0,0,0,0,0,0,0,0,0,0,0,0,0,0,0,0,0,0,0,0,0,0,0,0,0,
188,0,0,0,0,0,21,18,37,49,0,50,50,48,48,50,50,49,53,52,51,49,51,50,49,48,48,48,47,37,28,31,20,15,13,16,20,26,35,39,42,40,46,44,45,47,46,45,44,44,44,43,41,42,41,46,46,53,52,51,47,50,49,44,41,40,39,37,36,36,35,35,35,36,36,36,36,36,36,36,36,36,36,36,36,36,36,35,35,33,35,33,34,34,34,34,34,35,34,34,32,34,37,33,32,31,29,26,23,22,21,20,19,19,18,15,0,0,0,0,0,0,0,0,0,0,0,0,0,0,0,0,0,0,0,0,0,0,0,0,0,0,0,0,0,0,0,0,0,0,0,0,0,0,0,0,0,0,0,0,0,0,0,0,0,0,0,0,0,0,0,0,0,0,0,0,0,0,0,0,0,0,0,0,0,0,0,0,0,0,0,0,0,0,0,0,0,0,0,0,0,0,0,0,0,0,0,0,0,0,0,0,0,0,0,0,0,0,0,0,0,0,0,0,0,0,0,0,0,0,0,0,0,0,0,0,0,0,0,0,0,0,0,0,0,0,0,0,0,0,0,0,0,0,0,0,0,0,0,0,0,0,0,0,0,0,0,0,0,0,0,0,0,0,0,0,0,0,0,0,0,0,0,0,0,0,0,0,0,0,0,0,0,0,0,0,0,0,0,0,0,0,0,0,0,0,0,0,0,0,0,0,0,0,0,0,0,0,0,0,0,0,0,0,0,0,0,0,0,0,0,0,0,0,0,0,0,0,0,0,0,0,0,0,0,0,0,0,0,0,0,0,0,0,0,0,0,0,0,0,0,0,0,0,0,0,0,0,0,0,0,0,0,0,0,0,0,0,0,0,0,0,0,0,0,0,0,0,0,0,0,0,0,0,0,0,0,0,0,0,0,0,0,0,0,0,0,0,0,0,0,0,0,0,0,0,0,0,0,0,0,0,0,0,
189,0,0,0,0,0,0,0,0,0,0,12,27,37,37,42,40,37,40,41,43,36,37,36,36,41,37,35,25,15,18,9,0,3,4,4,11,7,12,12,21,30,42,40,41,42,42,40,41,43,42,40,40,41,41,42,41,42,48,46,47,49,48,48,49,44,39,39,38,38,35,33,34,34,34,34,34,35,35,35,35,35,36,35,35,35,35,35,35,33,35,35,35,36,35,34,34,34,33,32,36,36,34,30,29,30,28,25,24,22,19,7,0,0,0,0,0,0,0,0,0,0,0,0,0,0,0,0,0,0,0,0,0,0,0,0,0,0,0,0,0,0,0,0,0,0,0,0,0,0,0,0,0,0,0,0,0,0,0,0,0,0,0,0,0,0,0,0,0,0,0,0,0,0,0,0,0,0,0,0,0,0,0,0,0,0,0,0,0,0,0,0,0,0,0,0,0,0,0,0,0,0,0,0,0,0,0,0,0,0,0,0,0,0,0,0,0,0,0,0,0,0,0,0,0,0,0,0,0,0,0,0,0,0,0,0,0,0,0,0,0,0,0,0,0,0,0,0,0,0,0,0,0,0,0,0,0,0,0,0,0,0,0,0,0,0,0,0,0,0,0,0,0,0,0,0,0,0,0,0,0,0,0,0,0,0,0,0,0,0,0,0,0,0,0,0,0,0,0,0,0,0,0,0,0,0,0,0,0,0,0,0,0,0,0,0,0,0,0,0,0,0,0,0,0,0,0,0,0,0,0,0,0,0,0,0,0,0,0,0,0,0,0,0,0,0,0,0,0,0,0,0,0,0,0,0,0,0,0,0,0,0,0,0,0,0,0,0,0,0,0,0,0,0,0,0,0,0,0,0,0,0,0,0,0,0,0,0,0,0,0,0,0,0,0,0,0,0,0,0,0,0,0,0,0,0,0,0,0,0,0,0,0,0,0,0,0,0,0,0,0,0,0,0,
190,0,0,0,0,0,0,0,0,0,0,0,0,0,16,28,13,18,28,27,31,22,27,28,30,31,30,31,23,11,-17,-8,0,0,0,0,0,6,8,-2,10,25,38,39,38,39,39,39,39,42,47,39,37,37,38,39,40,40,38,41,42,47,46,45,48,48,40,39,38,37,36,35,33,33,33,33,33,34,33,34,34,34,34,35,38,36,35,35,34,34,36,35,36,35,34,34,34,33,33,32,31,30,30,30,30,28,27,25,23,21,14,0,0,0,0,0,0,0,0,0,0,0,0,0,0,0,0,0,0,0,0,0,0,0,0,0,0,0,0,0,0,0,0,0,0,0,0,0,0,0,0,0,0,0,0,0,0,0,0,0,0,0,0,0,0,0,0,0,0,0,0,0,0,0,0,0,0,0,0,0,0,0,0,0,0,0,0,0,0,0,0,0,0,0,0,0,0,0,0,0,0,0,0,0,0,0,0,0,0,0,0,0,0,0,0,0,0,0,0,0,0,0,0,0,0,0,0,0,0,0,0,0,0,0,0,0,0,0,0,0,0,0,0,0,0,0,0,0,0,0,0,0,0,0,0,0,0,0,0,0,0,0,0,0,0,0,0,0,0,0,0,0,0,0,0,0,0,0,0,0,0,0,0,0,0,0,0,0,0,0,0,0,0,0,0,0,0,0,0,0,0,0,0,0,0,0,0,0,0,0,0,0,0,0,0,0,0,0,0,0,0,0,0,0,0,0,0,0,0,0,0,0,0,0,0,0,0,0,0,0,0,0,0,0,0,0,0,0,0,0,0,0,0,0,0,0,0,0,0,0,0,0,0,0,0,0,0,0,0,0,0,0,0,0,0,0,0,0,0,0,0,0,0,0,0,0,0,0,0,0,0,0,0,0,0,0,0,0,0,0,0,0,0,0,0,0,0,0,0,0,0,0,0,0,0,0,0,0,0,0,0,0,0,0,
191,0,0,0,0,0,0,0,0,0,0,0,0,0,0,0,0,0,5,5,13,13,11,11,2,12,18,5,9,0,0,0,0,0,0,0,0,0,0,0,4,9,29,34,30,37,37,37,37,39,46,38,37,37,37,37,37,37,36,36,37,36,36,44,45,48,45,41,37,37,36,35,31,31,31,31,31,31,31,31,32,32,33,32,33,33,33,34,33,34,32,34,32,34,32,31,31,31,30,30,29,29,27,26,26,25,26,24,19,18,-70,0,0,0,0,0,0,0,0,0,0,0,0,0,0,0,0,0,0,0,0,0,0,0,0,0,0,0,0,0,0,0,0,0,0,0,0,0,0,0,0,0,0,0,0,0,0,0,0,0,0,0,0,0,0,0,0,0,0,0,0,0,0,0,0,0,0,0,0,0,0,0,0,0,0,0,0,0,0,0,0,0,0,0,0,0,0,0,0,0,0,0,0,0,0,0,0,0,0,0,0,0,0,0,0,0,0,0,0,0,0,0,0,0,0,0,0,0,0,0,0,0,0,0,0,0,0,0,0,0,0,0,0,0,0,0,0,0,0,0,0,0,0,0,0,0,0,0,0,0,0,0,0,0,0,0,0,0,0,0,0,0,0,0,0,0,0,0,0,0,0,0,0,0,0,0,0,0,0,0,0,0,0,0,0,0,0,0,0,0,0,0,0,0,0,0,0,0,0,0,0,0,0,0,0,0,0,0,0,0,0,0,0,0,0,0,0,0,0,0,0,0,0,0,0,0,0,0,0,0,0,0,0,0,0,0,0,0,0,0,0,0,0,0,0,0,0,0,0,0,0,0,0,0,0,0,0,0,0,0,0,0,0,0,0,0,0,0,0,0,0,0,0,0,0,0,0,0,0,0,0,0,0,0,0,0,0,0,0,0,0,0,0,0,0,0,0,0,0,0,0,0,0,0,0,0,0,0,0,0,0,0,0,0,
192,0,0,0,0,0,0,0,0,0,0,0,0,0,0,0,0,0,0,0,0,0,0,0,0,0,0,0,0,0,0,0,0,0,0,0,0,0,0,0,0,3,17,26,39,34,34,35,36,36,36,36,39,37,37,37,36,35,35,35,35,35,35,35,35,41,46,45,46,36,36,34,34,33,31,30,29,29,28,28,28,28,28,28,28,28,30,30,31,30,30,31,30,30,30,30,29,29,28,28,27,26,25,25,24,23,23,22,17,12,0,0,0,0,0,0,0,0,0,0,0,0,0,0,0,0,0,0,0,0,0,0,0,0,0,0,0,0,0,0,0,0,0,0,0,0,0,0,0,0,0,0,0,0,0,0,0,0,0,0,0,0,0,0,0,0,0,0,0,0,0,0,0,0,0,0,0,0,0,0,0,0,0,0,0,0,0,0,0,0,0,0,0,0,0,0,0,0,0,0,0,0,0,0,0,0,0,0,0,0,0,0,0,0,0,0,0,0,0,0,0,0,0,0,0,0,0,0,0,0,0,0,0,0,0,0,0,0,0,0,0,0,0,0,0,0,0,0,0,0,0,0,0,0,0,0,0,0,0,0,0,0,0,0,0,0,0,0,0,0,0,0,0,0,0,0,0,0,0,0,0,0,0,0,0,0,0,0,0,0,0,0,0,0,0,0,0,0,0,0,0,0,0,0,0,0,0,0,0,0,0,0,0,0,0,0,0,0,0,0,0,0,0,0,0,0,0,0,0,0,0,0,0,0,0,0,0,0,0,0,0,0,0,0,0,0,0,0,0,0,0,0,0,0,0,0,0,0,0,0,0,0,0,0,0,0,0,0,0,0,0,0,0,0,0,0,0,0,0,0,0,0,0,0,0,0,0,0,0,0,0,0,0,0,0,0,0,0,0,0,0,0,0,0,0,0,0,0,0,0,0,0,0,0,0,0,0,0,0,0,0,0,0,0,
193,0,0,0,0,0,0,0,0,0,0,0,0,0,0,0,0,0,0,0,0,0,0,0,0,0,0,0,0,0,0,0,0,0,0,0,0,0,0,0,0,3,14,28,30,32,33,34,34,34,35,35,37,36,37,36,35,34,34,34,34,34,34,34,35,33,42,45,43,39,36,36,36,34,33,30,29,29,28,28,28,27,27,27,27,27,27,28,28,29,29,29,30,29,29,28,29,28,27,26,26,25,25,24,24,23,22,19,15,14,0,0,0,0,0,0,0,0,0,0,0,0,0,0,0,0,0,0,0,0,0,0,0,0,0,0,0,0,0,0,0,0,0,0,0,0,0,0,0,0,0,0,0,0,0,0,0,0,0,0,0,0,0,0,0,0,0,0,0,0,0,0,0,0,0,0,0,0,0,0,0,0,0,0,0,0,0,0,0,0,0,0,0,0,0,0,0,0,0,0,0,0,0,0,0,0,0,0,0,0,0,0,0,0,0,0,0,0,0,0,0,0,0,0,0,0,0,0,0,0,0,0,0,0,0,0,0,0,0,0,0,0,0,0,0,0,0,0,0,0,0,0,0,0,0,0,0,0,0,0,0,0,0,0,0,0,0,0,0,0,0,0,0,0,0,0,0,0,0,0,0,0,0,0,0,0,0,0,0,0,0,0,0,0,0,0,0,0,0,0,0,0,0,0,0,0,0,0,0,0,0,0,0,0,0,0,0,0,0,0,0,0,0,0,0,0,0,0,0,0,0,0,0,0,0,0,0,0,0,0,0,0,0,0,0,0,0,0,0,0,0,0,0,0,0,0,0,0,0,0,0,0,0,0,0,0,0,0,0,0,0,0,0,0,0,0,0,0,0,0,0,0,0,0,0,0,0,0,0,0,0,0,0,0,0,0,0,0,0,0,0,0,0,0,0,0,0,0,0,0,0,0,0,0,0,0,0,0,0,0,0,0,0,0,
194,0,0,0,0,0,0,0,0,0,0,0,0,0,0,0,0,0,0,0,0,0,0,0,0,0,0,0,0,0,0,0,0,0,0,0,0,0,0,0,1,0,6,11,26,27,26,32,31,31,38,36,32,33,33,33,33,32,31,31,32,32,32,33,33,33,44,44,40,42,38,37,37,36,34,33,28,28,28,27,26,26,26,26,25,26,26,25,26,26,26,27,26,25,26,25,25,25,25,24,24,23,23,22,22,20,19,17,6,0,0,0,0,0,0,0,0,0,0,0,0,0,0,0,0,0,0,0,0,0,0,0,0,0,0,0,0,0,0,0,0,0,0,0,0,0,0,0,0,0,0,0,0,0,0,0,0,0,0,0,0,0,0,0,0,0,0,0,0,0,0,0,0,0,0,0,0,0,0,0,0,0,0,0,0,0,0,0,0,0,0,0,0,0,0,0,0,0,0,0,0,0,0,0,0,0,0,0,0,0,0,0,0,0,0,0,0,0,0,0,0,0,0,0,0,0,0,0,0,0,0,0,0,0,0,0,0,0,0,0,0,0,0,0,0,0,0,0,0,0,0,0,0,0,0,0,0,0,0,0,0,0,0,0,0,0,0,0,0,0,0,0,0,0,0,0,0,0,0,0,0,0,0,0,0,0,0,0,0,0,0,0,0,0,0,0,0,0,0,0,0,0,0,0,0,0,0,0,0,0,0,0,0,0,0,0,0,0,0,0,0,0,0,0,0,0,0,0,0,0,0,0,0,0,0,0,0,0,0,0,0,0,0,0,0,0,0,0,0,0,0,0,0,0,0,0,0,0,0,0,0,0,0,0,0,0,0,0,0,0,0,0,0,0,0,0,0,0,0,0,0,0,0,0,0,0,0,0,0,0,0,0,0,0,0,0,0,0,0,0,0,0,0,0,0,0,0,0,0,0,0,0,0,0,0,0,0,0,0,0,0,0,0,0,
195,0,0,0,0,0,0,0,0,0,0,0,0,0,0,0,0,0,0,0,0,0,0,0,0,0,0,0,0,0,0,0,0,0,0,0,0,0,0,-2,1,1,11,14,23,22,24,26,29,30,32,34,33,32,32,32,31,30,31,31,31,31,31,32,32,31,31,42,39,41,41,37,36,36,32,35,31,28,27,27,26,25,25,25,25,25,25,25,25,25,25,26,25,26,25,24,24,24,23,23,23,22,21,21,19,19,18,13,0,0,0,0,0,0,0,0,0,0,0,0,0,0,0,0,0,0,0,0,0,0,0,0,0,0,0,0,0,0,0,0,0,0,0,0,0,0,0,0,0,0,0,0,0,0,0,0,0,0,0,0,0,0,0,0,0,0,0,0,0,0,0,0,0,0,0,0,0,0,0,0,0,0,0,0,0,0,0,0,0,0,0,0,0,0,0,0,0,0,0,0,0,0,0,0,0,0,0,0,0,0,0,0,0,0,0,0,0,0,0,0,0,0,0,0,0,0,0,0,0,0,0,0,0,0,0,0,0,0,0,0,0,0,0,0,0,0,0,0,0,0,0,0,0,0,0,0,0,0,0,0,0,0,0,0,0,0,0,0,0,0,0,0,0,0,0,0,0,0,0,0,0,0,0,0,0,0,0,0,0,0,0,0,0,0,0,0,0,0,0,0,0,0,0,0,0,0,0,0,0,0,0,0,0,0,0,0,0,0,0,0,0,0,0,0,0,0,0,0,0,0,0,0,0,0,0,0,0,0,0,0,0,0,0,0,0,0,0,0,0,0,0,0,0,0,0,0,0,0,0,0,0,0,0,0,0,0,0,0,0,0,0,0,0,0,0,0,0,0,0,0,0,0,0,0,0,0,0,0,0,0,0,0,0,0,0,0,0,0,0,0,0,0,0,0,0,0,0,0,0,0,0,0,0,0,0,0,0,0,0,0,0,0,0,0,
196,0,0,0,0,0,0,0,0,0,0,0,0,0,0,0,0,0,0,0,0,0,0,0,0,0,0,0,0,0,0,0,0,0,0,0,0,0,4,2,8,13,20,21,22,22,23,24,26,27,26,29,28,29,30,29,29,29,29,29,29,29,29,29,29,29,29,38,43,42,41,39,38,36,37,39,37,36,27,26,26,25,24,24,22,23,24,23,24,24,24,24,24,24,23,22,22,22,22,20,20,19,19,19,19,17,16,-14,0,0,0,0,0,0,0,0,0,0,0,0,0,0,0,0,0,0,0,0,0,0,0,0,0,0,0,0,0,0,0,0,0,0,0,0,0,0,0,0,0,0,0,0,0,0,0,0,0,0,0,0,0,0,0,0,0,0,0,0,0,0,0,0,0,0,0,0,0,0,0,0,0,0,0,0,0,0,0,0,0,0,0,0,0,0,0,0,0,0,0,0,0,0,0,0,0,0,0,0,0,0,0,0,0,0,0,0,0,0,0,0,0,0,0,0,0,0,0,0,0,0,0,0,0,0,0,0,0,0,0,0,0,0,0,0,0,0,0,0,0,0,0,0,0,0,0,0,0,0,0,0,0,0,0,0,0,0,0,0,0,0,0,0,0,0,0,0,0,0,0,0,0,0,0,0,0,0,0,0,0,0,0,0,0,0,0,0,0,0,0,0,0,0,0,0,0,0,0,0,0,0,0,0,0,0,0,0,0,0,0,0,0,0,0,0,0,0,0,0,0,0,0,0,0,0,0,0,0,0,0,0,0,0,0,0,0,0,0,0,0,0,0,0,0,0,0,0,0,0,0,0,0,0,0,0,0,0,0,0,0,0,0,0,0,0,0,0,0,0,0,0,0,0,0,0,0,0,0,0,0,0,0,0,0,0,0,0,0,0,0,0,0,0,0,0,0,0,0,0,0,0,0,0,0,0,0,0,0,0,0,0,0,0,0,0,
197,0,0,0,0,0,0,0,0,0,0,0,0,0,0,0,0,0,0,0,0,0,0,0,0,0,0,0,0,0,0,0,0,0,0,0,0,0,3,7,10,11,11,16,15,21,21,23,25,25,25,25,25,26,25,25,24,24,25,25,26,25,26,26,26,27,27,27,29,32,30,38,38,40,40,39,39,35,33,31,25,24,24,23,23,23,23,22,22,21,22,22,22,21,21,21,20,20,18,18,18,17,16,13,16,15,-50,0,0,0,0,0,0,0,0,0,0,0,0,0,0,0,0,0,0,0,0,0,0,0,0,0,0,0,0,0,0,0,0,0,0,0,0,0,0,0,0,0,0,0,0,0,0,0,0,0,0,0,0,0,0,0,0,0,0,0,0,0,0,0,0,0,0,0,0,0,0,0,0,0,0,0,0,0,0,0,0,0,0,0,0,0,0,0,0,0,0,0,0,0,0,0,0,0,0,0,0,0,0,0,0,0,0,0,0,0,0,0,0,0,0,0,0,0,0,0,0,0,0,0,0,0,0,0,0,0,0,0,0,0,0,0,0,0,0,0,0,0,0,0,0,0,0,0,0,0,0,0,0,0,0,0,0,0,0,0,0,0,0,0,0,0,0,0,0,0,0,0,0,0,0,0,0,0,0,0,0,0,0,0,0,0,0,0,0,0,0,0,0,0,0,0,0,0,0,0,0,0,0,0,0,0,0,0,0,0,0,0,0,0,0,0,0,0,0,0,0,0,0,0,0,0,0,0,0,0,0,0,0,0,0,0,0,0,0,0,0,0,0,0,0,0,0,0,0,0,0,0,0,0,0,0,0,0,0,0,0,0,0,0,0,0,0,0,0,0,0,0,0,0,0,0,0,0,0,0,0,0,0,0,0,0,0,0,0,0,0,0,0,0,0,0,0,0,0,0,0,0,0,0,0,0,0,0,0,0,0,0,0,0,0,0,0,0,
198,0,0,0,0,0,0,0,0,0,0,0,0,0,0,0,0,0,0,0,0,0,0,0,0,0,0,0,0,0,0,0,0,0,0,0,0,0,1,5,10,11,9,10,11,19,21,16,25,25,21,24,23,24,23,24,23,24,24,24,24,25,25,25,25,25,26,26,27,27,28,28,28,28,39,39,39,40,36,37,37,31,24,23,23,23,22,22,21,21,21,21,20,21,20,20,20,19,17,17,17,17,17,16,15,1,-90,0,0,0,0,0,0,0,0,0,0,0,0,0,0,0,0,0,0,0,0,0,0,0,0,0,0,0,0,0,0,0,0,0,0,0,0,0,0,0,0,0,0,0,0,0,0,0,0,0,0,0,0,0,0,0,0,0,0,0,0,0,0,0,0,0,0,0,0,0,0,0,0,0,0,0,0,0,0,0,0,0,0,0,0,0,0,0,0,0,0,0,0,0,0,0,0,0,0,0,0,0,0,0,0,0,0,0,0,0,0,0,0,0,0,0,0,0,0,0,0,0,0,0,0,0,0,0,0,0,0,0,0,0,0,0,0,0,0,0,0,0,0,0,0,0,0,0,0,0,0,0,0,0,0,0,0,0,0,0,0,0,0,0,0,0,0,0,0,0,0,0,0,0,0,0,0,0,0,0,0,0,0,0,0,0,0,0,0,0,0,0,0,0,0,0,0,0,0,0,0,0,0,0,0,0,0,0,0,0,0,0,0,0,0,0,0,0,0,0,0,0,0,0,0,0,0,0,0,0,0,0,0,0,0,0,0,0,0,0,0,0,0,0,0,0,0,0,0,0,0,0,0,0,0,0,0,0,0,0,0,0,0,0,0,0,0,0,0,0,0,0,0,0,0,0,0,0,0,0,0,0,0,0,0,0,0,0,0,0,0,0,0,0,0,0,0,0,0,0,0,0,0,0,0,0,0,0,0,0,0,0,0,0,0,0,0,0,
199,0,0,0,0,0,0,0,0,0,0,0,0,0,0,0,0,0,0,0,0,0,0,0,0,0,0,0,0,0,0,0,0,0,0,0,0,0,0,0,9,11,11,8,7,9,22,19,21,19,22,21,22,22,22,22,22,22,22,22,23,23,24,24,24,24,24,25,26,25,25,26,26,28,37,36,36,37,34,37,37,36,34,29,30,27,23,21,20,19,19,18,18,18,18,18,16,16,15,15,15,15,16,15,14,6,-10,0,0,0,0,0,0,0,0,0,0,0,0,0,0,0,0,0,0,0,0,0,0,0,0,0,0,0,0,0,0,0,0,0,0,0,0,0,0,0,0,0,0,0,0,0,0,0,0,0,0,0,0,0,0,0,0,0,0,0,0,0,0,0,0,0,0,0,0,0,0,0,0,0,0,0,0,0,0,0,0,0,0,0,0,0,0,0,0,0,0,0,0,0,0,0,0,0,0,0,0,0,0,0,0,0,0,0,0,0,0,0,0,0,0,0,0,0,0,0,0,0,0,0,0,0,0,0,0,0,0,0,0,0,0,0,0,0,0,0,0,0,0,0,0,0,0,0,0,0,0,0,0,0,0,0,0,0,0,0,0,0,0,0,0,0,0,0,0,0,0,0,0,0,0,0,0,0,0,0,0,0,0,0,0,0,0,0,0,0,0,0,0,0,0,0,0,0,0,0,0,0,0,0,0,0,0,0,0,0,0,0,0,0,0,0,0,0,0,0,0,0,0,0,0,0,0,0,0,0,0,0,0,0,0,0,0,0,0,0,0,0,0,0,0,0,0,0,0,0,0,0,0,0,0,0,0,0,0,0,0,0,0,0,0,0,0,0,0,0,0,0,0,0,0,0,0,0,0,0,0,0,0,0,0,0,0,0,0,0,0,0,0,0,0,0,0,0,0,0,0,0,0,0,0,0,0,0,0,0,0,0,0,0,0,0,0,0,
200,0,0,0,0,0,0,0,0,0,0,0,0,0,0,0,0,0,0,0,0,0,0,0,0,0,0,0,0,0,0,0,0,0,0,0,0,0,0,0,-2,4,11,13,12,6,9,15,16,17,20,18,20,21,21,21,21,21,21,21,22,22,22,23,23,23,23,24,23,23,23,24,24,25,25,25,30,28,28,32,32,35,34,36,36,32,33,24,21,15,16,15,15,15,15,14,14,13,12,12,12,13,14,11,9,6,16,14,-6,-2,0,0,0,0,0,0,0,0,0,0,0,0,0,0,0,-40,-2,0,0,0,0,0,0,0,0,0,0,0,0,0,0,0,0,0,0,0,0,0,0,0,0,0,0,0,0,0,0,0,0,0,0,0,0,0,0,0,0,0,0,0,0,0,0,0,0,0,0,0,0,0,0,0,0,0,0,0,0,0,0,0,0,0,0,0,0,0,0,0,0,0,0,0,0,0,0,0,0,0,0,0,0,0,0,0,0,0,0,0,0,0,0,0,0,0,0,0,0,0,0,0,0,0,0,0,0,0,0,0,0,0,0,0,0,0,0,0,0,0,0,0,0,0,0,0,0,0,0,0,0,0,0,0,0,0,0,0,0,0,0,0,0,0,0,0,0,0,0,0,0,0,0,0,0,0,0,0,0,0,0,0,0,0,0,0,0,0,0,0,0,0,0,0,0,0,0,0,0,0,0,0,0,0,0,0,0,0,0,0,0,0,0,0,0,0,0,0,0,0,0,0,0,0,0,0,0,0,0,0,0,0,0,0,0,0,0,0,0,0,0,0,0,0,0,0,0,0,0,0,0,0,0,0,0,0,0,0,0,0,0,0,0,0,0,0,0,0,0,0,0,0,0,0,0,0,0,0,0,0,0,0,0,0,0,0,0,0,0,0,0,0,0,0,0,0,0,0,0,0,0,0,0,0,0,0,0,0,0,0,0,0,0,0,0,0,
201,0,0,0,0,0,0,0,0,0,0,0,0,0,0,0,0,0,0,0,0,0,0,0,0,0,0,0,0,0,0,0,0,0,0,0,0,0,0,0,0,0,7,9,14,13,14,10,13,16,19,20,17,21,21,21,21,21,21,21,22,22,22,22,22,22,22,23,23,23,23,22,23,24,24,24,26,27,27,25,23,29,27,34,32,32,32,32,31,30,16,14,16,15,15,14,14,12,11,11,11,11,9,4,3,5,4,7,3,-5,-4,-3,0,0,0,0,0,0,0,0,0,0,0,-3,6,6,0,0,0,0,0,0,0,0,0,0,0,0,0,0,0,0,0,0,0,0,0,0,0,0,0,0,0,0,0,0,0,0,0,0,0,0,0,0,0,0,0,0,0,0,0,0,0,0,0,0,0,0,0,0,0,0,0,0,0,0,0,0,0,0,0,0,0,0,0,0,0,0,0,0,0,0,0,0,0,0,0,0,0,0,0,0,0,0,0,0,0,0,0,0,0,0,0,0,0,0,0,0,0,0,0,0,0,0,0,0,0,0,0,0,0,0,0,0,0,0,0,0,0,0,0,0,0,0,0,0,0,0,0,0,0,0,0,0,0,0,0,0,0,0,0,0,0,0,0,0,0,0,0,0,0,0,0,0,0,0,0,0,0,0,0,0,0,0,0,0,0,0,0,0,0,0,0,0,0,0,0,0,0,0,0,0,0,0,0,0,0,0,0,0,0,0,0,0,0,0,0,0,0,0,0,0,0,0,0,0,0,0,0,0,0,0,0,0,0,0,0,0,0,0,0,0,0,0,0,0,0,0,0,0,0,0,0,0,0,0,0,0,0,0,0,0,0,0,0,0,0,0,0,0,0,0,0,0,0,0,0,0,0,0,0,0,0,0,0,0,0,0,0,0,0,0,0,0,0,0,0,0,0,0,0,0,0,0,0,0,0,0,0,0,0,0,0,0,
202,0,0,0,0,0,0,0,0,0,0,0,0,0,0,0,0,0,0,0,0,0,0,0,0,0,0,0,0,0,0,0,0,0,0,0,0,0,0,0,0,0,0,-2,6,9,11,17,17,17,17,13,15,16,20,21,21,21,21,21,22,24,24,23,23,23,22,22,21,21,21,21,20,21,23,23,23,23,25,25,24,26,28,28,22,21,21,33,32,30,27,27,27,25,24,20,18,16,13,10,9,9,9,6,4,2,2,1,3,2,2,1,0,1,3,7,-4,0,7,7,5,4,5,0,0,0,0,0,0,0,0,0,0,0,0,0,0,0,0,0,0,0,0,0,0,0,0,0,0,0,0,0,0,0,0,0,0,0,0,0,0,0,0,0,0,0,0,0,0,0,0,0,0,0,0,0,0,0,0,0,0,0,0,0,0,0,0,0,0,0,0,0,0,0,0,0,0,0,0,0,0,0,0,0,0,0,0,0,0,0,0,0,0,0,0,0,0,0,0,0,0,0,0,0,0,0,0,0,0,0,0,0,0,0,0,0,0,0,0,0,0,0,0,0,0,0,0,0,0,0,0,0,0,0,0,0,0,0,0,0,0,0,0,0,0,0,0,0,0,0,0,0,0,0,0,0,0,0,0,0,0,0,0,0,0,0,0,0,0,0,0,0,0,0,0,0,0,0,0,0,0,0,0,0,0,0,0,0,0,0,0,0,0,0,0,0,0,0,0,0,0,0,0,0,0,0,0,0,0,0,0,0,0,0,0,0,0,0,0,0,0,0,0,0,0,0,0,0,0,0,0,0,0,0,0,0,0,0,0,0,0,0,0,0,0,0,0,0,0,0,0,0,0,0,0,0,0,0,0,0,0,0,0,0,0,0,0,0,0,0,0,0,0,0,0,0,0,0,0,0,0,0,0,0,0,0,0,0,0,0,0,0,0,0,0,0,0,0,0,0,0,0,0,0,
203,0,0,0,0,0,0,0,0,0,0,0,0,0,0,0,0,0,0,0,0,0,0,0,0,0,0,0,0,0,0,0,0,0,0,0,0,0,0,0,0,0,0,-3,5,6,7,12,16,16,18,18,17,18,18,20,21,21,21,22,23,23,23,23,23,23,23,22,21,20,20,20,20,21,22,22,23,23,22,24,24,23,22,21,20,20,20,30,28,28,27,29,26,26,24,20,19,16,13,11,9,8,8,3,2,2,4,4,4,4,8,5,3,3,4,4,5,-4,5,0,0,0,0,0,0,0,0,0,0,0,0,0,0,0,0,0,0,0,0,0,0,0,0,0,0,0,0,0,0,0,0,0,0,0,0,0,0,0,0,0,0,0,0,0,0,0,0,0,0,0,0,0,0,0,0,0,0,0,0,0,0,0,0,0,0,0,0,0,0,0,0,0,0,0,0,0,0,0,0,0,0,0,0,0,0,0,0,0,0,0,0,0,0,0,0,0,0,0,0,0,0,0,0,0,0,0,0,0,0,0,0,0,0,0,0,0,0,0,0,0,0,0,0,0,0,0,0,0,0,0,0,0,0,0,0,0,0,0,0,0,0,0,0,0,0,0,0,0,0,0,0,0,0,0,0,0,0,0,0,0,0,0,0,0,0,0,0,0,0,0,0,0,0,0,0,0,0,0,0,0,0,0,0,0,0,0,0,0,0,0,0,0,0,0,0,0,0,0,0,0,0,0,0,0,0,0,0,0,0,0,0,0,0,0,0,0,0,0,0,0,0,0,0,0,0,0,0,0,0,0,0,0,0,0,0,0,0,0,0,0,0,0,0,0,0,0,0,0,0,0,0,0,0,0,0,0,0,0,0,0,0,0,0,0,0,0,0,0,0,0,0,0,0,0,0,0,0,0,0,0,0,0,0,0,0,0,0,0,0,0,0,0,0,0,0,0,0,0,0,0,0,0,0,0,
204,0,0,0,0,0,0,0,0,0,0,0,0,0,0,0,0,0,0,0,0,0,0,0,0,0,0,0,0,0,0,0,0,0,0,0,0,0,0,0,0,0,0,0,-2,1,1,2,1,5,18,16,14,10,16,13,17,19,20,20,20,20,19,21,21,21,21,20,18,16,18,19,18,19,19,19,19,19,20,19,20,19,19,19,19,18,18,18,19,19,25,24,23,22,20,18,17,15,12,12,9,8,7,5,4,3,3,4,1,1,0,0,0,0,0,0,0,0,0,0,0,0,0,0,0,0,0,0,0,0,0,0,0,0,0,0,0,0,0,0,0,0,0,0,0,0,0,0,0,0,0,0,0,0,0,0,0,0,0,0,0,0,0,0,0,0,0,0,0,0,0,0,0,0,0,0,0,0,0,0,0,0,0,0,0,0,0,0,0,0,0,0,0,0,0,0,0,0,0,0,0,0,0,0,0,0,0,0,0,0,0,0,0,0,0,0,0,0,0,0,0,0,0,0,0,0,0,0,0,0,0,0,0,0,0,0,0,0,0,0,0,0,0,0,0,0,0,0,0,0,0,0,0,0,0,0,0,0,0,0,0,0,0,0,0,0,0,0,0,0,0,0,0,0,0,0,0,0,0,0,0,0,0,0,0,0,0,0,0,0,0,0,0,0,0,0,0,0,0,0,0,0,0,0,0,0,0,0,0,0,0,0,0,0,0,0,0,0,0,0,0,0,0,0,0,0,0,0,0,0,0,0,0,0,0,0,0,0,0,0,0,0,0,0,0,0,0,0,0,0,0,0,0,0,0,0,0,0,0,0,0,0,0,0,0,0,0,0,0,0,0,0,0,0,0,0,0,0,0,0,0,0,0,0,0,0,0,0,0,0,0,0,0,0,0,0,0,0,0,0,0,0,0,0,0,0,0,0,0,0,0,0,0,0,0,0,0,0,0,0,0,0,0,0,
205,0,0,0,0,0,0,0,0,0,0,0,0,0,0,0,0,0,0,0,0,0,0,0,0,0,0,0,0,0,0,0,0,0,0,0,0,0,0,0,0,0,0,0,0,0,0,0,0,0,0,0,0,0,0,0,0,1,6,15,16,19,19,19,17,16,18,17,19,15,15,13,12,11,10,10,12,10,15,15,15,14,16,14,16,16,16,16,16,16,17,17,17,16,15,14,15,13,11,10,8,7,6,4,4,3,2,-52,0,0,0,0,0,0,0,0,0,0,0,0,0,0,0,0,0,0,0,0,0,0,0,0,0,0,0,0,0,0,0,0,0,0,0,0,0,0,0,0,0,0,0,0,0,0,0,0,0,0,0,0,0,0,0,0,0,0,0,0,0,0,0,0,0,0,0,0,0,0,0,0,0,0,0,0,0,0,0,0,0,0,0,0,0,0,0,0,0,0,0,0,0,0,0,0,0,0,0,0,0,0,0,0,0,0,0,0,0,0,0,0,0,0,0,0,0,0,0,0,0,0,0,0,0,0,0,0,0,0,0,0,0,0,0,0,0,0,0,0,0,0,0,0,0,0,0,0,0,0,0,0,0,0,0,0,0,0,0,0,0,0,0,0,0,0,0,0,0,0,0,0,0,0,0,0,0,0,0,0,0,0,0,0,0,0,0,0,0,0,0,0,0,0,0,0,0,0,0,0,0,0,0,0,0,0,0,0,0,0,0,0,0,0,0,0,0,0,0,0,0,0,0,0,0,0,0,0,0,0,0,0,0,0,0,0,0,0,0,0,0,0,0,0,0,0,0,0,0,0,0,0,0,0,0,0,0,0,0,0,0,0,0,0,0,0,0,0,0,0,0,0,0,0,0,0,0,0,0,0,0,0,0,0,0,0,0,0,0,0,0,0,0,0,0,0,0,0,0,0,0,0,0,0,0,0,0,0,0,0,0,0,0,0,0,0,
206,0,0,0,0,0,0,0,0,0,0,0,0,0,0,0,0,0,0,0,0,0,0,0,0,0,0,0,0,0,0,0,0,0,0,0,0,0,0,0,0,0,0,0,0,0,0,0,0,0,0,0,0,0,0,0,0,0,0,1,6,16,16,16,15,15,15,14,13,14,13,12,12,0,2,3,11,10,11,11,11,11,10,11,12,12,15,15,15,15,15,16,16,15,14,13,13,12,10,9,7,7,5,4,3,0,-6,0,0,0,0,0,0,0,0,0,0,0,0,0,0,0,0,0,0,0,0,0,0,0,0,0,0,0,0,0,0,0,0,0,0,0,0,0,0,0,0,0,0,0,0,0,0,0,0,0,0,0,0,0,0,0,0,0,0,0,0,0,0,0,0,0,0,0,0,0,0,0,0,0,0,0,0,0,0,0,0,0,0,0,0,0,0,0,0,0,0,0,0,0,0,0,0,0,0,0,0,0,0,0,0,0,0,0,0,0,0,0,0,0,0,0,0,0,0,0,0,0,0,0,0,0,0,0,0,0,0,0,0,0,0,0,0,0,0,0,0,0,0,0,0,0,0,0,0,0,0,0,0,0,0,0,0,0,0,0,0,0,0,0,0,0,0,0,0,0,0,0,0,0,0,0,0,0,0,0,0,0,0,0,0,0,0,0,0,0,0,0,0,0,0,0,0,0,0,0,0,0,0,0,0,0,0,0,0,0,0,0,0,0,0,0,0,0,0,0,0,0,0,0,0,0,0,0,0,0,0,0,0,0,0,0,0,0,0,0,0,0,0,0,0,0,0,0,0,0,0,0,0,0,0,0,0,0,0,0,0,0,0,0,0,0,0,0,0,0,0,0,0,0,0,0,0,0,0,0,0,0,0,0,0,0,0,0,0,0,0,0,0,0,0,0,0,0,0,0,0,0,0,0,0,0,0,0,0,0,0,0,0,0,0,0,0,0,
207,0,0,0,0,0,0,0,0,0,0,0,0,0,0,0,0,0,0,0,0,0,0,0,0,0,0,0,0,0,0,0,0,0,0,0,0,0,0,0,0,0,0,0,0,0,0,0,0,0,0,0,0,0,0,0,0,0,0,0,0,0,0,0,0,0,0,0,0,6,-2,5,5,0,1,1,-3,1,1,1,2,7,8,3,7,7,10,11,11,11,12,12,12,12,11,10,10,9,8,7,6,5,4,2,-16,0,0,0,0,0,0,0,0,0,0,0,0,0,0,0,0,0,0,0,0,0,0,0,0,0,0,0,0,0,0,0,0,0,0,0,0,0,0,0,0,0,0,0,0,0,0,0,0,0,0,0,0,0,0,0,0,0,0,0,0,0,0,0,0,0,0,0,0,0,0,0,0,0,0,0,0,0,0,0,0,0,0,0,0,0,0,0,0,0,0,0,0,0,0,0,0,0,0,0,0,0,0,0,0,0,0,0,0,0,0,0,0,0,0,0,0,0,0,0,0,0,0,0,0,0,0,0,0,0,0,0,0,0,0,0,0,0,0,0,0,0,0,0,0,0,0,0,0,0,0,0,0,0,0,0,0,0,0,0,0,0,0,0,0,0,0,0,0,0,0,0,0,0,0,0,0,0,0,0,0,0,0,0,0,0,0,0,0,0,0,0,0,0,0,0,0,0,0,0,0,0,0,0,0,0,0,0,0,0,0,0,0,0,0,0,0,0,0,0,0,0,0,0,0,0,0,0,0,0,0,0,0,0,0,0,0,0,0,0,0,0,0,0,0,0,0,0,0,0,0,0,0,0,0,0,0,0,0,0,0,0,0,0,0,0,0,0,0,0,0,0,0,0,0,0,0,0,0,0,0,0,0,0,0,0,0,0,0,0,0,0,0,0,0,0,0,0,0,0,0,0,0,0,0,0,0,0,0,0,0,0,0,0,0,0,0,0,0,0,
208,0,0,0,0,0,0,0,0,0,0,0,0,0,0,0,0,0,0,0,0,0,0,0,0,0,0,0,0,0,0,0,0,0,0,0,0,0,0,0,0,0,0,0,0,0,0,0,0,0,0,0,0,0,0,0,0,0,0,0,0,0,0,0,0,0,0,0,0,0,0,0,0,0,0,0,0,0,0,0,0,0,0,0,-8,7,12,8,6,7,8,5,8,9,8,7,7,7,6,5,2,2,0,0,0,0,0,0,0,0,0,0,0,0,0,0,0,0,0,0,0,0,0,0,0,0,0,0,0,0,0,0,0,0,0,0,0,0,0,0,0,0,0,0,0,0,0,0,0,0,0,0,0,0,0,0,0,0,0,0,0,0,0,0,0,0,0,0,0,0,0,0,0,0,0,0,0,0,0,0,0,0,0,0,0,0,0,0,0,0,0,0,0,0,0,0,0,0,0,0,0,0,0,0,0,0,0,0,0,0,0,0,0,0,0,0,0,0,0,0,0,0,0,0,0,0,0,0,0,0,0,0,0,0,0,0,0,0,0,0,0,0,0,0,0,0,0,0,0,0,0,0,0,0,0,0,0,0,0,0,0,0,0,0,0,0,0,0,0,0,0,0,0,0,0,0,0,0,0,0,0,0,0,0,0,0,0,0,0,0,0,0,0,0,0,0,0,0,0,0,0,0,0,0,0,0,0,0,0,0,0,0,0,0,0,0,0,0,0,0,0,0,0,0,0,0,0,0,0,0,0,0,0,0,0,0,0,0,0,0,0,0,0,0,0,0,0,0,0,0,0,0,0,0,0,0,0,0,0,0,0,0,0,0,0,0,0,0,0,0,0,0,0,0,0,0,0,0,0,0,0,0,0,0,0,0,0,0,0,0,0,0,0,0,0,0,0,0,0,0,0,0,0,0,0,0,0,0,0,0,0,0,0,0,0,0,0,0,0,0,0,0,0,0,
209,0,0,0,0,0,0,0,0,0,0,0,0,0,0,0,0,0,0,0,0,0,0,0,0,0,0,0,0,0,0,0,0,0,0,0,0,0,0,0,0,0,0,0,0,0,0,0,0,0,0,0,0,0,0,0,0,0,0,0,0,0,0,0,0,0,0,0,0,0,0,0,0,0,0,0,0,0,0,0,0,0,0,0,0,0,13,2,3,4,1,2,4,7,5,6,6,4,1,1,0,0,0,0,0,0,0,0,0,0,0,0,0,0,0,0,0,0,0,0,0,0,0,0,0,0,0,0,0,0,0,0,0,0,0,0,0,0,0,0,0,0,0,0,0,0,0,0,0,0,0,0,0,0,0,0,0,0,0,0,0,0,0,0,0,0,0,0,0,0,0,0,0,0,0,0,0,0,0,0,0,0,0,0,0,0,0,0,0,0,0,0,0,0,0,0,0,0,0,0,0,0,0,0,0,0,0,0,0,0,0,0,0,0,0,0,0,0,0,0,0,0,0,0,0,0,0,0,0,0,0,0,0,0,0,0,0,0,0,0,0,0,0,0,0,0,0,0,0,0,0,0,0,0,0,0,0,0,0,0,0,0,0,0,0,0,0,0,0,0,0,0,0,0,0,0,0,0,0,0,0,0,0,0,0,0,0,0,0,0,0,0,0,0,0,0,0,0,0,0,0,0,0,0,0,0,0,0,0,0,0,0,0,0,0,0,0,0,0,0,0,0,0,0,0,0,0,0,0,0,0,0,0,0,0,0,0,0,0,0,0,0,0,0,0,0,0,0,0,0,0,0,0,0,0,0,0,0,0,0,0,0,0,0,0,0,0,0,0,0,0,0,0,0,0,0,0,0,0,0,0,0,0,0,0,0,0,0,0,0,0,0,0,0,0,0,0,0,0,0,0,0,0,0,0,0,0,0,0,0,0,0,0,0,0,0,0,0,0,0,0,0,0,0,
210,0,0,0,0,0,0,0,0,0,0,0,0,0,0,0,0,0,0,0,0,0,0,0,0,0,0,0,0,0,0,0,0,0,0,0,0,0,0,0,0,0,0,0,0,0,0,0,0,0,0,0,0,0,0,0,0,0,0,0,0,0,0,0,0,0,0,0,0,0,0,0,0,0,0,0,0,0,0,0,0,0,0,0,0,0,0,0,0,0,0,0,0,0,0,0,0,0,0,0,0,0,0,0,0,0,0,0,0,0,0,0,0,0,0,0,0,0,0,0,0,0,0,0,0,0,0,0,0,0,0,0,0,0,0,0,0,0,0,0,0,0,0,0,0,0,0,0,0,0,0,0,0,0,0,0,0,0,0,0,0,0,0,0,0,0,0,0,0,0,0,0,0,0,0,0,0,0,0,0,0,0,0,0,0,0,0,0,0,0,0,0,0,0,0,0,0,0,0,0,0,0,0,0,0,0,0,0,0,0,0,0,0,0,0,0,0,0,0,0,0,0,0,0,0,0,0,0,0,0,0,0,0,0,0,0,0,0,0,0,0,0,0,0,0,0,0,0,0,0,0,0,0,0,0,0,0,0,0,0,0,0,0,0,0,0,0,0,0,0,0,0,0,0,0,0,0,0,0,0,0,0,0,0,0,0,0,0,0,0,0,0,0,0,0,0,0,0,0,0,0,0,0,0,0,0,0,0,0,0,0,0,0,0,0,0,0,0,0,0,0,0,0,0,0,0,0,0,0,0,0,0,0,0,0,0,0,0,0,0,0,0,0,0,0,0,0,0,0,0,0,0,0,0,0,0,0,0,0,0,0,0,0,0,0,0,0,0,0,0,0,0,0,0,0,0,0,0,0,0,0,0,0,0,0,0,0,0,0,0,0,0,0,0,0,0,0,0,0,0,0,0,0,0,0,0,0,0,0,0,0,0,0,0,0,0,0,0,0,0,0,0,0,0,
211,0,0,0,0,0,0,0,0,0,0,0,0,0,0,0,0,0,0,0,0,0,0,0,0,0,0,0,0,0,0,0,0,0,0,0,0,0,0,0,0,0,0,0,0,0,0,0,0,0,0,0,0,0,0,0,0,0,0,0,0,0,0,0,0,0,0,0,0,0,0,0,0,0,0,0,0,0,0,0,0,0,0,0,0,0,0,0,0,0,0,0,0,0,0,0,0,0,0,0,0,0,0,0,0,0,0,0,0,0,0,0,0,0,0,0,0,0,0,0,0,0,0,0,0,0,0,0,0,0,0,0,0,0,0,0,0,0,0,0,0,0,0,0,0,0,0,0,0,0,0,0,0,0,0,0,0,0,0,0,0,0,0,0,0,0,0,0,0,0,0,0,0,0,0,0,0,0,0,0,0,0,0,0,0,0,0,0,0,0,0,0,0,0,0,0,0,0,0,0,0,0,0,0,0,0,0,0,0,0,0,0,0,0,0,0,0,0,0,0,0,0,0,0,0,0,0,0,0,0,0,0,0,0,0,0,0,0,0,0,0,0,0,0,0,0,0,0,0,0,0,0,0,0,0,0,0,0,0,0,0,0,0,0,0,0,0,0,0,0,0,0,0,0,0,0,0,0,0,0,0,0,0,0,0,0,0,0,0,0,0,0,0,0,0,0,0,0,0,0,0,0,0,0,0,0,0,0,0,0,0,0,0,0,0,0,0,0,0,0,0,0,0,0,0,0,0,0,0,0,0,0,0,0,0,0,0,0,0,0,0,0,0,0,0,0,0,0,0,0,0,0,0,0,0,0,0,0,0,0,0,0,0,0,0,0,0,0,0,0,0,0,0,0,0,0,0,0,0,0,0,0,0,0,0,0,0,0,0,0,0,0,0,0,0,0,0,0,0,0,0,0,0,0,0,0,0,0,0,0,0,0,0,0,0,0,0,0,0,0,0,0,0,0,
212,0,0,0,0,0,0,0,0,0,0,0,0,0,0,0,0,0,0,0,0,0,0,0,0,0,0,0,0,0,0,0,0,0,0,0,0,0,0,0,0,0,0,0,0,0,0,0,0,0,0,0,0,0,0,0,0,0,0,0,0,0,0,0,0,0,0,0,0,0,0,0,0,0,0,0,0,0,0,0,0,0,0,0,0,0,0,0,0,0,0,0,0,0,0,0,0,0,0,0,0,0,0,0,0,0,0,0,0,0,0,0,0,0,0,0,0,0,0,0,0,0,0,0,0,0,0,0,0,0,0,0,0,0,0,0,0,0,0,0,0,0,0,0,0,0,0,0,0,0,0,0,0,0,0,0,0,0,0,0,0,0,0,0,0,0,0,0,0,0,0,0,0,0,0,0,0,0,0,0,0,0,0,0,0,0,0,0,0,0,0,0,0,0,0,0,0,0,0,0,0,0,0,0,0,0,0,0,0,0,0,0,0,0,0,0,0,0,0,0,0,0,0,0,0,0,0,0,0,0,0,0,0,0,0,0,0,0,0,0,0,0,0,0,0,0,0,0,0,0,0,0,0,0,0,0,0,0,0,0,0,0,0,0,0,0,0,0,0,0,0,0,0,0,0,0,0,0,0,0,0,0,0,0,0,0,0,0,0,0,0,0,0,0,0,0,0,0,0,0,0,0,0,0,0,0,0,0,0,0,0,0,0,0,0,0,0,0,0,0,0,0,0,0,0,0,0,0,0,0,0,0,0,0,0,0,0,0,0,0,0,0,0,0,0,0,0,0,0,0,0,0,0,0,0,0,0,0,0,0,0,0,0,0,0,0,0,0,0,0,0,0,0,0,0,0,0,0,0,0,0,0,0,0,0,0,0,0,0,0,0,0,0,0,0,0,0,0,0,0,0,0,0,0,0,0,0,0,0,0,0,0,0,0,0,0,0,0,0,0,0,0,0,0,
